[2026-07-09 16:07:07] TRADE MATCHED: Ticker: TATAMOTORS | Buy Order: 12 | Sell Order: 9 | Price: ₹608.12 | Qty: 12 | Total: ₹7297.44
[2026-07-09 16:08:05] TRADE MATCHED: Ticker: TATAMOTORS | Buy Order: 14 | Sell Order: 9 | Price: ₹608.12 | Qty: 1 | Total: ₹608.12
[2026-07-09 16:08:06] TRADE MATCHED: Ticker: TATAMOTORS | Buy Order: 14 | Sell Order: 5 | Price: ₹609.05 | Qty: 6 | Total: ₹3654.30
[2026-07-09 16:08:06] TRADE MATCHED: Ticker: HDFCBANK | Buy Order: 15 | Sell Order: 3 | Price: ₹1617.93 | Qty: 2 | Total: ₹3235.86
[2026-07-09 16:08:09] TRADE MATCHED: Ticker: TATAMOTORS | Buy Order: 14 | Sell Order: 17 | Price: ₹618.26 | Qty: 5 | Total: ₹3091.30
[2026-07-09 16:08:12] TRADE MATCHED: Ticker: SUNPHARMA | Buy Order: 21 | Sell Order: 16 | Price: ₹1133.46 | Qty: 2 | Total: ₹2266.92
[2026-07-09 16:08:12] TRADE MATCHED: Ticker: RELIANCE | Buy Order: 4 | Sell Order: 23 | Price: ₹2500.00 | Qty: 6 | Total: ₹15000.00
[2026-07-09 16:08:15] TRADE MATCHED: Ticker: HDFCBANK | Buy Order: 24 | Sell Order: 3 | Price: ₹1617.93 | Qty: 2 | Total: ₹3235.86
[2026-07-09 16:14:42] TRADE MATCHED: Ticker: SUNPHARMA | Buy Order: 29 | Sell Order: 16 | Price: ₹1133.46 | Qty: 2 | Total: ₹2266.92
[2026-07-09 16:14:46] TRADE MATCHED: Ticker: RELIANCE | Buy Order: 30 | Sell Order: 34 | Price: ₹2533.21 | Qty: 3 | Total: ₹7599.63
[2026-07-09 16:14:46] TRADE MATCHED: Ticker: SUNPHARMA | Buy Order: 36 | Sell Order: 16 | Price: ₹1133.46 | Qty: 6 | Total: ₹6800.76
[2026-07-09 16:14:46] TRADE MATCHED: Ticker: TCS | Buy Order: 37 | Sell Order: 10 | Price: ₹3363.65 | Qty: 4 | Total: ₹13454.60
[2026-07-09 16:14:52] TRADE MATCHED: Ticker: TATAMOTORS | Buy Order: 48 | Sell Order: 22 | Price: ₹605.98 | Qty: 7 | Total: ₹4241.86
[2026-07-09 16:14:54] TRADE MATCHED: Ticker: RELIANCE | Buy Order: 50 | Sell Order: 44 | Price: ₹2517.93 | Qty: 14 | Total: ₹35251.02
[2026-07-09 16:14:55] TRADE MATCHED: Ticker: HDFCBANK | Buy Order: 54 | Sell Order: 26 | Price: ₹1614.71 | Qty: 5 | Total: ₹8073.55
[2026-07-09 16:14:56] TRADE MATCHED: Ticker: TATAMOTORS | Buy Order: 49 | Sell Order: 55 | Price: ₹605.16 | Qty: 7 | Total: ₹4236.12
[2026-07-09 16:14:58] TRADE MATCHED: Ticker: TATAMOTORS | Buy Order: 59 | Sell Order: 22 | Price: ₹605.98 | Qty: 4 | Total: ₹2423.92
[2026-07-09 16:15:00] TRADE MATCHED: Ticker: HDFCBANK | Buy Order: 61 | Sell Order: 26 | Price: ₹1614.71 | Qty: 7 | Total: ₹11302.97
[2026-07-09 16:15:00] TRADE MATCHED: Ticker: HDFCBANK | Buy Order: 61 | Sell Order: 3 | Price: ₹1617.93 | Qty: 6 | Total: ₹9707.58
[2026-07-09 16:15:01] TRADE MATCHED: Ticker: RELIANCE | Buy Order: 40 | Sell Order: 63 | Price: ₹2559.82 | Qty: 5 | Total: ₹12799.10
[2026-07-09 16:15:02] TRADE MATCHED: Ticker: RELIANCE | Buy Order: 40 | Sell Order: 65 | Price: ₹2559.82 | Qty: 4 | Total: ₹10239.28
[2026-07-09 16:15:02] TRADE MATCHED: Ticker: RELIANCE | Buy Order: 38 | Sell Order: 65 | Price: ₹2541.88 | Qty: 3 | Total: ₹7625.64
[2026-07-09 16:15:05] TRADE MATCHED: Ticker: HDFCBANK | Buy Order: 69 | Sell Order: 26 | Price: ₹1614.71 | Qty: 8 | Total: ₹12917.68
[2026-07-09 16:15:07] TRADE MATCHED: Ticker: SUNPHARMA | Buy Order: 39 | Sell Order: 74 | Price: ₹1140.02 | Qty: 5 | Total: ₹5700.10
[2026-07-09 16:15:08] TRADE MATCHED: Ticker: SUNPHARMA | Buy Order: 36 | Sell Order: 74 | Price: ₹1137.54 | Qty: 5 | Total: ₹5687.70
[2026-07-09 16:15:08] TRADE MATCHED: Ticker: SUNPHARMA | Buy Order: 27 | Sell Order: 74 | Price: ₹1132.15 | Qty: 5 | Total: ₹5660.75
[2026-07-09 16:15:08] TRADE MATCHED: Ticker: SUNPHARMA | Buy Order: 75 | Sell Order: 31 | Price: ₹1116.94 | Qty: 3 | Total: ₹3350.82
[2026-07-09 16:15:08] TRADE MATCHED: Ticker: SUNPHARMA | Buy Order: 75 | Sell Order: 60 | Price: ₹1126.15 | Qty: 2 | Total: ₹2252.30
[2026-07-09 16:15:08] TRADE MATCHED: Ticker: HDFCBANK | Buy Order: 76 | Sell Order: 26 | Price: ₹1614.71 | Qty: 4 | Total: ₹6458.84
[2026-07-09 16:15:08] TRADE MATCHED: Ticker: SUNPHARMA | Buy Order: 75 | Sell Order: 16 | Price: ₹1133.46 | Qty: 6 | Total: ₹6800.76
[2026-07-09 16:15:08] TRADE MATCHED: Ticker: HDFCBANK | Buy Order: 76 | Sell Order: 3 | Price: ₹1617.93 | Qty: 2 | Total: ₹3235.86
[2026-07-09 16:15:13] TRADE MATCHED: Ticker: HDFCBANK | Buy Order: 82 | Sell Order: 3 | Price: ₹1617.93 | Qty: 3 | Total: ₹4853.79
[2026-07-09 16:15:13] TRADE MATCHED: Ticker: HDFCBANK | Buy Order: 83 | Sell Order: 3 | Price: ₹1617.93 | Qty: 1 | Total: ₹1617.93
[2026-07-09 16:15:22] TRADE MATCHED: Ticker: HDFCBANK | Buy Order: 88 | Sell Order: 96 | Price: ₹1592.67 | Qty: 4 | Total: ₹6370.68
[2026-07-09 16:15:22] TRADE MATCHED: Ticker: TCS | Buy Order: 97 | Sell Order: 77 | Price: ₹3326.47 | Qty: 11 | Total: ₹36591.17
[2026-07-09 16:15:26] TRADE MATCHED: Ticker: TCS | Buy Order: 102 | Sell Order: 77 | Price: ₹3326.47 | Qty: 4 | Total: ₹13305.88
[2026-07-09 16:15:26] TRADE MATCHED: Ticker: TCS | Buy Order: 102 | Sell Order: 10 | Price: ₹3363.65 | Qty: 2 | Total: ₹6727.30
[2026-07-09 16:15:28] TRADE MATCHED: Ticker: HDFCBANK | Buy Order: 98 | Sell Order: 105 | Price: ₹1593.18 | Qty: 9 | Total: ₹14338.62
[2026-07-09 16:15:30] TRADE MATCHED: Ticker: SUNPHARMA | Buy Order: 86 | Sell Order: 109 | Price: ₹1145.43 | Qty: 2 | Total: ₹2290.86
[2026-07-09 16:15:31] TRADE MATCHED: Ticker: TATAMOTORS | Buy Order: 112 | Sell Order: 22 | Price: ₹605.98 | Qty: 1 | Total: ₹605.98
[2026-07-09 16:15:32] TRADE MATCHED: Ticker: TATAMOTORS | Buy Order: 112 | Sell Order: 99 | Price: ₹606.50 | Qty: 12 | Total: ₹7278.00
[2026-07-09 16:15:33] TRADE MATCHED: Ticker: TATAMOTORS | Buy Order: 115 | Sell Order: 66 | Price: ₹600.99 | Qty: 8 | Total: ₹4807.92
[2026-07-09 16:15:34] TRADE MATCHED: Ticker: TATAMOTORS | Buy Order: 115 | Sell Order: 22 | Price: ₹605.98 | Qty: 6 | Total: ₹3635.88
[2026-07-09 16:15:36] TRADE MATCHED: Ticker: SUNPHARMA | Buy Order: 86 | Sell Order: 119 | Price: ₹1145.43 | Qty: 5 | Total: ₹5727.15
[2026-07-09 16:15:37] TRADE MATCHED: Ticker: SUNPHARMA | Buy Order: 86 | Sell Order: 121 | Price: ₹1145.43 | Qty: 7 | Total: ₹8018.01
[2026-07-09 16:15:37] TRADE MATCHED: Ticker: SUNPHARMA | Buy Order: 118 | Sell Order: 121 | Price: ₹1143.80 | Qty: 1 | Total: ₹1143.80
[2026-07-09 16:15:37] TRADE MATCHED: Ticker: SUNPHARMA | Buy Order: 106 | Sell Order: 121 | Price: ₹1141.97 | Qty: 7 | Total: ₹7993.79
[2026-07-09 16:15:40] TRADE MATCHED: Ticker: TCS | Buy Order: 127 | Sell Order: 10 | Price: ₹3363.65 | Qty: 9 | Total: ₹30272.85
[2026-07-09 16:15:41] TRADE MATCHED: Ticker: TCS | Buy Order: 127 | Sell Order: 57 | Price: ₹3369.78 | Qty: 3 | Total: ₹10109.34
[2026-07-09 16:15:41] TRADE MATCHED: Ticker: HDFCBANK | Buy Order: 82 | Sell Order: 128 | Price: ₹1620.56 | Qty: 2 | Total: ₹3241.12
[2026-07-09 16:15:41] TRADE MATCHED: Ticker: TCS | Buy Order: 127 | Sell Order: 7 | Price: ₹3371.95 | Qty: 3 | Total: ₹10115.85
[2026-07-09 16:15:41] TRADE MATCHED: Ticker: HDFCBANK | Buy Order: 93 | Sell Order: 128 | Price: ₹1614.50 | Qty: 5 | Total: ₹8072.50
[2026-07-09 16:15:41] TRADE MATCHED: Ticker: SUNPHARMA | Buy Order: 129 | Sell Order: 16 | Price: ₹1133.46 | Qty: 2 | Total: ₹2266.92
[2026-07-09 16:15:45] TRADE MATCHED: Ticker: HDFCBANK | Buy Order: 98 | Sell Order: 136 | Price: ₹1593.18 | Qty: 3 | Total: ₹4779.54
[2026-07-09 16:15:45] TRADE MATCHED: Ticker: HDFCBANK | Buy Order: 88 | Sell Order: 136 | Price: ₹1592.67 | Qty: 5 | Total: ₹7963.35
[2026-07-09 16:15:47] TRADE MATCHED: Ticker: TATAMOTORS | Buy Order: 132 | Sell Order: 138 | Price: ₹612.24 | Qty: 6 | Total: ₹3673.44
[2026-07-09 16:15:47] TRADE MATCHED: Ticker: RELIANCE | Buy Order: 139 | Sell Order: 34 | Price: ₹2530.63 | Qty: 2 | Total: ₹5061.26
[2026-07-09 16:15:47] TRADE MATCHED: Ticker: RELIANCE | Buy Order: 139 | Sell Order: 56 | Price: ₹2533.57 | Qty: 3 | Total: ₹7600.71
[2026-07-09 16:15:47] TRADE MATCHED: Ticker: SUNPHARMA | Buy Order: 126 | Sell Order: 140 | Price: ₹1146.19 | Qty: 11 | Total: ₹12608.09
[2026-07-09 16:15:48] TRADE MATCHED: Ticker: TCS | Buy Order: 143 | Sell Order: 51 | Price: ₹3311.69 | Qty: 1 | Total: ₹3311.69
[2026-07-09 16:15:48] TRADE MATCHED: Ticker: TCS | Buy Order: 143 | Sell Order: 135 | Price: ₹3338.05 | Qty: 12 | Total: ₹40056.60
[2026-07-09 16:15:49] TRADE MATCHED: Ticker: TCS | Buy Order: 143 | Sell Order: 80 | Price: ₹3345.17 | Qty: 2 | Total: ₹6690.34
[2026-07-09 16:15:49] TRADE MATCHED: Ticker: HDFCBANK | Buy Order: 93 | Sell Order: 144 | Price: ₹1614.50 | Qty: 3 | Total: ₹4843.50
[2026-07-09 16:15:49] TRADE MATCHED: Ticker: HDFCBANK | Buy Order: 45 | Sell Order: 144 | Price: ₹1604.25 | Qty: 3 | Total: ₹4812.75
[2026-07-09 16:15:51] TRADE MATCHED: Ticker: HDFCBANK | Buy Order: 137 | Sell Order: 145 | Price: ₹1599.42 | Qty: 2 | Total: ₹3198.84
[2026-07-09 16:15:51] TRADE MATCHED: Ticker: HDFCBANK | Buy Order: 88 | Sell Order: 145 | Price: ₹1592.67 | Qty: 6 | Total: ₹9556.02
[2026-07-09 16:15:51] TRADE MATCHED: Ticker: HDFCBANK | Buy Order: 130 | Sell Order: 145 | Price: ₹1583.18 | Qty: 6 | Total: ₹9499.08
[2026-07-09 16:15:55] TRADE MATCHED: Ticker: RELIANCE | Buy Order: 152 | Sell Order: 56 | Price: ₹2533.57 | Qty: 3 | Total: ₹7600.71
[2026-07-09 16:15:55] TRADE MATCHED: Ticker: RELIANCE | Buy Order: 152 | Sell Order: 81 | Price: ₹2556.70 | Qty: 3 | Total: ₹7670.10
[2026-07-09 16:15:56] TRADE MATCHED: Ticker: RELIANCE | Buy Order: 154 | Sell Order: 81 | Price: ₹2556.70 | Qty: 1 | Total: ₹2556.70
[2026-07-09 16:15:56] TRADE MATCHED: Ticker: RELIANCE | Buy Order: 104 | Sell Order: 156 | Price: ₹2588.97 | Qty: 7 | Total: ₹18122.79
[2026-07-09 16:15:59] TRADE MATCHED: Ticker: TCS | Buy Order: 111 | Sell Order: 158 | Price: ₹3340.76 | Qty: 2 | Total: ₹6681.52
[2026-07-09 16:15:59] TRADE MATCHED: Ticker: TATAMOTORS | Buy Order: 159 | Sell Order: 123 | Price: ₹599.27 | Qty: 1 | Total: ₹599.27
[2026-07-09 16:15:59] TRADE MATCHED: Ticker: TATAMOTORS | Buy Order: 160 | Sell Order: 123 | Price: ₹599.27 | Qty: 9 | Total: ₹5393.43
[2026-07-09 16:16:01] TRADE MATCHED: Ticker: SUNPHARMA | Buy Order: 106 | Sell Order: 162 | Price: ₹1141.97 | Qty: 7 | Total: ₹7993.79
[2026-07-09 16:16:01] TRADE MATCHED: Ticker: SUNPHARMA | Buy Order: 27 | Sell Order: 162 | Price: ₹1132.15 | Qty: 2 | Total: ₹2264.30
[2026-07-09 16:16:01] TRADE MATCHED: Ticker: SUNPHARMA | Buy Order: 151 | Sell Order: 162 | Price: ₹1128.46 | Qty: 6 | Total: ₹6770.76
[2026-07-09 16:16:04] TRADE MATCHED: Ticker: RELIANCE | Buy Order: 166 | Sell Order: 81 | Price: ₹2556.70 | Qty: 2 | Total: ₹5113.40
[2026-07-09 16:16:06] TRADE MATCHED: Ticker: SUNPHARMA | Buy Order: 169 | Sell Order: 140 | Price: ₹1142.09 | Qty: 3 | Total: ₹3426.27
[2026-07-09 16:16:06] TRADE MATCHED: Ticker: SUNPHARMA | Buy Order: 169 | Sell Order: 58 | Price: ₹1146.30 | Qty: 3 | Total: ₹3438.90
[2026-07-09 16:16:10] TRADE MATCHED: Ticker: RELIANCE | Buy Order: 175 | Sell Order: 81 | Price: ₹2556.70 | Qty: 9 | Total: ₹23010.30
[2026-07-09 16:16:11] TRADE MATCHED: Ticker: TATAMOTORS | Buy Order: 177 | Sell Order: 123 | Price: ₹599.27 | Qty: 1 | Total: ₹599.27
[2026-07-09 16:16:12] TRADE MATCHED: Ticker: SUNPHARMA | Buy Order: 180 | Sell Order: 150 | Price: ₹1144.73 | Qty: 3 | Total: ₹3434.19
[2026-07-09 16:16:13] TRADE MATCHED: Ticker: TATAMOTORS | Buy Order: 181 | Sell Order: 123 | Price: ₹599.27 | Qty: 2 | Total: ₹1198.54
[2026-07-09 16:16:16] TRADE MATCHED: Ticker: HDFCBANK | Buy Order: 172 | Sell Order: 184 | Price: ₹1607.05 | Qty: 7 | Total: ₹11249.35
[2026-07-09 16:16:16] TRADE MATCHED: Ticker: HDFCBANK | Buy Order: 172 | Sell Order: 186 | Price: ₹1607.05 | Qty: 6 | Total: ₹9642.30
[2026-07-09 16:16:16] TRADE MATCHED: Ticker: HDFCBANK | Buy Order: 171 | Sell Order: 186 | Price: ₹1605.53 | Qty: 9 | Total: ₹14449.77
[2026-07-09 16:16:17] TRADE MATCHED: Ticker: TATAMOTORS | Buy Order: 187 | Sell Order: 22 | Price: ₹605.98 | Qty: 5 | Total: ₹3029.90
[2026-07-09 16:16:18] TRADE MATCHED: Ticker: TATAMOTORS | Buy Order: 188 | Sell Order: 22 | Price: ₹605.98 | Qty: 1 | Total: ₹605.98
[2026-07-09 16:16:19] TRADE MATCHED: Ticker: TATAMOTORS | Buy Order: 188 | Sell Order: 125 | Price: ₹606.28 | Qty: 3 | Total: ₹1818.84
[2026-07-09 16:16:19] TRADE MATCHED: Ticker: TATAMOTORS | Buy Order: 188 | Sell Order: 42 | Price: ₹608.68 | Qty: 6 | Total: ₹3652.08
[2026-07-09 16:16:19] TRADE MATCHED: Ticker: RELIANCE | Buy Order: 163 | Sell Order: 190 | Price: ₹2628.14 | Qty: 4 | Total: ₹10512.56
[2026-07-09 16:16:19] TRADE MATCHED: Ticker: SUNPHARMA | Buy Order: 151 | Sell Order: 189 | Price: ₹1128.46 | Qty: 4 | Total: ₹4513.84
[2026-07-09 16:16:21] TRADE MATCHED: Ticker: TCS | Buy Order: 157 | Sell Order: 192 | Price: ₹3328.75 | Qty: 4 | Total: ₹13315.00
[2026-07-09 16:16:21] TRADE MATCHED: Ticker: TCS | Buy Order: 193 | Sell Order: 155 | Price: ₹3351.53 | Qty: 3 | Total: ₹10054.59
[2026-07-09 16:16:21] TRADE MATCHED: Ticker: TCS | Buy Order: 193 | Sell Order: 7 | Price: ₹3371.95 | Qty: 2 | Total: ₹6743.90
[2026-07-09 16:16:24] TRADE MATCHED: Ticker: TATAMOTORS | Buy Order: 132 | Sell Order: 199 | Price: ₹612.24 | Qty: 3 | Total: ₹1836.72
[2026-07-09 16:16:24] TRADE MATCHED: Ticker: TATAMOTORS | Buy Order: 112 | Sell Order: 199 | Price: ₹611.15 | Qty: 1 | Total: ₹611.15
[2026-07-09 16:16:24] TRADE MATCHED: Ticker: TATAMOTORS | Buy Order: 195 | Sell Order: 199 | Price: ₹609.71 | Qty: 4 | Total: ₹2438.84
[2026-07-09 16:16:25] TRADE MATCHED: Ticker: RELIANCE | Buy Order: 200 | Sell Order: 78 | Price: ₹2579.68 | Qty: 10 | Total: ₹25796.80
[2026-07-09 16:16:25] TRADE MATCHED: Ticker: RELIANCE | Buy Order: 200 | Sell Order: 108 | Price: ₹2585.44 | Qty: 5 | Total: ₹12927.20
[2026-07-09 16:16:25] TRADE MATCHED: Ticker: TATAMOTORS | Buy Order: 195 | Sell Order: 201 | Price: ₹609.71 | Qty: 2 | Total: ₹1219.42
[2026-07-09 16:16:27] TRADE MATCHED: Ticker: TATAMOTORS | Buy Order: 195 | Sell Order: 205 | Price: ₹609.71 | Qty: 1 | Total: ₹609.71
[2026-07-09 16:16:27] TRADE MATCHED: Ticker: TATAMOTORS | Buy Order: 87 | Sell Order: 205 | Price: ₹605.59 | Qty: 14 | Total: ₹8478.26
[2026-07-09 16:16:28] TRADE MATCHED: Ticker: RELIANCE | Buy Order: 175 | Sell Order: 207 | Price: ₹2558.09 | Qty: 4 | Total: ₹10232.36
[2026-07-09 16:16:30] TRADE MATCHED: Ticker: RELIANCE | Buy Order: 163 | Sell Order: 210 | Price: ₹2628.14 | Qty: 7 | Total: ₹18396.98
[2026-07-09 16:16:30] TRADE MATCHED: Ticker: RELIANCE | Buy Order: 104 | Sell Order: 210 | Price: ₹2588.97 | Qty: 2 | Total: ₹5177.94
[2026-07-09 16:16:31] TRADE MATCHED: Ticker: RELIANCE | Buy Order: 165 | Sell Order: 210 | Price: ₹2587.67 | Qty: 2 | Total: ₹5175.34
[2026-07-09 16:16:32] TRADE MATCHED: Ticker: SUNPHARMA | Buy Order: 129 | Sell Order: 214 | Price: ₹1144.38 | Qty: 1 | Total: ₹1144.38
[2026-07-09 16:16:32] TRADE MATCHED: Ticker: SUNPHARMA | Buy Order: 182 | Sell Order: 214 | Price: ₹1136.26 | Qty: 2 | Total: ₹2272.52
[2026-07-09 16:16:33] TRADE MATCHED: Ticker: TCS | Buy Order: 217 | Sell Order: 6 | Price: ₹3388.06 | Qty: 8 | Total: ₹27104.48
[2026-07-09 16:16:33] TRADE MATCHED: Ticker: TCS | Buy Order: 217 | Sell Order: 179 | Price: ₹3394.21 | Qty: 4 | Total: ₹13576.84
[2026-07-09 16:16:34] TRADE MATCHED: Ticker: TATAMOTORS | Buy Order: 218 | Sell Order: 122 | Price: ₹613.36 | Qty: 8 | Total: ₹4906.88
[2026-07-09 16:16:34] TRADE MATCHED: Ticker: RELIANCE | Buy Order: 219 | Sell Order: 207 | Price: ₹2547.16 | Qty: 7 | Total: ₹17830.12
[2026-07-09 16:16:35] TRADE MATCHED: Ticker: HDFCBANK | Buy Order: 220 | Sell Order: 144 | Price: ₹1595.81 | Qty: 5 | Total: ₹7979.05
[2026-07-09 16:16:35] TRADE MATCHED: Ticker: TATAMOTORS | Buy Order: 221 | Sell Order: 42 | Price: ₹608.68 | Qty: 1 | Total: ₹608.68
[2026-07-09 16:16:35] TRADE MATCHED: Ticker: TATAMOTORS | Buy Order: 221 | Sell Order: 194 | Price: ₹610.43 | Qty: 10 | Total: ₹6104.30
[2026-07-09 16:16:37] TRADE MATCHED: Ticker: RELIANCE | Buy Order: 209 | Sell Order: 224 | Price: ₹2529.61 | Qty: 4 | Total: ₹10118.44
[2026-07-09 16:16:37] TRADE MATCHED: Ticker: TATAMOTORS | Buy Order: 226 | Sell Order: 194 | Price: ₹610.43 | Qty: 1 | Total: ₹610.43
[2026-07-09 16:16:38] TRADE MATCHED: Ticker: TATAMOTORS | Buy Order: 226 | Sell Order: 46 | Price: ₹612.88 | Qty: 11 | Total: ₹6741.68
[2026-07-09 16:16:38] TRADE MATCHED: Ticker: HDFCBANK | Buy Order: 227 | Sell Order: 228 | Price: ₹1609.00 | Qty: 1 | Total: ₹1609.00
[2026-07-09 16:16:38] TRADE MATCHED: Ticker: HDFCBANK | Buy Order: 79 | Sell Order: 228 | Price: ₹1594.79 | Qty: 5 | Total: ₹7973.95
[2026-07-09 16:16:39] TRADE MATCHED: Ticker: TATAMOTORS | Buy Order: 229 | Sell Order: 46 | Price: ₹612.88 | Qty: 2 | Total: ₹1225.76
[2026-07-09 16:16:39] TRADE MATCHED: Ticker: TATAMOTORS | Buy Order: 229 | Sell Order: 41 | Price: ₹614.30 | Qty: 1 | Total: ₹614.30
[2026-07-09 16:16:39] TRADE MATCHED: Ticker: TATAMOTORS | Buy Order: 229 | Sell Order: 17 | Price: ₹614.87 | Qty: 2 | Total: ₹1229.74
[2026-07-09 16:16:43] TRADE MATCHED: Ticker: HDFCBANK | Buy Order: 171 | Sell Order: 235 | Price: ₹1605.53 | Qty: 4 | Total: ₹6422.12
[2026-07-09 16:16:43] TRADE MATCHED: Ticker: RELIANCE | Buy Order: 216 | Sell Order: 234 | Price: ₹2604.85 | Qty: 12 | Total: ₹31258.20
[2026-07-09 16:16:43] TRADE MATCHED: Ticker: HDFCBANK | Buy Order: 147 | Sell Order: 235 | Price: ₹1589.40 | Qty: 11 | Total: ₹17483.40
[2026-07-09 16:16:43] TRADE MATCHED: Ticker: TCS | Buy Order: 204 | Sell Order: 236 | Price: ₹3341.99 | Qty: 7 | Total: ₹23393.93
[2026-07-09 16:16:43] TRADE MATCHED: Ticker: TCS | Buy Order: 157 | Sell Order: 236 | Price: ₹3328.75 | Qty: 3 | Total: ₹9986.25
[2026-07-09 16:16:45] TRADE MATCHED: Ticker: TCS | Buy Order: 213 | Sell Order: 238 | Price: ₹3380.94 | Qty: 2 | Total: ₹6761.88
[2026-07-09 16:16:45] TRADE MATCHED: Ticker: TCS | Buy Order: 193 | Sell Order: 238 | Price: ₹3380.75 | Qty: 2 | Total: ₹6761.50
[2026-07-09 16:16:51] TRADE MATCHED: Ticker: HDFCBANK | Buy Order: 130 | Sell Order: 247 | Price: ₹1583.18 | Qty: 8 | Total: ₹12665.44
[2026-07-09 16:16:52] TRADE MATCHED: Ticker: TATAMOTORS | Buy Order: 248 | Sell Order: 122 | Price: ₹613.36 | Qty: 5 | Total: ₹3066.80
[2026-07-09 16:16:52] TRADE MATCHED: Ticker: TATAMOTORS | Buy Order: 248 | Sell Order: 208 | Price: ₹614.84 | Qty: 5 | Total: ₹3074.20
[2026-07-09 16:16:54] TRADE MATCHED: Ticker: HDFCBANK | Buy Order: 251 | Sell Order: 242 | Price: ₹1584.44 | Qty: 9 | Total: ₹14259.96
[2026-07-09 16:16:55] TRADE MATCHED: Ticker: RELIANCE | Buy Order: 253 | Sell Order: 231 | Price: ₹2539.28 | Qty: 10 | Total: ₹25392.80
[2026-07-09 16:16:56] TRADE MATCHED: Ticker: RELIANCE | Buy Order: 253 | Sell Order: 207 | Price: ₹2547.16 | Qty: 1 | Total: ₹2547.16
[2026-07-09 16:16:56] TRADE MATCHED: Ticker: TATAMOTORS | Buy Order: 254 | Sell Order: 208 | Price: ₹614.84 | Qty: 2 | Total: ₹1229.68
[2026-07-09 16:16:56] TRADE MATCHED: Ticker: SUNPHARMA | Buy Order: 256 | Sell Order: 202 | Price: ₹1135.75 | Qty: 5 | Total: ₹5678.75
[2026-07-09 16:16:58] TRADE MATCHED: Ticker: TCS | Buy Order: 193 | Sell Order: 257 | Price: ₹3380.75 | Qty: 2 | Total: ₹6761.50
[2026-07-09 16:17:00] TRADE MATCHED: Ticker: RELIANCE | Buy Order: 241 | Sell Order: 259 | Price: ₹2615.04 | Qty: 2 | Total: ₹5230.08
[2026-07-09 16:17:01] TRADE MATCHED: Ticker: SUNPHARMA | Buy Order: 261 | Sell Order: 214 | Price: ₹1131.20 | Qty: 11 | Total: ₹12443.20
[2026-07-09 16:17:03] TRADE MATCHED: Ticker: TATAMOTORS | Buy Order: 264 | Sell Order: 208 | Price: ₹614.84 | Qty: 7 | Total: ₹4303.88
[2026-07-09 16:17:03] TRADE MATCHED: Ticker: TCS | Buy Order: 265 | Sell Order: 257 | Price: ₹3357.68 | Qty: 7 | Total: ₹23503.76
[2026-07-09 16:17:04] TRADE MATCHED: Ticker: TCS | Buy Order: 266 | Sell Order: 257 | Price: ₹3357.68 | Qty: 2 | Total: ₹6715.36
[2026-07-09 16:17:04] TRADE MATCHED: Ticker: HDFCBANK | Buy Order: 130 | Sell Order: 267 | Price: ₹1583.18 | Qty: 1 | Total: ₹1583.18
[2026-07-09 16:17:07] TRADE MATCHED: Ticker: HDFCBANK | Buy Order: 270 | Sell Order: 228 | Price: ₹1570.30 | Qty: 4 | Total: ₹6281.20
[2026-07-09 16:17:10] TRADE MATCHED: Ticker: SUNPHARMA | Buy Order: 256 | Sell Order: 277 | Price: ₹1144.82 | Qty: 2 | Total: ₹2289.64
[2026-07-09 16:17:10] TRADE MATCHED: Ticker: HDFCBANK | Buy Order: 278 | Sell Order: 228 | Price: ₹1570.30 | Qty: 3 | Total: ₹4710.90
[2026-07-09 16:17:10] TRADE MATCHED: Ticker: HDFCBANK | Buy Order: 278 | Sell Order: 233 | Price: ₹1581.51 | Qty: 5 | Total: ₹7907.55
[2026-07-09 16:17:13] TRADE MATCHED: Ticker: RELIANCE | Buy Order: 241 | Sell Order: 281 | Price: ₹2615.04 | Qty: 4 | Total: ₹10460.16
[2026-07-09 16:17:15] TRADE MATCHED: Ticker: SUNPHARMA | Buy Order: 222 | Sell Order: 285 | Price: ₹1130.67 | Qty: 13 | Total: ₹14698.71
[2026-07-09 16:17:15] TRADE MATCHED: Ticker: TCS | Buy Order: 266 | Sell Order: 286 | Price: ₹3358.16 | Qty: 9 | Total: ₹30223.44
[2026-07-09 16:17:16] TRADE MATCHED: Ticker: HDFCBANK | Buy Order: 287 | Sell Order: 233 | Price: ₹1581.51 | Qty: 4 | Total: ₹6326.04
[2026-07-09 16:17:19] TRADE MATCHED: Ticker: TCS | Buy Order: 291 | Sell Order: 80 | Price: ₹3345.17 | Qty: 2 | Total: ₹6690.34
[2026-07-09 16:17:20] TRADE MATCHED: Ticker: RELIANCE | Buy Order: 294 | Sell Order: 215 | Price: ₹2612.58 | Qty: 11 | Total: ₹28738.38
[2026-07-09 16:17:20] TRADE MATCHED: Ticker: RELIANCE | Buy Order: 294 | Sell Order: 239 | Price: ₹2614.65 | Qty: 1 | Total: ₹2614.65
[2026-07-09 16:17:23] TRADE MATCHED: Ticker: HDFCBANK | Buy Order: 296 | Sell Order: 267 | Price: ₹1575.24 | Qty: 3 | Total: ₹4725.72
[2026-07-09 16:17:25] TRADE MATCHED: Ticker: TCS | Buy Order: 298 | Sell Order: 80 | Price: ₹3345.17 | Qty: 3 | Total: ₹10035.51
[2026-07-09 16:17:25] TRADE MATCHED: Ticker: TCS | Buy Order: 300 | Sell Order: 260 | Price: ₹3368.25 | Qty: 6 | Total: ₹20209.50
[2026-07-09 16:17:31] TRADE MATCHED: Ticker: HDFCBANK | Buy Order: 274 | Sell Order: 308 | Price: ₹1573.31 | Qty: 5 | Total: ₹7866.55
[2026-07-09 16:17:32] TRADE MATCHED: Ticker: TCS | Buy Order: 310 | Sell Order: 80 | Price: ₹3345.17 | Qty: 8 | Total: ₹26761.36
[2026-07-09 16:17:32] TRADE MATCHED: Ticker: TCS | Buy Order: 310 | Sell Order: 225 | Price: ₹3348.69 | Qty: 7 | Total: ₹23440.83
[2026-07-09 16:17:35] TRADE MATCHED: Ticker: TATAMOTORS | Buy Order: 244 | Sell Order: 314 | Price: ₹626.46 | Qty: 3 | Total: ₹1879.38
[2026-07-09 16:17:36] TRADE MATCHED: Ticker: TATAMOTORS | Buy Order: 244 | Sell Order: 315 | Price: ₹626.46 | Qty: 7 | Total: ₹4385.22
[2026-07-09 16:17:36] TRADE MATCHED: Ticker: TATAMOTORS | Buy Order: 312 | Sell Order: 315 | Price: ₹623.16 | Qty: 5 | Total: ₹3115.80
[2026-07-09 16:17:38] TRADE MATCHED: Ticker: HDFCBANK | Buy Order: 274 | Sell Order: 319 | Price: ₹1573.31 | Qty: 8 | Total: ₹12586.48
[2026-07-09 16:17:38] TRADE MATCHED: Ticker: HDFCBANK | Buy Order: 275 | Sell Order: 319 | Price: ₹1570.30 | Qty: 1 | Total: ₹1570.30
[2026-07-09 16:17:39] TRADE MATCHED: Ticker: TCS | Buy Order: 320 | Sell Order: 225 | Price: ₹3348.69 | Qty: 4 | Total: ₹13394.76
[2026-07-09 16:17:40] TRADE MATCHED: Ticker: TATAMOTORS | Buy Order: 312 | Sell Order: 323 | Price: ₹623.16 | Qty: 5 | Total: ₹3115.80
[2026-07-09 16:17:40] TRADE MATCHED: Ticker: TATAMOTORS | Buy Order: 258 | Sell Order: 323 | Price: ₹616.95 | Qty: 6 | Total: ₹3701.70
[2026-07-09 16:17:41] TRADE MATCHED: Ticker: TATAMOTORS | Buy Order: 301 | Sell Order: 323 | Price: ₹611.88 | Qty: 2 | Total: ₹1223.76
[2026-07-09 16:17:44] TRADE MATCHED: Ticker: TCS | Buy Order: 300 | Sell Order: 329 | Price: ₹3389.97 | Qty: 2 | Total: ₹6779.94
[2026-07-09 16:17:45] TRADE MATCHED: Ticker: SUNPHARMA | Buy Order: 256 | Sell Order: 330 | Price: ₹1144.82 | Qty: 5 | Total: ₹5724.10
[2026-07-09 16:17:45] TRADE MATCHED: Ticker: SUNPHARMA | Buy Order: 322 | Sell Order: 330 | Price: ₹1141.74 | Qty: 2 | Total: ₹2283.48
[2026-07-09 16:17:46] TRADE MATCHED: Ticker: TATAMOTORS | Buy Order: 255 | Sell Order: 333 | Price: ₹608.52 | Qty: 5 | Total: ₹3042.60
[2026-07-09 16:17:46] TRADE MATCHED: Ticker: TATAMOTORS | Buy Order: 301 | Sell Order: 332 | Price: ₹611.88 | Qty: 1 | Total: ₹611.88
[2026-07-09 16:17:47] TRADE MATCHED: Ticker: SUNPHARMA | Buy Order: 334 | Sell Order: 214 | Price: ₹1131.20 | Qty: 1 | Total: ₹1131.20
[2026-07-09 16:17:47] TRADE MATCHED: Ticker: SUNPHARMA | Buy Order: 334 | Sell Order: 237 | Price: ₹1134.49 | Qty: 1 | Total: ₹1134.49
[2026-07-09 16:17:50] TRADE MATCHED: Ticker: SUNPHARMA | Buy Order: 246 | Sell Order: 339 | Price: ₹1123.92 | Qty: 2 | Total: ₹2247.84
[2026-07-09 16:17:55] TRADE MATCHED: Ticker: TCS | Buy Order: 346 | Sell Order: 325 | Price: ₹3342.78 | Qty: 4 | Total: ₹13371.12
[2026-07-09 16:17:56] TRADE MATCHED: Ticker: TATAMOTORS | Buy Order: 255 | Sell Order: 348 | Price: ₹608.52 | Qty: 2 | Total: ₹1217.04
[2026-07-09 16:17:57] TRADE MATCHED: Ticker: HDFCBANK | Buy Order: 275 | Sell Order: 351 | Price: ₹1570.30 | Qty: 4 | Total: ₹6281.20
[2026-07-09 16:17:57] TRADE MATCHED: Ticker: SUNPHARMA | Buy Order: 352 | Sell Order: 349 | Price: ₹1128.60 | Qty: 6 | Total: ₹6771.60
[2026-07-09 16:17:57] TRADE MATCHED: Ticker: SUNPHARMA | Buy Order: 352 | Sell Order: 337 | Price: ₹1128.91 | Qty: 5 | Total: ₹5644.55
[2026-07-09 16:17:57] TRADE MATCHED: Ticker: SUNPHARMA | Buy Order: 352 | Sell Order: 237 | Price: ₹1134.49 | Qty: 4 | Total: ₹4537.96
[2026-07-09 16:18:00] TRADE MATCHED: Ticker: TATAMOTORS | Buy Order: 255 | Sell Order: 355 | Price: ₹608.52 | Qty: 4 | Total: ₹2434.08
[2026-07-09 16:18:00] TRADE MATCHED: Ticker: TATAMOTORS | Buy Order: 341 | Sell Order: 355 | Price: ₹608.47 | Qty: 5 | Total: ₹3042.35
[2026-07-09 16:18:00] TRADE MATCHED: Ticker: TATAMOTORS | Buy Order: 326 | Sell Order: 355 | Price: ₹607.65 | Qty: 5 | Total: ₹3038.25
[2026-07-09 16:18:01] TRADE MATCHED: Ticker: TATAMOTORS | Buy Order: 359 | Sell Order: 332 | Price: ₹605.91 | Qty: 11 | Total: ₹6665.01
[2026-07-09 16:18:03] TRADE MATCHED: Ticker: HDFCBANK | Buy Order: 362 | Sell Order: 351 | Price: ₹1553.67 | Qty: 1 | Total: ₹1553.67
[2026-07-09 16:18:03] TRADE MATCHED: Ticker: HDFCBANK | Buy Order: 362 | Sell Order: 357 | Price: ₹1559.92 | Qty: 5 | Total: ₹7799.60
[2026-07-09 16:18:05] TRADE MATCHED: Ticker: TCS | Buy Order: 266 | Sell Order: 366 | Price: ₹3358.16 | Qty: 3 | Total: ₹10074.48
[2026-07-09 16:18:05] TRADE MATCHED: Ticker: TCS | Buy Order: 271 | Sell Order: 366 | Price: ₹3353.47 | Qty: 9 | Total: ₹30181.23
[2026-07-09 16:18:06] TRADE MATCHED: Ticker: SUNPHARMA | Buy Order: 368 | Sell Order: 150 | Price: ₹1144.73 | Qty: 8 | Total: ₹9157.84
[2026-07-09 16:18:06] TRADE MATCHED: Ticker: SUNPHARMA | Buy Order: 368 | Sell Order: 73 | Price: ₹1145.23 | Qty: 2 | Total: ₹2290.46
[2026-07-09 16:18:07] TRADE MATCHED: Ticker: RELIANCE | Buy Order: 263 | Sell Order: 369 | Price: ₹2612.17 | Qty: 6 | Total: ₹15673.02
[2026-07-09 16:18:09] TRADE MATCHED: Ticker: SUNPHARMA | Buy Order: 322 | Sell Order: 373 | Price: ₹1141.74 | Qty: 13 | Total: ₹14842.62
[2026-07-09 16:18:12] TRADE MATCHED: Ticker: RELIANCE | Buy Order: 263 | Sell Order: 378 | Price: ₹2612.17 | Qty: 2 | Total: ₹5224.34
[2026-07-09 16:18:12] TRADE MATCHED: Ticker: RELIANCE | Buy Order: 309 | Sell Order: 378 | Price: ₹2606.95 | Qty: 6 | Total: ₹15641.70
[2026-07-09 16:18:12] TRADE MATCHED: Ticker: SUNPHARMA | Buy Order: 377 | Sell Order: 373 | Price: ₹1139.92 | Qty: 1 | Total: ₹1139.92
[2026-07-09 16:18:13] TRADE MATCHED: Ticker: SUNPHARMA | Buy Order: 377 | Sell Order: 58 | Price: ₹1146.30 | Qty: 3 | Total: ₹3438.90
[2026-07-09 16:18:13] TRADE MATCHED: Ticker: SUNPHARMA | Buy Order: 377 | Sell Order: 33 | Price: ₹1149.72 | Qty: 2 | Total: ₹2299.44
[2026-07-09 16:18:14] TRADE MATCHED: Ticker: SUNPHARMA | Buy Order: 364 | Sell Order: 380 | Price: ₹1143.06 | Qty: 9 | Total: ₹10287.54
[2026-07-09 16:18:17] TRADE MATCHED: Ticker: TATAMOTORS | Buy Order: 326 | Sell Order: 386 | Price: ₹607.65 | Qty: 9 | Total: ₹5468.85
[2026-07-09 16:18:17] TRADE MATCHED: Ticker: TATAMOTORS | Buy Order: 280 | Sell Order: 386 | Price: ₹607.21 | Qty: 2 | Total: ₹1214.42
[2026-07-09 16:18:20] TRADE MATCHED: Ticker: SUNPHARMA | Buy Order: 390 | Sell Order: 380 | Price: ₹1135.36 | Qty: 3 | Total: ₹3406.08
[2026-07-09 16:18:22] TRADE MATCHED: Ticker: TCS | Buy Order: 157 | Sell Order: 393 | Price: ₹3328.75 | Qty: 1 | Total: ₹3328.75
[2026-07-09 16:18:22] TRADE MATCHED: Ticker: TCS | Buy Order: 299 | Sell Order: 393 | Price: ₹3324.15 | Qty: 10 | Total: ₹33241.50
[2026-07-09 16:18:24] TRADE MATCHED: Ticker: TATAMOTORS | Buy Order: 280 | Sell Order: 396 | Price: ₹607.21 | Qty: 8 | Total: ₹4857.68
[2026-07-09 16:18:24] TRADE MATCHED: Ticker: TATAMOTORS | Buy Order: 328 | Sell Order: 396 | Price: ₹605.82 | Qty: 3 | Total: ₹1817.46
[2026-07-09 16:18:24] TRADE MATCHED: Ticker: TCS | Buy Order: 279 | Sell Order: 397 | Price: ₹3350.07 | Qty: 6 | Total: ₹20100.42
[2026-07-09 16:18:26] TRADE MATCHED: Ticker: TCS | Buy Order: 111 | Sell Order: 399 | Price: ₹3340.76 | Qty: 4 | Total: ₹13363.04
[2026-07-09 16:18:26] TRADE MATCHED: Ticker: TCS | Buy Order: 288 | Sell Order: 399 | Price: ₹3323.46 | Qty: 2 | Total: ₹6646.92
[2026-07-09 16:18:26] TRADE MATCHED: Ticker: RELIANCE | Buy Order: 400 | Sell Order: 358 | Price: ₹2621.81 | Qty: 8 | Total: ₹20974.48
[2026-07-09 16:18:29] TRADE MATCHED: Ticker: TATAMOTORS | Buy Order: 405 | Sell Order: 292 | Price: ₹609.64 | Qty: 1 | Total: ₹609.64
[2026-07-09 16:18:30] TRADE MATCHED: Ticker: TATAMOTORS | Buy Order: 405 | Sell Order: 382 | Price: ₹610.15 | Qty: 6 | Total: ₹3660.90
[2026-07-09 16:18:30] TRADE MATCHED: Ticker: TATAMOTORS | Buy Order: 405 | Sell Order: 356 | Price: ₹613.74 | Qty: 3 | Total: ₹1841.22
[2026-07-09 16:18:30] TRADE MATCHED: Ticker: HDFCBANK | Buy Order: 287 | Sell Order: 406 | Price: ₹1594.78 | Qty: 9 | Total: ₹14353.02
[2026-07-09 16:18:30] TRADE MATCHED: Ticker: HDFCBANK | Buy Order: 311 | Sell Order: 406 | Price: ₹1588.59 | Qty: 1 | Total: ₹1588.59
[2026-07-09 16:18:30] TRADE MATCHED: Ticker: HDFCBANK | Buy Order: 313 | Sell Order: 406 | Price: ₹1580.24 | Qty: 4 | Total: ₹6320.96
[2026-07-09 16:18:32] TRADE MATCHED: Ticker: SUNPHARMA | Buy Order: 391 | Sell Order: 409 | Price: ₹1146.08 | Qty: 6 | Total: ₹6876.48
[2026-07-09 16:18:33] TRADE MATCHED: Ticker: HDFCBANK | Buy Order: 412 | Sell Order: 406 | Price: ₹1579.70 | Qty: 1 | Total: ₹1579.70
[2026-07-09 16:18:34] TRADE MATCHED: Ticker: HDFCBANK | Buy Order: 412 | Sell Order: 144 | Price: ₹1595.81 | Qty: 3 | Total: ₹4787.43
[2026-07-09 16:18:34] TRADE MATCHED: Ticker: HDFCBANK | Buy Order: 412 | Sell Order: 232 | Price: ₹1596.56 | Qty: 9 | Total: ₹14369.04
[2026-07-09 16:18:35] TRADE MATCHED: Ticker: TCS | Buy Order: 413 | Sell Order: 397 | Price: ₹3343.44 | Qty: 6 | Total: ₹20060.64
[2026-07-09 16:18:35] TRADE MATCHED: Ticker: SUNPHARMA | Buy Order: 414 | Sell Order: 409 | Price: ₹1142.68 | Qty: 6 | Total: ₹6856.08
[2026-07-09 16:18:35] TRADE MATCHED: Ticker: SUNPHARMA | Buy Order: 414 | Sell Order: 411 | Price: ₹1148.96 | Qty: 4 | Total: ₹4595.84
[2026-07-09 16:18:35] TRADE MATCHED: Ticker: SUNPHARMA | Buy Order: 414 | Sell Order: 33 | Price: ₹1149.72 | Qty: 3 | Total: ₹3449.16
[2026-07-09 16:18:35] TRADE MATCHED: Ticker: SUNPHARMA | Buy Order: 414 | Sell Order: 62 | Price: ₹1150.52 | Qty: 1 | Total: ₹1150.52
[2026-07-09 16:18:37] TRADE MATCHED: Ticker: TCS | Buy Order: 416 | Sell Order: 415 | Price: ₹3322.01 | Qty: 4 | Total: ₹13288.04
[2026-07-09 16:18:39] TRADE MATCHED: Ticker: RELIANCE | Buy Order: 241 | Sell Order: 419 | Price: ₹2615.04 | Qty: 5 | Total: ₹13075.20
[2026-07-09 16:18:39] TRADE MATCHED: Ticker: RELIANCE | Buy Order: 216 | Sell Order: 419 | Price: ₹2604.85 | Qty: 1 | Total: ₹2604.85
[2026-07-09 16:18:39] TRADE MATCHED: Ticker: TCS | Buy Order: 183 | Sell Order: 421 | Price: ₹3320.82 | Qty: 5 | Total: ₹16604.10
[2026-07-09 16:18:40] TRADE MATCHED: Ticker: SUNPHARMA | Buy Order: 423 | Sell Order: 380 | Price: ₹1135.36 | Qty: 3 | Total: ₹3406.08
[2026-07-09 16:18:40] TRADE MATCHED: Ticker: SUNPHARMA | Buy Order: 423 | Sell Order: 73 | Price: ₹1145.23 | Qty: 4 | Total: ₹4580.92
[2026-07-09 16:18:41] TRADE MATCHED: Ticker: HDFCBANK | Buy Order: 425 | Sell Order: 424 | Price: ₹1570.05 | Qty: 2 | Total: ₹3140.10
[2026-07-09 16:18:41] TRADE MATCHED: Ticker: HDFCBANK | Buy Order: 425 | Sell Order: 232 | Price: ₹1596.56 | Qty: 4 | Total: ₹6386.24
[2026-07-09 16:18:41] TRADE MATCHED: Ticker: HDFCBANK | Buy Order: 425 | Sell Order: 185 | Price: ₹1599.18 | Qty: 2 | Total: ₹3198.36
[2026-07-09 16:18:41] TRADE MATCHED: Ticker: HDFCBANK | Buy Order: 425 | Sell Order: 212 | Price: ₹1601.49 | Qty: 6 | Total: ₹9608.94
[2026-07-09 16:18:43] TRADE MATCHED: Ticker: RELIANCE | Buy Order: 428 | Sell Order: 239 | Price: ₹2614.65 | Qty: 10 | Total: ₹26146.50
[2026-07-09 16:18:44] TRADE MATCHED: Ticker: RELIANCE | Buy Order: 430 | Sell Order: 239 | Price: ₹2614.65 | Qty: 3 | Total: ₹7843.95
[2026-07-09 16:18:44] TRADE MATCHED: Ticker: RELIANCE | Buy Order: 430 | Sell Order: 198 | Price: ₹2626.95 | Qty: 1 | Total: ₹2626.95
[2026-07-09 16:18:44] TRADE MATCHED: Ticker: RELIANCE | Buy Order: 430 | Sell Order: 206 | Price: ₹2637.00 | Qty: 11 | Total: ₹29007.00
[2026-07-09 16:18:45] TRADE MATCHED: Ticker: SUNPHARMA | Buy Order: 423 | Sell Order: 431 | Price: ₹1145.72 | Qty: 2 | Total: ₹2291.44
[2026-07-09 16:18:48] TRADE MATCHED: Ticker: HDFCBANK | Buy Order: 434 | Sell Order: 427 | Price: ₹1570.05 | Qty: 7 | Total: ₹10990.35
[2026-07-09 16:18:48] TRADE MATCHED: Ticker: HDFCBANK | Buy Order: 434 | Sell Order: 212 | Price: ₹1601.49 | Qty: 6 | Total: ₹9608.94
[2026-07-09 16:18:50] TRADE MATCHED: Ticker: TCS | Buy Order: 89 | Sell Order: 436 | Price: ₹3300.01 | Qty: 3 | Total: ₹9900.03
[2026-07-09 16:18:50] TRADE MATCHED: Ticker: TCS | Buy Order: 376 | Sell Order: 436 | Price: ₹3296.36 | Qty: 4 | Total: ₹13185.44
[2026-07-09 16:18:51] TRADE MATCHED: Ticker: HDFCBANK | Buy Order: 439 | Sell Order: 389 | Price: ₹1558.68 | Qty: 2 | Total: ₹3117.36
[2026-07-09 16:18:51] TRADE MATCHED: Ticker: HDFCBANK | Buy Order: 439 | Sell Order: 357 | Price: ₹1559.92 | Qty: 10 | Total: ₹15599.20
[2026-07-09 16:18:51] TRADE MATCHED: Ticker: TATAMOTORS | Buy Order: 328 | Sell Order: 440 | Price: ₹605.82 | Qty: 11 | Total: ₹6664.02
[2026-07-09 16:18:51] TRADE MATCHED: Ticker: TATAMOTORS | Buy Order: 87 | Sell Order: 440 | Price: ₹605.59 | Qty: 1 | Total: ₹605.59
[2026-07-09 16:18:52] TRADE MATCHED: Ticker: RELIANCE | Buy Order: 309 | Sell Order: 441 | Price: ₹2606.95 | Qty: 8 | Total: ₹20855.60
[2026-07-09 16:18:56] TRADE MATCHED: Ticker: TATAMOTORS | Buy Order: 383 | Sell Order: 446 | Price: ₹606.01 | Qty: 4 | Total: ₹2424.04
[2026-07-09 16:18:56] TRADE MATCHED: Ticker: SUNPHARMA | Buy Order: 423 | Sell Order: 447 | Price: ₹1145.72 | Qty: 5 | Total: ₹5728.60
[2026-07-09 16:18:56] TRADE MATCHED: Ticker: SUNPHARMA | Buy Order: 438 | Sell Order: 447 | Price: ₹1137.34 | Qty: 1 | Total: ₹1137.34
[2026-07-09 16:18:57] TRADE MATCHED: Ticker: RELIANCE | Buy Order: 450 | Sell Order: 419 | Price: ₹2599.36 | Qty: 3 | Total: ₹7798.08
[2026-07-09 16:18:58] TRADE MATCHED: Ticker: RELIANCE | Buy Order: 385 | Sell Order: 451 | Price: ₹2599.91 | Qty: 1 | Total: ₹2599.91
[2026-07-09 16:18:59] TRADE MATCHED: Ticker: SUNPHARMA | Buy Order: 453 | Sell Order: 305 | Price: ₹1146.27 | Qty: 11 | Total: ₹12608.97
[2026-07-09 16:19:01] TRADE MATCHED: Ticker: SUNPHARMA | Buy Order: 414 | Sell Order: 454 | Price: ₹1153.84 | Qty: 1 | Total: ₹1153.84
[2026-07-09 16:19:02] TRADE MATCHED: Ticker: TATAMOTORS | Buy Order: 383 | Sell Order: 456 | Price: ₹606.01 | Qty: 10 | Total: ₹6060.10
[2026-07-09 16:19:02] TRADE MATCHED: Ticker: TATAMOTORS | Buy Order: 304 | Sell Order: 456 | Price: ₹604.50 | Qty: 1 | Total: ₹604.50
[2026-07-09 16:19:02] TRADE MATCHED: Ticker: TATAMOTORS | Buy Order: 268 | Sell Order: 457 | Price: ₹605.57 | Qty: 12 | Total: ₹7266.84
[2026-07-09 16:19:03] TRADE MATCHED: Ticker: TCS | Buy Order: 183 | Sell Order: 458 | Price: ₹3320.82 | Qty: 10 | Total: ₹33208.20
[2026-07-09 16:19:03] TRADE MATCHED: Ticker: TCS | Buy Order: 153 | Sell Order: 458 | Price: ₹3308.78 | Qty: 3 | Total: ₹9926.34
[2026-07-09 16:19:06] TRADE MATCHED: Ticker: TATAMOTORS | Buy Order: 268 | Sell Order: 464 | Price: ₹605.57 | Qty: 2 | Total: ₹1211.14
[2026-07-09 16:19:06] TRADE MATCHED: Ticker: TATAMOTORS | Buy Order: 49 | Sell Order: 464 | Price: ₹605.16 | Qty: 5 | Total: ₹3025.80
[2026-07-09 16:19:06] TRADE MATCHED: Ticker: TATAMOTORS | Buy Order: 297 | Sell Order: 464 | Price: ₹603.79 | Qty: 5 | Total: ₹3018.95
[2026-07-09 16:19:07] TRADE MATCHED: Ticker: SUNPHARMA | Buy Order: 420 | Sell Order: 465 | Price: ₹1146.11 | Qty: 14 | Total: ₹16045.54
[2026-07-09 16:19:08] TRADE MATCHED: Ticker: HDFCBANK | Buy Order: 434 | Sell Order: 467 | Price: ₹1606.87 | Qty: 2 | Total: ₹3213.74
[2026-07-09 16:19:08] TRADE MATCHED: Ticker: HDFCBANK | Buy Order: 174 | Sell Order: 467 | Price: ₹1569.19 | Qty: 4 | Total: ₹6276.76
[2026-07-09 16:19:08] TRADE MATCHED: Ticker: HDFCBANK | Buy Order: 402 | Sell Order: 467 | Price: ₹1568.58 | Qty: 6 | Total: ₹9411.48
[2026-07-09 16:19:09] TRADE MATCHED: Ticker: RELIANCE | Buy Order: 461 | Sell Order: 468 | Price: ₹2620.49 | Qty: 12 | Total: ₹31445.88
[2026-07-09 16:19:10] TRADE MATCHED: Ticker: RELIANCE | Buy Order: 469 | Sell Order: 468 | Price: ₹2610.38 | Qty: 1 | Total: ₹2610.38
[2026-07-09 16:19:10] TRADE MATCHED: Ticker: RELIANCE | Buy Order: 469 | Sell Order: 206 | Price: ₹2637.00 | Qty: 2 | Total: ₹5274.00
[2026-07-09 16:19:10] TRADE MATCHED: Ticker: RELIANCE | Buy Order: 466 | Sell Order: 471 | Price: ₹2593.53 | Qty: 1 | Total: ₹2593.53
[2026-07-09 16:19:11] TRADE MATCHED: Ticker: RELIANCE | Buy Order: 165 | Sell Order: 471 | Price: ₹2587.67 | Qty: 6 | Total: ₹15526.02
[2026-07-09 16:19:12] TRADE MATCHED: Ticker: TATAMOTORS | Buy Order: 473 | Sell Order: 455 | Price: ₹609.10 | Qty: 10 | Total: ₹6091.00
[2026-07-09 16:19:14] TRADE MATCHED: Ticker: TATAMOTORS | Buy Order: 478 | Sell Order: 356 | Price: ₹613.74 | Qty: 8 | Total: ₹4909.92
[2026-07-09 16:19:15] TRADE MATCHED: Ticker: HDFCBANK | Buy Order: 439 | Sell Order: 480 | Price: ₹1570.29 | Qty: 1 | Total: ₹1570.29
[2026-07-09 16:19:15] TRADE MATCHED: Ticker: HDFCBANK | Buy Order: 449 | Sell Order: 480 | Price: ₹1565.84 | Qty: 5 | Total: ₹7829.20
[2026-07-09 16:19:16] TRADE MATCHED: Ticker: HDFCBANK | Buy Order: 449 | Sell Order: 481 | Price: ₹1565.84 | Qty: 9 | Total: ₹14092.56
[2026-07-09 16:19:21] TRADE MATCHED: Ticker: HDFCBANK | Buy Order: 350 | Sell Order: 489 | Price: ₹1546.62 | Qty: 6 | Total: ₹9279.72
[2026-07-09 16:19:21] TRADE MATCHED: Ticker: HDFCBANK | Buy Order: 345 | Sell Order: 489 | Price: ₹1544.46 | Qty: 5 | Total: ₹7722.30
[2026-07-09 16:19:21] TRADE MATCHED: Ticker: HDFCBANK | Buy Order: 388 | Sell Order: 489 | Price: ₹1542.71 | Qty: 1 | Total: ₹1542.71
[2026-07-09 16:19:24] TRADE MATCHED: Ticker: TCS | Buy Order: 324 | Sell Order: 492 | Price: ₹3286.57 | Qty: 6 | Total: ₹19719.42
[2026-07-09 16:19:25] TRADE MATCHED: Ticker: TATAMOTORS | Buy Order: 488 | Sell Order: 495 | Price: ₹609.49 | Qty: 4 | Total: ₹2437.96
[2026-07-09 16:19:26] TRADE MATCHED: Ticker: TATAMOTORS | Buy Order: 496 | Sell Order: 356 | Price: ₹613.74 | Qty: 1 | Total: ₹613.74
[2026-07-09 16:19:26] TRADE MATCHED: Ticker: TATAMOTORS | Buy Order: 496 | Sell Order: 485 | Price: ₹614.74 | Qty: 1 | Total: ₹614.74
[2026-07-09 16:19:26] TRADE MATCHED: Ticker: RELIANCE | Buy Order: 401 | Sell Order: 497 | Price: ₹2585.26 | Qty: 3 | Total: ₹7755.78
[2026-07-09 16:19:28] TRADE MATCHED: Ticker: TCS | Buy Order: 324 | Sell Order: 498 | Price: ₹3286.57 | Qty: 7 | Total: ₹23005.99
[2026-07-09 16:19:28] TRADE MATCHED: Ticker: TCS | Buy Order: 407 | Sell Order: 498 | Price: ₹3264.76 | Qty: 5 | Total: ₹16323.80
[2026-07-09 16:19:28] TRADE MATCHED: Ticker: TCS | Buy Order: 100 | Sell Order: 498 | Price: ₹3262.72 | Qty: 3 | Total: ₹9788.16
[2026-07-09 16:19:31] TRADE MATCHED: Ticker: TATAMOTORS | Buy Order: 502 | Sell Order: 485 | Price: ₹614.74 | Qty: 7 | Total: ₹4303.18
[2026-07-09 16:19:31] TRADE MATCHED: Ticker: TATAMOTORS | Buy Order: 502 | Sell Order: 17 | Price: ₹614.87 | Qty: 2 | Total: ₹1229.74
[2026-07-09 16:19:34] TRADE MATCHED: Ticker: SUNPHARMA | Buy Order: 507 | Sell Order: 305 | Price: ₹1146.27 | Qty: 1 | Total: ₹1146.27
[2026-07-09 16:19:34] TRADE MATCHED: Ticker: SUNPHARMA | Buy Order: 507 | Sell Order: 90 | Price: ₹1150.04 | Qty: 7 | Total: ₹8050.28
[2026-07-09 16:19:35] TRADE MATCHED: Ticker: RELIANCE | Buy Order: 401 | Sell Order: 508 | Price: ₹2585.26 | Qty: 4 | Total: ₹10341.04
[2026-07-09 16:19:36] TRADE MATCHED: Ticker: RELIANCE | Buy Order: 510 | Sell Order: 505 | Price: ₹2604.30 | Qty: 4 | Total: ₹10417.20
[2026-07-09 16:19:38] TRADE MATCHED: Ticker: HDFCBANK | Buy Order: 388 | Sell Order: 514 | Price: ₹1542.71 | Qty: 3 | Total: ₹4628.13
[2026-07-09 16:19:42] TRADE MATCHED: Ticker: HDFCBANK | Buy Order: 443 | Sell Order: 519 | Price: ₹1540.29 | Qty: 4 | Total: ₹6161.16
[2026-07-09 16:19:42] TRADE MATCHED: Ticker: TATAMOTORS | Buy Order: 520 | Sell Order: 455 | Price: ₹609.10 | Qty: 2 | Total: ₹1218.20
[2026-07-09 16:19:43] TRADE MATCHED: Ticker: TATAMOTORS | Buy Order: 520 | Sell Order: 417 | Price: ₹613.15 | Qty: 1 | Total: ₹613.15
[2026-07-09 16:19:43] TRADE MATCHED: Ticker: SUNPHARMA | Buy Order: 486 | Sell Order: 522 | Price: ₹1151.41 | Qty: 8 | Total: ₹9211.28
[2026-07-09 16:19:43] TRADE MATCHED: Ticker: TATAMOTORS | Buy Order: 523 | Sell Order: 516 | Price: ₹613.57 | Qty: 7 | Total: ₹4294.99
[2026-07-09 16:19:43] TRADE MATCHED: Ticker: SUNPHARMA | Buy Order: 475 | Sell Order: 522 | Price: ₹1151.31 | Qty: 3 | Total: ₹3453.93
[2026-07-09 16:19:44] TRADE MATCHED: Ticker: TATAMOTORS | Buy Order: 524 | Sell Order: 516 | Price: ₹613.57 | Qty: 8 | Total: ₹4908.56
[2026-07-09 16:19:44] TRADE MATCHED: Ticker: TATAMOTORS | Buy Order: 524 | Sell Order: 276 | Price: ₹615.96 | Qty: 5 | Total: ₹3079.80
[2026-07-09 16:19:46] TRADE MATCHED: Ticker: HDFCBANK | Buy Order: 402 | Sell Order: 528 | Price: ₹1568.58 | Qty: 1 | Total: ₹1568.58
[2026-07-09 16:19:46] TRADE MATCHED: Ticker: HDFCBANK | Buy Order: 170 | Sell Order: 528 | Price: ₹1565.51 | Qty: 3 | Total: ₹4696.53
[2026-07-09 16:19:47] TRADE MATCHED: Ticker: HDFCBANK | Buy Order: 173 | Sell Order: 528 | Price: ₹1562.90 | Qty: 5 | Total: ₹7814.50
[2026-07-09 16:19:47] TRADE MATCHED: Ticker: HDFCBANK | Buy Order: 161 | Sell Order: 528 | Price: ₹1560.37 | Qty: 5 | Total: ₹7801.85
[2026-07-09 16:19:47] TRADE MATCHED: Ticker: SUNPHARMA | Buy Order: 529 | Sell Order: 90 | Price: ₹1150.04 | Qty: 1 | Total: ₹1150.04
[2026-07-09 16:19:50] TRADE MATCHED: Ticker: TCS | Buy Order: 100 | Sell Order: 531 | Price: ₹3262.72 | Qty: 2 | Total: ₹6525.44
[2026-07-09 16:19:50] TRADE MATCHED: Ticker: RELIANCE | Buy Order: 533 | Sell Order: 419 | Price: ₹2599.36 | Qty: 3 | Total: ₹7798.08
[2026-07-09 16:19:51] TRADE MATCHED: Ticker: TATAMOTORS | Buy Order: 535 | Sell Order: 525 | Price: ₹607.29 | Qty: 8 | Total: ₹4858.32
[2026-07-09 16:19:53] TRADE MATCHED: Ticker: RELIANCE | Buy Order: 537 | Sell Order: 419 | Price: ₹2599.36 | Qty: 2 | Total: ₹5198.72
[2026-07-09 16:19:53] TRADE MATCHED: Ticker: RELIANCE | Buy Order: 537 | Sell Order: 460 | Price: ₹2605.42 | Qty: 11 | Total: ₹28659.62
[2026-07-09 16:19:54] TRADE MATCHED: Ticker: TATAMOTORS | Buy Order: 538 | Sell Order: 276 | Price: ₹615.96 | Qty: 8 | Total: ₹4927.68
[2026-07-09 16:19:54] TRADE MATCHED: Ticker: TATAMOTORS | Buy Order: 538 | Sell Order: 133 | Price: ₹616.13 | Qty: 1 | Total: ₹616.13
[2026-07-09 16:19:54] TRADE MATCHED: Ticker: HDFCBANK | Buy Order: 539 | Sell Order: 519 | Price: ₹1537.68 | Qty: 6 | Total: ₹9226.08
[2026-07-09 16:19:56] TRADE MATCHED: Ticker: HDFCBANK | Buy Order: 161 | Sell Order: 541 | Price: ₹1560.37 | Qty: 5 | Total: ₹7801.85
[2026-07-09 16:19:56] TRADE MATCHED: Ticker: RELIANCE | Buy Order: 542 | Sell Order: 505 | Price: ₹2604.30 | Qty: 6 | Total: ₹15625.80
[2026-07-09 16:19:56] TRADE MATCHED: Ticker: HDFCBANK | Buy Order: 343 | Sell Order: 541 | Price: ₹1554.22 | Qty: 8 | Total: ₹12433.76
[2026-07-09 16:19:58] TRADE MATCHED: Ticker: HDFCBANK | Buy Order: 545 | Sell Order: 519 | Price: ₹1537.68 | Qty: 1 | Total: ₹1537.68
[2026-07-09 16:20:02] TRADE MATCHED: Ticker: HDFCBANK | Buy Order: 343 | Sell Order: 550 | Price: ₹1554.22 | Qty: 3 | Total: ₹4662.66
[2026-07-09 16:20:02] TRADE MATCHED: Ticker: TATAMOTORS | Buy Order: 551 | Sell Order: 525 | Price: ₹607.29 | Qty: 1 | Total: ₹607.29
[2026-07-09 16:20:04] TRADE MATCHED: Ticker: RELIANCE | Buy Order: 553 | Sell Order: 460 | Price: ₹2605.42 | Qty: 1 | Total: ₹2605.42
[2026-07-09 16:20:04] TRADE MATCHED: Ticker: RELIANCE | Buy Order: 553 | Sell Order: 513 | Price: ₹2607.33 | Qty: 4 | Total: ₹10429.32
[2026-07-09 16:20:05] TRADE MATCHED: Ticker: SUNPHARMA | Buy Order: 554 | Sell Order: 90 | Price: ₹1150.04 | Qty: 6 | Total: ₹6900.24
[2026-07-09 16:20:05] TRADE MATCHED: Ticker: SUNPHARMA | Buy Order: 554 | Sell Order: 191 | Price: ₹1150.71 | Qty: 4 | Total: ₹4602.84
[2026-07-09 16:20:05] TRADE MATCHED: Ticker: HDFCBANK | Buy Order: 556 | Sell Order: 514 | Price: ₹1540.38 | Qty: 6 | Total: ₹9242.28
[2026-07-09 16:20:05] TRADE MATCHED: Ticker: HDFCBANK | Buy Order: 556 | Sell Order: 549 | Price: ₹1547.12 | Qty: 7 | Total: ₹10829.84
[2026-07-09 16:20:06] TRADE MATCHED: Ticker: TATAMOTORS | Buy Order: 558 | Sell Order: 525 | Price: ₹607.29 | Qty: 1 | Total: ₹607.29
[2026-07-09 16:20:06] TRADE MATCHED: Ticker: TATAMOTORS | Buy Order: 558 | Sell Order: 417 | Price: ₹613.15 | Qty: 2 | Total: ₹1226.30
[2026-07-09 16:20:06] TRADE MATCHED: Ticker: TATAMOTORS | Buy Order: 558 | Sell Order: 437 | Price: ₹614.36 | Qty: 5 | Total: ₹3071.80
[2026-07-09 16:20:07] TRADE MATCHED: Ticker: TATAMOTORS | Buy Order: 558 | Sell Order: 365 | Price: ₹614.46 | Qty: 1 | Total: ₹614.46
[2026-07-09 16:20:09] TRADE MATCHED: Ticker: TCS | Buy Order: 482 | Sell Order: 561 | Price: ₹3311.58 | Qty: 12 | Total: ₹39738.96
[2026-07-09 16:20:09] TRADE MATCHED: Ticker: TCS | Buy Order: 153 | Sell Order: 561 | Price: ₹3308.78 | Qty: 3 | Total: ₹9926.34
[2026-07-09 16:20:10] TRADE MATCHED: Ticker: RELIANCE | Buy Order: 563 | Sell Order: 505 | Price: ₹2604.30 | Qty: 3 | Total: ₹7812.90
[2026-07-09 16:20:10] TRADE MATCHED: Ticker: RELIANCE | Buy Order: 563 | Sell Order: 548 | Price: ₹2619.51 | Qty: 3 | Total: ₹7858.53
[2026-07-09 16:20:10] TRADE MATCHED: Ticker: RELIANCE | Buy Order: 563 | Sell Order: 566 | Price: ₹2627.23 | Qty: 3 | Total: ₹7881.69
[2026-07-09 16:20:10] TRADE MATCHED: Ticker: SUNPHARMA | Buy Order: 565 | Sell Order: 191 | Price: ₹1150.71 | Qty: 3 | Total: ₹3452.13
[2026-07-09 16:20:11] TRADE MATCHED: Ticker: SUNPHARMA | Buy Order: 565 | Sell Order: 470 | Price: ₹1154.06 | Qty: 8 | Total: ₹9232.48
[2026-07-09 16:20:13] TRADE MATCHED: Ticker: TCS | Buy Order: 568 | Sell Order: 531 | Price: ₹3226.06 | Qty: 4 | Total: ₹12904.24
[2026-07-09 16:20:13] TRADE MATCHED: Ticker: TCS | Buy Order: 568 | Sell Order: 509 | Price: ₹3269.89 | Qty: 9 | Total: ₹29429.01
[2026-07-09 16:20:15] TRADE MATCHED: Ticker: TATAMOTORS | Buy Order: 570 | Sell Order: 133 | Price: ₹616.13 | Qty: 8 | Total: ₹4929.04
[2026-07-09 16:20:15] TRADE MATCHED: Ticker: RELIANCE | Buy Order: 385 | Sell Order: 571 | Price: ₹2599.91 | Qty: 11 | Total: ₹28599.01
[2026-07-09 16:20:15] TRADE MATCHED: Ticker: TATAMOTORS | Buy Order: 488 | Sell Order: 572 | Price: ₹609.49 | Qty: 3 | Total: ₹1828.47
[2026-07-09 16:20:16] TRADE MATCHED: Ticker: RELIANCE | Buy Order: 401 | Sell Order: 573 | Price: ₹2585.26 | Qty: 5 | Total: ₹12926.30
[2026-07-09 16:20:16] TRADE MATCHED: Ticker: RELIANCE | Buy Order: 410 | Sell Order: 573 | Price: ₹2583.15 | Qty: 1 | Total: ₹2583.15
[2026-07-09 16:20:16] TRADE MATCHED: Ticker: RELIANCE | Buy Order: 295 | Sell Order: 573 | Price: ₹2578.34 | Qty: 3 | Total: ₹7735.02
[2026-07-09 16:20:17] TRADE MATCHED: Ticker: HDFCBANK | Buy Order: 545 | Sell Order: 574 | Price: ₹1540.28 | Qty: 10 | Total: ₹15402.80
[2026-07-09 16:20:17] TRADE MATCHED: Ticker: SUNPHARMA | Buy Order: 575 | Sell Order: 454 | Price: ₹1153.45 | Qty: 7 | Total: ₹8074.15
[2026-07-09 16:20:17] TRADE MATCHED: Ticker: SUNPHARMA | Buy Order: 575 | Sell Order: 53 | Price: ₹1154.47 | Qty: 5 | Total: ₹5772.35
[2026-07-09 16:20:20] TRADE MATCHED: Ticker: HDFCBANK | Buy Order: 343 | Sell Order: 578 | Price: ₹1554.22 | Qty: 4 | Total: ₹6216.88
[2026-07-09 16:20:20] TRADE MATCHED: Ticker: HDFCBANK | Buy Order: 394 | Sell Order: 578 | Price: ₹1553.46 | Qty: 9 | Total: ₹13981.14
[2026-07-09 16:20:20] TRADE MATCHED: Ticker: TATAMOTORS | Buy Order: 580 | Sell Order: 572 | Price: ₹605.51 | Qty: 2 | Total: ₹1211.02
[2026-07-09 16:20:20] TRADE MATCHED: Ticker: TATAMOTORS | Buy Order: 580 | Sell Order: 133 | Price: ₹616.13 | Qty: 1 | Total: ₹616.13
[2026-07-09 16:20:21] TRADE MATCHED: Ticker: TATAMOTORS | Buy Order: 580 | Sell Order: 110 | Price: ₹616.84 | Qty: 1 | Total: ₹616.84
[2026-07-09 16:20:21] TRADE MATCHED: Ticker: RELIANCE | Buy Order: 385 | Sell Order: 581 | Price: ₹2599.91 | Qty: 2 | Total: ₹5199.82
[2026-07-09 16:20:21] TRADE MATCHED: Ticker: RELIANCE | Buy Order: 361 | Sell Order: 581 | Price: ₹2595.52 | Qty: 4 | Total: ₹10382.08
[2026-07-09 16:20:28] TRADE MATCHED: Ticker: TCS | Buy Order: 153 | Sell Order: 593 | Price: ₹3308.78 | Qty: 1 | Total: ₹3308.78
[2026-07-09 16:20:30] TRADE MATCHED: Ticker: SUNPHARMA | Buy Order: 494 | Sell Order: 596 | Price: ₹1149.10 | Qty: 2 | Total: ₹2298.20
[2026-07-09 16:20:31] TRADE MATCHED: Ticker: TCS | Buy Order: 597 | Sell Order: 509 | Price: ₹3269.89 | Qty: 5 | Total: ₹16349.45
[2026-07-09 16:20:31] TRADE MATCHED: Ticker: TCS | Buy Order: 597 | Sell Order: 527 | Price: ₹3283.81 | Qty: 3 | Total: ₹9851.43
[2026-07-09 16:20:33] TRADE MATCHED: Ticker: HDFCBANK | Buy Order: 603 | Sell Order: 583 | Price: ₹1539.07 | Qty: 1 | Total: ₹1539.07
[2026-07-09 16:20:34] TRADE MATCHED: Ticker: TCS | Buy Order: 604 | Sell Order: 527 | Price: ₹3283.81 | Qty: 5 | Total: ₹16419.05
[2026-07-09 16:20:34] TRADE MATCHED: Ticker: TCS | Buy Order: 604 | Sell Order: 590 | Price: ₹3286.77 | Qty: 10 | Total: ₹32867.70
[2026-07-09 16:20:35] TRADE MATCHED: Ticker: TATAMOTORS | Buy Order: 606 | Sell Order: 562 | Price: ₹609.64 | Qty: 4 | Total: ₹2438.56
[2026-07-09 16:20:35] TRADE MATCHED: Ticker: RELIANCE | Buy Order: 605 | Sell Order: 513 | Price: ₹2607.33 | Qty: 3 | Total: ₹7821.99
[2026-07-09 16:20:35] TRADE MATCHED: Ticker: RELIANCE | Buy Order: 605 | Sell Order: 358 | Price: ₹2621.81 | Qty: 2 | Total: ₹5243.62
[2026-07-09 16:20:35] TRADE MATCHED: Ticker: TATAMOTORS | Buy Order: 607 | Sell Order: 110 | Price: ₹616.84 | Qty: 2 | Total: ₹1233.68
[2026-07-09 16:20:37] TRADE MATCHED: Ticker: SUNPHARMA | Buy Order: 494 | Sell Order: 609 | Price: ₹1149.10 | Qty: 2 | Total: ₹2298.20
[2026-07-09 16:20:37] TRADE MATCHED: Ticker: SUNPHARMA | Buy Order: 544 | Sell Order: 609 | Price: ₹1145.77 | Qty: 1 | Total: ₹1145.77
[2026-07-09 16:20:37] TRADE MATCHED: Ticker: SUNPHARMA | Buy Order: 601 | Sell Order: 609 | Price: ₹1144.82 | Qty: 4 | Total: ₹4579.28
[2026-07-09 16:20:37] TRADE MATCHED: Ticker: SUNPHARMA | Buy Order: 610 | Sell Order: 53 | Price: ₹1154.47 | Qty: 9 | Total: ₹10390.23
[2026-07-09 16:20:37] TRADE MATCHED: Ticker: SUNPHARMA | Buy Order: 610 | Sell Order: 395 | Price: ₹1154.66 | Qty: 3 | Total: ₹3463.98
[2026-07-09 16:20:39] TRADE MATCHED: Ticker: TCS | Buy Order: 153 | Sell Order: 612 | Price: ₹3308.78 | Qty: 2 | Total: ₹6617.56
[2026-07-09 16:20:39] TRADE MATCHED: Ticker: TCS | Buy Order: 101 | Sell Order: 612 | Price: ₹3307.08 | Qty: 2 | Total: ₹6614.16
[2026-07-09 16:20:39] TRADE MATCHED: Ticker: TCS | Buy Order: 577 | Sell Order: 612 | Price: ₹3304.63 | Qty: 8 | Total: ₹26437.04
[2026-07-09 16:20:39] TRADE MATCHED: Ticker: HDFCBANK | Buy Order: 394 | Sell Order: 613 | Price: ₹1553.46 | Qty: 1 | Total: ₹1553.46
[2026-07-09 16:20:39] TRADE MATCHED: Ticker: HDFCBANK | Buy Order: 374 | Sell Order: 613 | Price: ₹1550.41 | Qty: 8 | Total: ₹12403.28
[2026-07-09 16:20:42] TRADE MATCHED: Ticker: RELIANCE | Buy Order: 618 | Sell Order: 566 | Price: ₹2617.28 | Qty: 4 | Total: ₹10469.12
[2026-07-09 16:20:42] TRADE MATCHED: Ticker: RELIANCE | Buy Order: 618 | Sell Order: 592 | Price: ₹2632.11 | Qty: 2 | Total: ₹5264.22
[2026-07-09 16:20:42] TRADE MATCHED: Ticker: RELIANCE | Buy Order: 618 | Sell Order: 206 | Price: ₹2637.00 | Qty: 1 | Total: ₹2637.00
[2026-07-09 16:20:43] TRADE MATCHED: Ticker: RELIANCE | Buy Order: 618 | Sell Order: 463 | Price: ₹2639.62 | Qty: 4 | Total: ₹10558.48
[2026-07-09 16:20:43] TRADE MATCHED: Ticker: RELIANCE | Buy Order: 618 | Sell Order: 272 | Price: ₹2642.82 | Qty: 4 | Total: ₹10571.28
[2026-07-09 16:20:44] TRADE MATCHED: Ticker: SUNPHARMA | Buy Order: 438 | Sell Order: 620 | Price: ₹1137.34 | Qty: 2 | Total: ₹2274.68
[2026-07-09 16:20:45] TRADE MATCHED: Ticker: SUNPHARMA | Buy Order: 490 | Sell Order: 620 | Price: ₹1136.17 | Qty: 3 | Total: ₹3408.51
[2026-07-09 16:20:45] TRADE MATCHED: Ticker: TATAMOTORS | Buy Order: 622 | Sell Order: 562 | Price: ₹609.64 | Qty: 1 | Total: ₹609.64
[2026-07-09 16:20:46] TRADE MATCHED: Ticker: HDFCBANK | Buy Order: 462 | Sell Order: 623 | Price: ₹1547.97 | Qty: 11 | Total: ₹17027.67
[2026-07-09 16:20:47] TRADE MATCHED: Ticker: TCS | Buy Order: 599 | Sell Order: 625 | Price: ₹3275.87 | Qty: 3 | Total: ₹9827.61
[2026-07-09 16:20:48] TRADE MATCHED: Ticker: TATAMOTORS | Buy Order: 627 | Sell Order: 110 | Price: ₹616.84 | Qty: 1 | Total: ₹616.84
[2026-07-09 16:20:48] TRADE MATCHED: Ticker: TATAMOTORS | Buy Order: 627 | Sell Order: 103 | Price: ₹616.99 | Qty: 7 | Total: ₹4318.93
[2026-07-09 16:20:49] TRADE MATCHED: Ticker: TATAMOTORS | Buy Order: 627 | Sell Order: 306 | Price: ₹619.85 | Qty: 6 | Total: ₹3719.10
[2026-07-09 16:20:49] TRADE MATCHED: Ticker: TCS | Buy Order: 117 | Sell Order: 629 | Price: ₹3302.85 | Qty: 3 | Total: ₹9908.55
[2026-07-09 16:20:49] TRADE MATCHED: Ticker: TCS | Buy Order: 560 | Sell Order: 629 | Price: ₹3298.81 | Qty: 10 | Total: ₹32988.10
[2026-07-09 16:20:50] TRADE MATCHED: Ticker: TCS | Buy Order: 631 | Sell Order: 625 | Price: ₹3272.53 | Qty: 6 | Total: ₹19635.18
[2026-07-09 16:20:52] TRADE MATCHED: Ticker: TCS | Buy Order: 560 | Sell Order: 634 | Price: ₹3298.81 | Qty: 5 | Total: ₹16494.05
[2026-07-09 16:20:53] TRADE MATCHED: Ticker: RELIANCE | Buy Order: 636 | Sell Order: 331 | Price: ₹2648.82 | Qty: 8 | Total: ₹21190.56
[2026-07-09 16:20:53] TRADE MATCHED: Ticker: RELIANCE | Buy Order: 636 | Sell Order: 340 | Price: ₹2652.88 | Qty: 6 | Total: ₹15917.28
[2026-07-09 16:20:54] TRADE MATCHED: Ticker: RELIANCE | Buy Order: 640 | Sell Order: 633 | Price: ₹2614.49 | Qty: 1 | Total: ₹2614.49
[2026-07-09 16:20:56] TRADE MATCHED: Ticker: SUNPHARMA | Buy Order: 643 | Sell Order: 470 | Price: ₹1154.06 | Qty: 7 | Total: ₹8078.42
[2026-07-09 16:20:56] TRADE MATCHED: Ticker: SUNPHARMA | Buy Order: 643 | Sell Order: 240 | Price: ₹1154.44 | Qty: 2 | Total: ₹2308.88
[2026-07-09 16:20:56] TRADE MATCHED: Ticker: SUNPHARMA | Buy Order: 644 | Sell Order: 371 | Price: ₹1157.45 | Qty: 7 | Total: ₹8102.15
[2026-07-09 16:20:57] TRADE MATCHED: Ticker: RELIANCE | Buy Order: 645 | Sell Order: 358 | Price: ₹2621.81 | Qty: 1 | Total: ₹2621.81
[2026-07-09 16:20:58] TRADE MATCHED: Ticker: RELIANCE | Buy Order: 645 | Sell Order: 387 | Price: ₹2622.20 | Qty: 5 | Total: ₹13111.00
[2026-07-09 16:20:58] TRADE MATCHED: Ticker: RELIANCE | Buy Order: 645 | Sell Order: 321 | Price: ₹2623.41 | Qty: 1 | Total: ₹2623.41
[2026-07-09 16:20:58] TRADE MATCHED: Ticker: TCS | Buy Order: 647 | Sell Order: 625 | Price: ₹3272.53 | Qty: 1 | Total: ₹3272.53
[2026-07-09 16:20:58] TRADE MATCHED: Ticker: TCS | Buy Order: 647 | Sell Order: 590 | Price: ₹3286.77 | Qty: 2 | Total: ₹6573.54
[2026-07-09 16:20:58] TRADE MATCHED: Ticker: TCS | Buy Order: 647 | Sell Order: 506 | Price: ₹3287.11 | Qty: 6 | Total: ₹19722.66
[2026-07-09 16:21:00] TRADE MATCHED: Ticker: TCS | Buy Order: 584 | Sell Order: 649 | Price: ₹3264.19 | Qty: 2 | Total: ₹6528.38
[2026-07-09 16:21:03] TRADE MATCHED: Ticker: HDFCBANK | Buy Order: 477 | Sell Order: 653 | Price: ₹1546.41 | Qty: 8 | Total: ₹12371.28
[2026-07-09 16:21:04] TRADE MATCHED: Ticker: SUNPHARMA | Buy Order: 610 | Sell Order: 656 | Price: ₹1155.64 | Qty: 1 | Total: ₹1155.64
[2026-07-09 16:21:05] TRADE MATCHED: Ticker: HDFCBANK | Buy Order: 477 | Sell Order: 657 | Price: ₹1546.41 | Qty: 6 | Total: ₹9278.46
[2026-07-09 16:21:05] TRADE MATCHED: Ticker: SUNPHARMA | Buy Order: 610 | Sell Order: 658 | Price: ₹1155.64 | Qty: 2 | Total: ₹2311.28
[2026-07-09 16:21:05] TRADE MATCHED: Ticker: HDFCBANK | Buy Order: 477 | Sell Order: 659 | Price: ₹1546.41 | Qty: 1 | Total: ₹1546.41
[2026-07-09 16:21:05] TRADE MATCHED: Ticker: SUNPHARMA | Buy Order: 611 | Sell Order: 658 | Price: ₹1155.57 | Qty: 6 | Total: ₹6933.42
[2026-07-09 16:21:05] TRADE MATCHED: Ticker: HDFCBANK | Buy Order: 367 | Sell Order: 659 | Price: ₹1546.40 | Qty: 2 | Total: ₹3092.80
[2026-07-09 16:21:10] TRADE MATCHED: Ticker: TATAMOTORS | Buy Order: 667 | Sell Order: 562 | Price: ₹609.64 | Qty: 1 | Total: ₹609.64
[2026-07-09 16:21:10] TRADE MATCHED: Ticker: TATAMOTORS | Buy Order: 667 | Sell Order: 646 | Price: ₹614.30 | Qty: 9 | Total: ₹5528.70
[2026-07-09 16:21:11] TRADE MATCHED: Ticker: SUNPHARMA | Buy Order: 611 | Sell Order: 668 | Price: ₹1155.57 | Qty: 7 | Total: ₹8088.99
[2026-07-09 16:21:11] TRADE MATCHED: Ticker: SUNPHARMA | Buy Order: 601 | Sell Order: 668 | Price: ₹1144.82 | Qty: 8 | Total: ₹9158.56
[2026-07-09 16:21:11] TRADE MATCHED: Ticker: SUNPHARMA | Buy Order: 670 | Sell Order: 240 | Price: ₹1154.44 | Qty: 3 | Total: ₹3463.32
[2026-07-09 16:21:12] TRADE MATCHED: Ticker: HDFCBANK | Buy Order: 671 | Sell Order: 583 | Price: ₹1539.07 | Qty: 5 | Total: ₹7695.35
[2026-07-09 16:21:12] TRADE MATCHED: Ticker: HDFCBANK | Buy Order: 671 | Sell Order: 579 | Price: ₹1541.00 | Qty: 4 | Total: ₹6164.00
[2026-07-09 16:21:14] TRADE MATCHED: Ticker: SUNPHARMA | Buy Order: 672 | Sell Order: 371 | Price: ₹1157.45 | Qty: 5 | Total: ₹5787.25
[2026-07-09 16:21:14] TRADE MATCHED: Ticker: SUNPHARMA | Buy Order: 672 | Sell Order: 515 | Price: ₹1161.11 | Qty: 2 | Total: ₹2322.22
[2026-07-09 16:21:17] TRADE MATCHED: Ticker: TCS | Buy Order: 655 | Sell Order: 678 | Price: ₹3282.80 | Qty: 6 | Total: ₹19696.80
[2026-07-09 16:21:20] TRADE MATCHED: Ticker: HDFCBANK | Buy Order: 682 | Sell Order: 613 | Price: ₹1550.26 | Qty: 6 | Total: ₹9301.56
[2026-07-09 16:21:20] TRADE MATCHED: Ticker: HDFCBANK | Buy Order: 682 | Sell Order: 662 | Price: ₹1554.34 | Qty: 2 | Total: ₹3108.68
[2026-07-09 16:21:22] TRADE MATCHED: Ticker: TCS | Buy Order: 685 | Sell Order: 415 | Price: ₹3322.01 | Qty: 9 | Total: ₹29898.09
[2026-07-09 16:21:23] TRADE MATCHED: Ticker: RELIANCE | Buy Order: 587 | Sell Order: 686 | Price: ₹2596.23 | Qty: 6 | Total: ₹15577.38
[2026-07-09 16:21:25] TRADE MATCHED: Ticker: TCS | Buy Order: 690 | Sell Order: 393 | Price: ₹3323.18 | Qty: 4 | Total: ₹13292.72
[2026-07-09 16:21:25] TRADE MATCHED: Ticker: TCS | Buy Order: 690 | Sell Order: 445 | Price: ₹3323.69 | Qty: 3 | Total: ₹9971.07
[2026-07-09 16:21:25] TRADE MATCHED: Ticker: HDFCBANK | Buy Order: 692 | Sell Order: 579 | Price: ₹1541.00 | Qty: 9 | Total: ₹13869.00
[2026-07-09 16:21:25] TRADE MATCHED: Ticker: TATAMOTORS | Buy Order: 691 | Sell Order: 252 | Price: ₹622.73 | Qty: 6 | Total: ₹3736.38
[2026-07-09 16:21:25] TRADE MATCHED: Ticker: TATAMOTORS | Buy Order: 691 | Sell Order: 600 | Price: ₹622.95 | Qty: 1 | Total: ₹622.95
[2026-07-09 16:21:26] TRADE MATCHED: Ticker: HDFCBANK | Buy Order: 692 | Sell Order: 616 | Price: ₹1541.27 | Qty: 1 | Total: ₹1541.27
[2026-07-09 16:21:27] TRADE MATCHED: Ticker: RELIANCE | Buy Order: 693 | Sell Order: 687 | Price: ₹2597.72 | Qty: 12 | Total: ₹31172.64
[2026-07-09 16:21:27] TRADE MATCHED: Ticker: RELIANCE | Buy Order: 693 | Sell Order: 679 | Price: ₹2623.38 | Qty: 3 | Total: ₹7870.14
[2026-07-09 16:21:28] TRADE MATCHED: Ticker: TATAMOTORS | Buy Order: 627 | Sell Order: 694 | Price: ₹619.94 | Qty: 1 | Total: ₹619.94
[2026-07-09 16:21:28] TRADE MATCHED: Ticker: TATAMOTORS | Buy Order: 676 | Sell Order: 694 | Price: ₹615.79 | Qty: 9 | Total: ₹5542.11
[2026-07-09 16:21:28] TRADE MATCHED: Ticker: TATAMOTORS | Buy Order: 684 | Sell Order: 695 | Price: ₹608.88 | Qty: 6 | Total: ₹3653.28
[2026-07-09 16:21:29] TRADE MATCHED: Ticker: SUNPHARMA | Buy Order: 696 | Sell Order: 240 | Price: ₹1154.44 | Qty: 3 | Total: ₹3463.32
[2026-07-09 16:21:30] TRADE MATCHED: Ticker: HDFCBANK | Buy Order: 697 | Sell Order: 616 | Price: ₹1541.27 | Qty: 6 | Total: ₹9247.62
[2026-07-09 16:21:30] TRADE MATCHED: Ticker: HDFCBANK | Buy Order: 697 | Sell Order: 549 | Price: ₹1547.12 | Qty: 7 | Total: ₹10829.84
[2026-07-09 16:21:30] TRADE MATCHED: Ticker: HDFCBANK | Buy Order: 697 | Sell Order: 632 | Price: ₹1548.47 | Qty: 2 | Total: ₹3096.94
[2026-07-09 16:21:30] TRADE MATCHED: Ticker: SUNPHARMA | Buy Order: 698 | Sell Order: 515 | Price: ₹1161.11 | Qty: 8 | Total: ₹9288.88
[2026-07-09 16:21:32] TRADE MATCHED: Ticker: SUNPHARMA | Buy Order: 702 | Sell Order: 543 | Price: ₹1158.62 | Qty: 7 | Total: ₹8110.34
[2026-07-09 16:21:35] TRADE MATCHED: Ticker: RELIANCE | Buy Order: 666 | Sell Order: 706 | Price: ₹2620.86 | Qty: 1 | Total: ₹2620.86
[2026-07-09 16:21:35] TRADE MATCHED: Ticker: HDFCBANK | Buy Order: 707 | Sell Order: 632 | Price: ₹1548.47 | Qty: 5 | Total: ₹7742.35
[2026-07-09 16:21:37] TRADE MATCHED: Ticker: RELIANCE | Buy Order: 669 | Sell Order: 710 | Price: ₹2582.96 | Qty: 2 | Total: ₹5165.92
[2026-07-09 16:21:38] TRADE MATCHED: Ticker: HDFCBANK | Buy Order: 711 | Sell Order: 709 | Price: ₹1541.71 | Qty: 2 | Total: ₹3083.42
[2026-07-09 16:21:38] TRADE MATCHED: Ticker: HDFCBANK | Buy Order: 403 | Sell Order: 712 | Price: ₹1536.59 | Qty: 14 | Total: ₹21512.26
[2026-07-09 16:21:38] TRADE MATCHED: Ticker: HDFCBANK | Buy Order: 664 | Sell Order: 712 | Price: ₹1535.54 | Qty: 1 | Total: ₹1535.54
[2026-07-09 16:21:40] TRADE MATCHED: Ticker: TCS | Buy Order: 715 | Sell Order: 506 | Price: ₹3287.11 | Qty: 2 | Total: ₹6574.22
[2026-07-09 16:21:40] TRADE MATCHED: Ticker: SUNPHARMA | Buy Order: 688 | Sell Order: 716 | Price: ₹1157.77 | Qty: 15 | Total: ₹17366.55
[2026-07-09 16:21:41] TRADE MATCHED: Ticker: SUNPHARMA | Buy Order: 663 | Sell Order: 718 | Price: ₹1153.95 | Qty: 9 | Total: ₹10385.55
[2026-07-09 16:21:41] TRADE MATCHED: Ticker: TATAMOTORS | Buy Order: 717 | Sell Order: 646 | Price: ₹614.30 | Qty: 3 | Total: ₹1842.90
[2026-07-09 16:21:41] TRADE MATCHED: Ticker: SUNPHARMA | Buy Order: 701 | Sell Order: 718 | Price: ₹1145.71 | Qty: 1 | Total: ₹1145.71
[2026-07-09 16:21:41] TRADE MATCHED: Ticker: RELIANCE | Buy Order: 720 | Sell Order: 710 | Price: ₹2582.49 | Qty: 4 | Total: ₹10329.96
[2026-07-09 16:21:43] TRADE MATCHED: Ticker: TCS | Buy Order: 655 | Sell Order: 721 | Price: ₹3282.80 | Qty: 4 | Total: ₹13131.20
[2026-07-09 16:21:45] TRADE MATCHED: Ticker: RELIANCE | Buy Order: 705 | Sell Order: 726 | Price: ₹2659.68 | Qty: 10 | Total: ₹26596.80
[2026-07-09 16:21:47] TRADE MATCHED: Ticker: HDFCBANK | Buy Order: 714 | Sell Order: 729 | Price: ₹1547.42 | Qty: 10 | Total: ₹15474.20
[2026-07-09 16:21:47] TRADE MATCHED: Ticker: HDFCBANK | Buy Order: 367 | Sell Order: 729 | Price: ₹1546.40 | Qty: 4 | Total: ₹6185.60
[2026-07-09 16:21:48] TRADE MATCHED: Ticker: RELIANCE | Buy Order: 730 | Sell Order: 726 | Price: ₹2633.81 | Qty: 3 | Total: ₹7901.43
[2026-07-09 16:21:50] TRADE MATCHED: Ticker: TATAMOTORS | Buy Order: 733 | Sell Order: 594 | Price: ₹623.52 | Qty: 2 | Total: ₹1247.04
[2026-07-09 16:21:50] TRADE MATCHED: Ticker: TATAMOTORS | Buy Order: 733 | Sell Order: 564 | Price: ₹624.31 | Qty: 4 | Total: ₹2497.24
[2026-07-09 16:21:50] TRADE MATCHED: Ticker: HDFCBANK | Buy Order: 664 | Sell Order: 734 | Price: ₹1535.54 | Qty: 11 | Total: ₹16890.94
[2026-07-09 16:21:50] TRADE MATCHED: Ticker: HDFCBANK | Buy Order: 392 | Sell Order: 734 | Price: ₹1531.65 | Qty: 2 | Total: ₹3063.30
[2026-07-09 16:21:51] TRADE MATCHED: Ticker: HDFCBANK | Buy Order: 501 | Sell Order: 735 | Price: ₹1541.02 | Qty: 8 | Total: ₹12328.16
[2026-07-09 16:21:51] TRADE MATCHED: Ticker: HDFCBANK | Buy Order: 736 | Sell Order: 709 | Price: ₹1541.71 | Qty: 2 | Total: ₹3083.42
[2026-07-09 16:21:52] TRADE MATCHED: Ticker: HDFCBANK | Buy Order: 739 | Sell Order: 735 | Price: ₹1539.19 | Qty: 3 | Total: ₹4617.57
[2026-07-09 16:21:54] TRADE MATCHED: Ticker: TCS | Buy Order: 655 | Sell Order: 742 | Price: ₹3282.80 | Qty: 4 | Total: ₹13131.20
[2026-07-09 16:21:54] TRADE MATCHED: Ticker: TCS | Buy Order: 725 | Sell Order: 742 | Price: ₹3274.05 | Qty: 10 | Total: ₹32740.50
[2026-07-09 16:21:55] TRADE MATCHED: Ticker: TATAMOTORS | Buy Order: 733 | Sell Order: 743 | Price: ₹625.12 | Qty: 1 | Total: ₹625.12
[2026-07-09 16:22:00] TRADE MATCHED: Ticker: SUNPHARMA | Buy Order: 601 | Sell Order: 752 | Price: ₹1144.82 | Qty: 1 | Total: ₹1144.82
[2026-07-09 16:22:01] TRADE MATCHED: Ticker: SUNPHARMA | Buy Order: 479 | Sell Order: 752 | Price: ₹1144.47 | Qty: 3 | Total: ₹3433.41
[2026-07-09 16:22:01] TRADE MATCHED: Ticker: TATAMOTORS | Buy Order: 753 | Sell Order: 661 | Price: ₹625.14 | Qty: 9 | Total: ₹5626.26
[2026-07-09 16:22:01] TRADE MATCHED: Ticker: TATAMOTORS | Buy Order: 753 | Sell Order: 28 | Price: ₹627.17 | Qty: 6 | Total: ₹3763.02
[2026-07-09 16:22:02] TRADE MATCHED: Ticker: HDFCBANK | Buy Order: 739 | Sell Order: 754 | Price: ₹1543.28 | Qty: 9 | Total: ₹13889.52
[2026-07-09 16:22:02] TRADE MATCHED: Ticker: HDFCBANK | Buy Order: 444 | Sell Order: 754 | Price: ₹1538.29 | Qty: 5 | Total: ₹7691.45
[2026-07-09 16:22:02] TRADE MATCHED: Ticker: HDFCBANK | Buy Order: 756 | Sell Order: 740 | Price: ₹1542.58 | Qty: 2 | Total: ₹3085.16
[2026-07-09 16:22:02] TRADE MATCHED: Ticker: HDFCBANK | Buy Order: 756 | Sell Order: 652 | Price: ₹1550.24 | Qty: 3 | Total: ₹4650.72
[2026-07-09 16:22:03] TRADE MATCHED: Ticker: SUNPHARMA | Buy Order: 757 | Sell Order: 543 | Price: ₹1158.62 | Qty: 2 | Total: ₹2317.24
[2026-07-09 16:22:03] TRADE MATCHED: Ticker: SUNPHARMA | Buy Order: 757 | Sell Order: 546 | Price: ₹1158.67 | Qty: 3 | Total: ₹3476.01
[2026-07-09 16:22:07] TRADE MATCHED: Ticker: RELIANCE | Buy Order: 763 | Sell Order: 706 | Price: ₹2606.71 | Qty: 4 | Total: ₹10426.84
[2026-07-09 16:22:09] TRADE MATCHED: Ticker: SUNPHARMA | Buy Order: 765 | Sell Order: 546 | Price: ₹1158.67 | Qty: 4 | Total: ₹4634.68
[2026-07-09 16:22:09] TRADE MATCHED: Ticker: SUNPHARMA | Buy Order: 765 | Sell Order: 503 | Price: ₹1160.00 | Qty: 3 | Total: ₹3480.00
[2026-07-09 16:22:09] TRADE MATCHED: Ticker: SUNPHARMA | Buy Order: 719 | Sell Order: 766 | Price: ₹1150.80 | Qty: 8 | Total: ₹9206.40
[2026-07-09 16:22:12] TRADE MATCHED: Ticker: RELIANCE | Buy Order: 703 | Sell Order: 772 | Price: ₹2606.28 | Qty: 14 | Total: ₹36487.92
[2026-07-09 16:22:15] TRADE MATCHED: Ticker: TATAMOTORS | Buy Order: 776 | Sell Order: 646 | Price: ₹614.30 | Qty: 2 | Total: ₹1228.60
[2026-07-09 16:22:15] TRADE MATCHED: Ticker: RELIANCE | Buy Order: 777 | Sell Order: 706 | Price: ₹2606.71 | Qty: 1 | Total: ₹2606.71
[2026-07-09 16:22:15] TRADE MATCHED: Ticker: RELIANCE | Buy Order: 777 | Sell Order: 608 | Price: ₹2624.71 | Qty: 1 | Total: ₹2624.71
[2026-07-09 16:22:16] TRADE MATCHED: Ticker: RELIANCE | Buy Order: 777 | Sell Order: 681 | Price: ₹2624.77 | Qty: 4 | Total: ₹10499.08
[2026-07-09 16:22:16] TRADE MATCHED: Ticker: TATAMOTORS | Buy Order: 778 | Sell Order: 646 | Price: ₹614.30 | Qty: 1 | Total: ₹614.30
[2026-07-09 16:22:16] TRADE MATCHED: Ticker: TATAMOTORS | Buy Order: 778 | Sell Order: 365 | Price: ₹614.46 | Qty: 4 | Total: ₹2457.84
[2026-07-09 16:22:20] TRADE MATCHED: Ticker: TATAMOTORS | Buy Order: 784 | Sell Order: 365 | Price: ₹614.46 | Qty: 1 | Total: ₹614.46
[2026-07-09 16:22:21] TRADE MATCHED: Ticker: RELIANCE | Buy Order: 777 | Sell Order: 786 | Price: ₹2626.51 | Qty: 3 | Total: ₹7879.53
[2026-07-09 16:22:23] TRADE MATCHED: Ticker: TCS | Buy Order: 651 | Sell Order: 789 | Price: ₹3320.80 | Qty: 1 | Total: ₹3320.80
[2026-07-09 16:22:23] TRADE MATCHED: Ticker: TCS | Buy Order: 442 | Sell Order: 789 | Price: ₹3296.25 | Qty: 8 | Total: ₹26370.00
[2026-07-09 16:22:23] TRADE MATCHED: Ticker: TATAMOTORS | Buy Order: 733 | Sell Order: 790 | Price: ₹625.12 | Qty: 5 | Total: ₹3125.60
[2026-07-09 16:22:23] TRADE MATCHED: Ticker: TATAMOTORS | Buy Order: 724 | Sell Order: 790 | Price: ₹618.19 | Qty: 9 | Total: ₹5563.71
[2026-07-09 16:22:25] TRADE MATCHED: Ticker: SUNPHARMA | Buy Order: 791 | Sell Order: 766 | Price: ₹1139.64 | Qty: 1 | Total: ₹1139.64
[2026-07-09 16:22:25] TRADE MATCHED: Ticker: SUNPHARMA | Buy Order: 791 | Sell Order: 779 | Price: ₹1145.24 | Qty: 10 | Total: ₹11452.40
[2026-07-09 16:22:25] TRADE MATCHED: Ticker: TATAMOTORS | Buy Order: 793 | Sell Order: 28 | Price: ₹627.17 | Qty: 4 | Total: ₹2508.68
[2026-07-09 16:22:25] TRADE MATCHED: Ticker: SUNPHARMA | Buy Order: 479 | Sell Order: 794 | Price: ₹1144.47 | Qty: 2 | Total: ₹2288.94
[2026-07-09 16:22:26] TRADE MATCHED: Ticker: SUNPHARMA | Buy Order: 722 | Sell Order: 794 | Price: ₹1142.29 | Qty: 2 | Total: ₹2284.58
[2026-07-09 16:22:26] TRADE MATCHED: Ticker: SUNPHARMA | Buy Order: 748 | Sell Order: 794 | Price: ₹1141.06 | Qty: 1 | Total: ₹1141.06
[2026-07-09 16:22:27] TRADE MATCHED: Ticker: HDFCBANK | Buy Order: 795 | Sell Order: 729 | Price: ₹1546.22 | Qty: 1 | Total: ₹1546.22
[2026-07-09 16:22:27] TRADE MATCHED: Ticker: HDFCBANK | Buy Order: 795 | Sell Order: 758 | Price: ₹1550.68 | Qty: 3 | Total: ₹4652.04
[2026-07-09 16:22:27] TRADE MATCHED: Ticker: HDFCBANK | Buy Order: 795 | Sell Order: 662 | Price: ₹1554.34 | Qty: 2 | Total: ₹3108.68
[2026-07-09 16:22:30] TRADE MATCHED: Ticker: TCS | Buy Order: 764 | Sell Order: 799 | Price: ₹3282.28 | Qty: 8 | Total: ₹26258.24
[2026-07-09 16:22:32] TRADE MATCHED: Ticker: TATAMOTORS | Buy Order: 803 | Sell Order: 365 | Price: ₹614.46 | Qty: 7 | Total: ₹4301.22
[2026-07-09 16:22:32] TRADE MATCHED: Ticker: TATAMOTORS | Buy Order: 803 | Sell Order: 500 | Price: ₹615.06 | Qty: 2 | Total: ₹1230.12
[2026-07-09 16:22:32] TRADE MATCHED: Ticker: TATAMOTORS | Buy Order: 803 | Sell Order: 771 | Price: ₹616.52 | Qty: 2 | Total: ₹1233.04
[2026-07-09 16:22:32] TRADE MATCHED: Ticker: TATAMOTORS | Buy Order: 803 | Sell Order: 429 | Price: ₹623.20 | Qty: 2 | Total: ₹1246.40
[2026-07-09 16:22:33] TRADE MATCHED: Ticker: TCS | Buy Order: 804 | Sell Order: 799 | Price: ₹3279.96 | Qty: 1 | Total: ₹3279.96
[2026-07-09 16:22:33] TRADE MATCHED: Ticker: TCS | Buy Order: 804 | Sell Order: 626 | Price: ₹3288.62 | Qty: 9 | Total: ₹29597.58
[2026-07-09 16:22:33] TRADE MATCHED: Ticker: TCS | Buy Order: 804 | Sell Order: 540 | Price: ₹3291.44 | Qty: 4 | Total: ₹13165.76
[2026-07-09 16:22:33] TRADE MATCHED: Ticker: TCS | Buy Order: 804 | Sell Order: 755 | Price: ₹3294.00 | Qty: 1 | Total: ₹3294.00
[2026-07-09 16:22:33] TRADE MATCHED: Ticker: RELIANCE | Buy Order: 805 | Sell Order: 786 | Price: ₹2607.59 | Qty: 6 | Total: ₹15645.54
[2026-07-09 16:22:34] TRADE MATCHED: Ticker: RELIANCE | Buy Order: 805 | Sell Order: 243 | Price: ₹2628.71 | Qty: 9 | Total: ₹23658.39
[2026-07-09 16:22:35] TRADE MATCHED: Ticker: RELIANCE | Buy Order: 720 | Sell Order: 807 | Price: ₹2594.92 | Qty: 7 | Total: ₹18164.44
[2026-07-09 16:22:36] TRADE MATCHED: Ticker: SUNPHARMA | Buy Order: 761 | Sell Order: 809 | Price: ₹1139.05 | Qty: 2 | Total: ₹2278.10
[2026-07-09 16:22:37] TRADE MATCHED: Ticker: TCS | Buy Order: 808 | Sell Order: 810 | Price: ₹3284.94 | Qty: 7 | Total: ₹22994.58
[2026-07-09 16:22:38] TRADE MATCHED: Ticker: TCS | Buy Order: 725 | Sell Order: 810 | Price: ₹3274.05 | Qty: 1 | Total: ₹3274.05
[2026-07-09 16:22:39] TRADE MATCHED: Ticker: TATAMOTORS | Buy Order: 814 | Sell Order: 429 | Price: ₹623.20 | Qty: 6 | Total: ₹3739.20
[2026-07-09 16:22:40] TRADE MATCHED: Ticker: HDFCBANK | Buy Order: 795 | Sell Order: 816 | Price: ₹1557.53 | Qty: 3 | Total: ₹4672.59
[2026-07-09 16:22:44] TRADE MATCHED: Ticker: HDFCBANK | Buy Order: 444 | Sell Order: 822 | Price: ₹1538.29 | Qty: 5 | Total: ₹7691.45
[2026-07-09 16:22:46] TRADE MATCHED: Ticker: RELIANCE | Buy Order: 824 | Sell Order: 807 | Price: ₹2587.99 | Qty: 3 | Total: ₹7763.97
[2026-07-09 16:22:46] TRADE MATCHED: Ticker: RELIANCE | Buy Order: 824 | Sell Order: 727 | Price: ₹2630.33 | Qty: 10 | Total: ₹26303.30
[2026-07-09 16:22:47] TRADE MATCHED: Ticker: HDFCBANK | Buy Order: 826 | Sell Order: 811 | Price: ₹1556.27 | Qty: 9 | Total: ₹14006.43
[2026-07-09 16:22:48] TRADE MATCHED: Ticker: TATAMOTORS | Buy Order: 818 | Sell Order: 828 | Price: ₹631.47 | Qty: 2 | Total: ₹1262.94
[2026-07-09 16:22:48] TRADE MATCHED: Ticker: TATAMOTORS | Buy Order: 829 | Sell Order: 815 | Price: ₹614.56 | Qty: 7 | Total: ₹4301.92
[2026-07-09 16:22:48] TRADE MATCHED: Ticker: TATAMOTORS | Buy Order: 829 | Sell Order: 823 | Price: ₹616.37 | Qty: 4 | Total: ₹2465.48
[2026-07-09 16:22:50] TRADE MATCHED: Ticker: HDFCBANK | Buy Order: 787 | Sell Order: 833 | Price: ₹1555.62 | Qty: 10 | Total: ₹15556.20
[2026-07-09 16:22:50] TRADE MATCHED: Ticker: HDFCBANK | Buy Order: 801 | Sell Order: 833 | Price: ₹1553.66 | Qty: 2 | Total: ₹3107.32
[2026-07-09 16:22:51] TRADE MATCHED: Ticker: TATAMOTORS | Buy Order: 835 | Sell Order: 823 | Price: ₹616.37 | Qty: 1 | Total: ₹616.37
[2026-07-09 16:22:54] TRADE MATCHED: Ticker: TCS | Buy Order: 725 | Sell Order: 840 | Price: ₹3274.05 | Qty: 3 | Total: ₹9822.15
[2026-07-09 16:22:54] TRADE MATCHED: Ticker: TCS | Buy Order: 584 | Sell Order: 840 | Price: ₹3264.19 | Qty: 1 | Total: ₹3264.19
[2026-07-09 16:22:54] TRADE MATCHED: Ticker: HDFCBANK | Buy Order: 801 | Sell Order: 839 | Price: ₹1553.66 | Qty: 4 | Total: ₹6214.64
[2026-07-09 16:22:55] TRADE MATCHED: Ticker: TCS | Buy Order: 838 | Sell Order: 841 | Price: ₹3319.04 | Qty: 7 | Total: ₹23233.28
[2026-07-09 16:22:55] TRADE MATCHED: Ticker: HDFCBANK | Buy Order: 756 | Sell Order: 839 | Price: ₹1552.74 | Qty: 1 | Total: ₹1552.74
[2026-07-09 16:23:00] TRADE MATCHED: Ticker: RELIANCE | Buy Order: 850 | Sell Order: 848 | Price: ₹2608.25 | Qty: 4 | Total: ₹10433.00
[2026-07-09 16:23:00] TRADE MATCHED: Ticker: RELIANCE | Buy Order: 850 | Sell Order: 727 | Price: ₹2630.33 | Qty: 1 | Total: ₹2630.33
[2026-07-09 16:23:00] TRADE MATCHED: Ticker: RELIANCE | Buy Order: 850 | Sell Order: 767 | Price: ₹2631.22 | Qty: 2 | Total: ₹5262.44
[2026-07-09 16:23:02] TRADE MATCHED: Ticker: TCS | Buy Order: 852 | Sell Order: 445 | Price: ₹3323.69 | Qty: 5 | Total: ₹16618.45
[2026-07-09 16:23:04] TRADE MATCHED: Ticker: SUNPHARMA | Buy Order: 820 | Sell Order: 857 | Price: ₹1151.49 | Qty: 3 | Total: ₹3454.47
[2026-07-09 16:23:05] TRADE MATCHED: Ticker: TATAMOTORS | Buy Order: 818 | Sell Order: 858 | Price: ₹631.47 | Qty: 12 | Total: ₹7577.64
[2026-07-09 16:23:05] TRADE MATCHED: Ticker: TATAMOTORS | Buy Order: 793 | Sell Order: 858 | Price: ₹627.82 | Qty: 3 | Total: ₹1883.46
[2026-07-09 16:23:05] TRADE MATCHED: Ticker: RELIANCE | Buy Order: 774 | Sell Order: 859 | Price: ₹2629.80 | Qty: 1 | Total: ₹2629.80
[2026-07-09 16:23:06] TRADE MATCHED: Ticker: SUNPHARMA | Buy Order: 860 | Sell Order: 854 | Price: ₹1152.99 | Qty: 6 | Total: ₹6917.94
[2026-07-09 16:23:06] TRADE MATCHED: Ticker: SUNPHARMA | Buy Order: 860 | Sell Order: 769 | Price: ₹1158.20 | Qty: 3 | Total: ₹3474.60
[2026-07-09 16:23:08] TRADE MATCHED: Ticker: HDFCBANK | Buy Order: 864 | Sell Order: 822 | Price: ₹1534.44 | Qty: 4 | Total: ₹6137.76
[2026-07-09 16:23:09] TRADE MATCHED: Ticker: SUNPHARMA | Buy Order: 865 | Sell Order: 769 | Price: ₹1158.20 | Qty: 7 | Total: ₹8107.40
[2026-07-09 16:23:09] TRADE MATCHED: Ticker: SUNPHARMA | Buy Order: 865 | Sell Order: 760 | Price: ₹1161.26 | Qty: 3 | Total: ₹3483.78
[2026-07-09 16:23:10] TRADE MATCHED: Ticker: TCS | Buy Order: 866 | Sell Order: 445 | Price: ₹3323.69 | Qty: 4 | Total: ₹13294.76
[2026-07-09 16:23:12] TRADE MATCHED: Ticker: TCS | Buy Order: 834 | Sell Order: 871 | Price: ₹3300.08 | Qty: 2 | Total: ₹6600.16
[2026-07-09 16:23:12] TRADE MATCHED: Ticker: TATAMOTORS | Buy Order: 872 | Sell Order: 429 | Price: ₹623.20 | Qty: 7 | Total: ₹4362.40
[2026-07-09 16:23:14] TRADE MATCHED: Ticker: HDFCBANK | Buy Order: 864 | Sell Order: 876 | Price: ₹1543.55 | Qty: 7 | Total: ₹10804.85
[2026-07-09 16:23:14] TRADE MATCHED: Ticker: HDFCBANK | Buy Order: 534 | Sell Order: 876 | Price: ₹1531.87 | Qty: 2 | Total: ₹3063.74
[2026-07-09 16:23:14] TRADE MATCHED: Ticker: TCS | Buy Order: 874 | Sell Order: 847 | Price: ₹3267.56 | Qty: 5 | Total: ₹16337.80
[2026-07-09 16:23:14] TRADE MATCHED: Ticker: HDFCBANK | Buy Order: 379 | Sell Order: 876 | Price: ₹1530.62 | Qty: 4 | Total: ₹6122.48
[2026-07-09 16:23:14] TRADE MATCHED: Ticker: HDFCBANK | Buy Order: 648 | Sell Order: 876 | Price: ₹1530.28 | Qty: 2 | Total: ₹3060.56
[2026-07-09 16:23:15] TRADE MATCHED: Ticker: RELIANCE | Buy Order: 877 | Sell Order: 767 | Price: ₹2631.22 | Qty: 7 | Total: ₹18418.54
[2026-07-09 16:23:15] TRADE MATCHED: Ticker: RELIANCE | Buy Order: 877 | Sell Order: 284 | Price: ₹2635.67 | Qty: 2 | Total: ₹5271.34
[2026-07-09 16:23:15] TRADE MATCHED: Ticker: RELIANCE | Buy Order: 877 | Sell Order: 317 | Price: ₹2636.71 | Qty: 5 | Total: ₹13183.55
[2026-07-09 16:23:16] TRADE MATCHED: Ticker: TATAMOTORS | Buy Order: 835 | Sell Order: 878 | Price: ₹618.01 | Qty: 10 | Total: ₹6180.10
[2026-07-09 16:23:16] TRADE MATCHED: Ticker: TATAMOTORS | Buy Order: 837 | Sell Order: 878 | Price: ₹616.00 | Qty: 1 | Total: ₹616.00
[2026-07-09 16:23:18] TRADE MATCHED: Ticker: TATAMOTORS | Buy Order: 837 | Sell Order: 882 | Price: ₹616.00 | Qty: 5 | Total: ₹3080.00
[2026-07-09 16:23:20] TRADE MATCHED: Ticker: SUNPHARMA | Buy Order: 870 | Sell Order: 885 | Price: ₹1157.08 | Qty: 5 | Total: ₹5785.40
[2026-07-09 16:23:22] TRADE MATCHED: Ticker: RELIANCE | Buy Order: 887 | Sell Order: 317 | Price: ₹2636.71 | Qty: 2 | Total: ₹5273.42
[2026-07-09 16:23:23] TRADE MATCHED: Ticker: TATAMOTORS | Buy Order: 793 | Sell Order: 889 | Price: ₹627.82 | Qty: 3 | Total: ₹1883.46
[2026-07-09 16:23:23] TRADE MATCHED: Ticker: TATAMOTORS | Buy Order: 813 | Sell Order: 889 | Price: ₹618.88 | Qty: 1 | Total: ₹618.88
[2026-07-09 16:23:25] TRADE MATCHED: Ticker: SUNPHARMA | Buy Order: 892 | Sell Order: 845 | Price: ₹1139.92 | Qty: 5 | Total: ₹5699.60
[2026-07-09 16:23:26] TRADE MATCHED: Ticker: RELIANCE | Buy Order: 895 | Sell Order: 269 | Price: ₹2643.96 | Qty: 8 | Total: ₹21151.68
[2026-07-09 16:23:30] TRADE MATCHED: Ticker: RELIANCE | Buy Order: 900 | Sell Order: 269 | Price: ₹2643.96 | Qty: 1 | Total: ₹2643.96
[2026-07-09 16:23:30] TRADE MATCHED: Ticker: SUNPHARMA | Buy Order: 761 | Sell Order: 901 | Price: ₹1139.05 | Qty: 3 | Total: ₹3417.15
[2026-07-09 16:23:31] TRADE MATCHED: Ticker: SUNPHARMA | Buy Order: 490 | Sell Order: 901 | Price: ₹1136.17 | Qty: 8 | Total: ₹9089.36
[2026-07-09 16:23:31] TRADE MATCHED: Ticker: SUNPHARMA | Buy Order: 731 | Sell Order: 901 | Price: ₹1134.78 | Qty: 2 | Total: ₹2269.56
[2026-07-09 16:23:31] TRADE MATCHED: Ticker: HDFCBANK | Buy Order: 756 | Sell Order: 902 | Price: ₹1552.74 | Qty: 3 | Total: ₹4658.22
[2026-07-09 16:23:34] TRADE MATCHED: Ticker: TCS | Buy Order: 906 | Sell Order: 847 | Price: ₹3267.56 | Qty: 3 | Total: ₹9802.68
[2026-07-09 16:23:34] TRADE MATCHED: Ticker: TCS | Buy Order: 883 | Sell Order: 907 | Price: ₹3304.96 | Qty: 3 | Total: ₹9914.88
[2026-07-09 16:23:34] TRADE MATCHED: Ticker: TCS | Buy Order: 906 | Sell Order: 897 | Price: ₹3268.05 | Qty: 6 | Total: ₹19608.30
[2026-07-09 16:23:35] TRADE MATCHED: Ticker: RELIANCE | Buy Order: 908 | Sell Order: 269 | Price: ₹2643.96 | Qty: 3 | Total: ₹7931.88
[2026-07-09 16:23:35] TRADE MATCHED: Ticker: RELIANCE | Buy Order: 908 | Sell Order: 905 | Price: ₹2643.99 | Qty: 2 | Total: ₹5287.98
[2026-07-09 16:23:36] TRADE MATCHED: Ticker: HDFCBANK | Buy Order: 910 | Sell Order: 902 | Price: ₹1552.58 | Qty: 5 | Total: ₹7762.90
[2026-07-09 16:23:38] TRADE MATCHED: Ticker: TCS | Buy Order: 913 | Sell Order: 755 | Price: ₹3294.00 | Qty: 3 | Total: ₹9882.00
[2026-07-09 17:26:07] TRADE MATCHED: Ticker: RELIANCE | Buy Order: 887 | Sell Order: 817 | Price: ₹2634.40 | Qty: 3 | Total: ₹7903.20
[2026-07-09 17:26:07] TRADE MATCHED: Ticker: SUNPHARMA | Buy Order: 819 | Sell Order: 845 | Price: ₹1143.34 | Qty: 8 | Total: ₹9146.72
[2026-07-09 17:26:07] TRADE MATCHED: Ticker: TCS | Buy Order: 883 | Sell Order: 797 | Price: ₹3294.65 | Qty: 3 | Total: ₹9883.95
[2026-07-09 17:26:07] TRADE MATCHED: Ticker: HDFCBANK | Buy Order: 792 | Sell Order: 863 | Price: ₹1552.08 | Qty: 10 | Total: ₹15520.80
[2026-07-09 17:26:08] TRADE MATCHED: Ticker: HDFCBANK | Buy Order: 893 | Sell Order: 863 | Price: ₹1545.90 | Qty: 2 | Total: ₹3091.80
[2026-07-09 17:26:08] TRADE MATCHED: Ticker: HDFCBANK | Buy Order: 893 | Sell Order: 825 | Price: ₹1546.92 | Qty: 8 | Total: ₹12375.36
[2026-07-09 17:26:08] TRADE MATCHED: Ticker: HDFCBANK | Buy Order: 912 | Sell Order: 825 | Price: ₹1546.92 | Qty: 6 | Total: ₹9281.52
[2026-07-09 17:26:11] TRADE MATCHED: Ticker: HDFCBANK | Buy Order: 916 | Sell Order: 868 | Price: ₹1548.59 | Qty: 10 | Total: ₹15485.90
[2026-07-09 17:26:11] TRADE MATCHED: Ticker: HDFCBANK | Buy Order: 916 | Sell Order: 902 | Price: ₹1552.58 | Qty: 4 | Total: ₹6210.32
[2026-07-09 17:26:20] TRADE MATCHED: Ticker: TATAMOTORS | Buy Order: 813 | Sell Order: 924 | Price: ₹618.88 | Qty: 1 | Total: ₹618.88
[2026-07-09 17:26:22] TRADE MATCHED: Ticker: HDFCBANK | Buy Order: 927 | Sell Order: 902 | Price: ₹1552.58 | Qty: 3 | Total: ₹4657.74
[2026-07-09 17:26:22] TRADE MATCHED: Ticker: HDFCBANK | Buy Order: 927 | Sell Order: 816 | Price: ₹1552.76 | Qty: 2 | Total: ₹3105.52
[2026-07-09 17:26:22] TRADE MATCHED: Ticker: HDFCBANK | Buy Order: 927 | Sell Order: 920 | Price: ₹1554.97 | Qty: 7 | Total: ₹10884.79
[2026-07-09 17:26:24] TRADE MATCHED: Ticker: TATAMOTORS | Buy Order: 813 | Sell Order: 928 | Price: ₹618.88 | Qty: 4 | Total: ₹2475.52
[2026-07-09 17:26:24] TRADE MATCHED: Ticker: TCS | Buy Order: 883 | Sell Order: 929 | Price: ₹3304.96 | Qty: 7 | Total: ₹23134.72
[2026-07-09 17:26:27] TRADE MATCHED: Ticker: RELIANCE | Buy Order: 774 | Sell Order: 932 | Price: ₹2629.80 | Qty: 12 | Total: ₹31557.60
[2026-07-09 17:26:27] TRADE MATCHED: Ticker: TCS | Buy Order: 931 | Sell Order: 788 | Price: ₹3310.23 | Qty: 12 | Total: ₹39722.76
[2026-07-09 17:26:27] TRADE MATCHED: Ticker: TCS | Buy Order: 931 | Sell Order: 751 | Price: ₹3310.52 | Qty: 1 | Total: ₹3310.52
[2026-07-09 17:26:28] TRADE MATCHED: Ticker: TCS | Buy Order: 834 | Sell Order: 933 | Price: ₹3300.08 | Qty: 1 | Total: ₹3300.08
[2026-07-09 17:26:30] TRADE MATCHED: Ticker: SUNPHARMA | Buy Order: 819 | Sell Order: 934 | Price: ₹1143.34 | Qty: 4 | Total: ₹4573.36
[2026-07-09 17:26:31] TRADE MATCHED: Ticker: TCS | Buy Order: 935 | Sell Order: 751 | Price: ₹3310.52 | Qty: 7 | Total: ₹23173.64
[2026-07-09 17:26:32] TRADE MATCHED: Ticker: RELIANCE | Buy Order: 936 | Sell Order: 886 | Price: ₹2636.36 | Qty: 4 | Total: ₹10545.44
[2026-07-09 17:26:34] TRADE MATCHED: Ticker: TATAMOTORS | Buy Order: 813 | Sell Order: 937 | Price: ₹618.88 | Qty: 7 | Total: ₹4332.16
[2026-07-09 17:26:34] TRADE MATCHED: Ticker: TATAMOTORS | Buy Order: 862 | Sell Order: 937 | Price: ₹618.77 | Qty: 5 | Total: ₹3093.85
[2026-07-09 17:26:35] TRADE MATCHED: Ticker: TCS | Buy Order: 939 | Sell Order: 677 | Price: ₹3312.26 | Qty: 5 | Total: ₹16561.30
[2026-07-09 17:26:37] TRADE MATCHED: Ticker: HDFCBANK | Buy Order: 940 | Sell Order: 920 | Price: ₹1554.97 | Qty: 6 | Total: ₹9329.82
[2026-07-09 17:26:37] TRADE MATCHED: Ticker: HDFCBANK | Buy Order: 940 | Sell Order: 811 | Price: ₹1556.27 | Qty: 1 | Total: ₹1556.27
[2026-07-09 17:26:37] TRADE MATCHED: Ticker: HDFCBANK | Buy Order: 940 | Sell Order: 896 | Price: ₹1558.23 | Qty: 6 | Total: ₹9349.38
[2026-07-09 17:26:39] TRADE MATCHED: Ticker: HDFCBANK | Buy Order: 942 | Sell Order: 896 | Price: ₹1558.23 | Qty: 4 | Total: ₹6232.92
[2026-07-09 17:26:39] TRADE MATCHED: Ticker: SUNPHARMA | Buy Order: 748 | Sell Order: 943 | Price: ₹1141.06 | Qty: 1 | Total: ₹1141.06
[2026-07-09 17:26:41] TRADE MATCHED: Ticker: TCS | Buy Order: 935 | Sell Order: 944 | Price: ₹3311.11 | Qty: 2 | Total: ₹6622.22
[2026-07-09 17:26:42] TRADE MATCHED: Ticker: RELIANCE | Buy Order: 774 | Sell Order: 946 | Price: ₹2629.80 | Qty: 2 | Total: ₹5259.60
[2026-07-09 17:26:45] TRADE MATCHED: Ticker: SUNPHARMA | Buy Order: 384 | Sell Order: 947 | Price: ₹1138.76 | Qty: 8 | Total: ₹9110.08
[2026-07-09 17:26:47] TRADE MATCHED: Ticker: TATAMOTORS | Buy Order: 949 | Sell Order: 894 | Price: ₹618.89 | Qty: 11 | Total: ₹6807.79
[2026-07-09 17:26:48] TRADE MATCHED: Ticker: SUNPHARMA | Buy Order: 384 | Sell Order: 950 | Price: ₹1138.76 | Qty: 4 | Total: ₹4555.04
[2026-07-09 17:26:48] TRADE MATCHED: Ticker: SUNPHARMA | Buy Order: 737 | Sell Order: 950 | Price: ₹1138.53 | Qty: 2 | Total: ₹2277.06
[2026-07-09 17:26:50] TRADE MATCHED: Ticker: RELIANCE | Buy Order: 867 | Sell Order: 951 | Price: ₹2623.98 | Qty: 1 | Total: ₹2623.98
[2026-07-09 17:26:59] TRADE MATCHED: Ticker: SUNPHARMA | Buy Order: 737 | Sell Order: 960 | Price: ₹1138.53 | Qty: 3 | Total: ₹3415.59
[2026-07-09 17:26:59] TRADE MATCHED: Ticker: SUNPHARMA | Buy Order: 517 | Sell Order: 960 | Price: ₹1136.33 | Qty: 1 | Total: ₹1136.33
[2026-07-09 17:26:59] TRADE MATCHED: Ticker: SUNPHARMA | Buy Order: 302 | Sell Order: 960 | Price: ₹1135.89 | Qty: 1 | Total: ₹1135.89
[2026-07-09 17:26:59] TRADE MATCHED: Ticker: SUNPHARMA | Buy Order: 747 | Sell Order: 960 | Price: ₹1135.71 | Qty: 3 | Total: ₹3407.13
[2026-07-09 17:26:59] TRADE MATCHED: Ticker: SUNPHARMA | Buy Order: 595 | Sell Order: 960 | Price: ₹1135.36 | Qty: 3 | Total: ₹3406.08
[2026-07-09 17:27:00] TRADE MATCHED: Ticker: TATAMOTORS | Buy Order: 862 | Sell Order: 959 | Price: ₹618.77 | Qty: 1 | Total: ₹618.77
[2026-07-09 17:27:01] TRADE MATCHED: Ticker: RELIANCE | Buy Order: 961 | Sell Order: 962 | Price: ₹2627.68 | Qty: 9 | Total: ₹23649.12
[2026-07-09 17:27:01] TRADE MATCHED: Ticker: RELIANCE | Buy Order: 867 | Sell Order: 962 | Price: ₹2623.98 | Qty: 1 | Total: ₹2623.98
[2026-07-09 17:27:05] TRADE MATCHED: Ticker: RELIANCE | Buy Order: 964 | Sell Order: 946 | Price: ₹2629.71 | Qty: 7 | Total: ₹18407.97
[2026-07-09 17:27:08] TRADE MATCHED: Ticker: TATAMOTORS | Buy Order: 862 | Sell Order: 967 | Price: ₹618.77 | Qty: 3 | Total: ₹1856.31
[2026-07-09 17:27:09] TRADE MATCHED: Ticker: RELIANCE | Buy Order: 968 | Sell Order: 946 | Price: ₹2629.71 | Qty: 1 | Total: ₹2629.71
[2026-07-09 17:27:09] TRADE MATCHED: Ticker: RELIANCE | Buy Order: 968 | Sell Order: 886 | Price: ₹2636.36 | Qty: 1 | Total: ₹2636.36
[2026-07-09 17:27:09] TRADE MATCHED: Ticker: RELIANCE | Buy Order: 968 | Sell Order: 905 | Price: ₹2643.99 | Qty: 5 | Total: ₹13219.95
[2026-07-09 17:27:12] TRADE MATCHED: Ticker: SUNPHARMA | Buy Order: 970 | Sell Order: 963 | Price: ₹1140.53 | Qty: 6 | Total: ₹6843.18
[2026-07-09 17:27:12] TRADE MATCHED: Ticker: HDFCBANK | Buy Order: 912 | Sell Order: 971 | Price: ₹1546.99 | Qty: 3 | Total: ₹4640.97
[2026-07-09 17:27:19] TRADE MATCHED: Ticker: SUNPHARMA | Buy Order: 977 | Sell Order: 963 | Price: ₹1140.53 | Qty: 7 | Total: ₹7983.71
[2026-07-09 17:27:19] TRADE MATCHED: Ticker: SUNPHARMA | Buy Order: 977 | Sell Order: 943 | Price: ₹1140.87 | Qty: 1 | Total: ₹1140.87
[2026-07-09 17:27:19] TRADE MATCHED: Ticker: TCS | Buy Order: 976 | Sell Order: 677 | Price: ₹3312.26 | Qty: 8 | Total: ₹26498.08
[2026-07-09 17:27:22] TRADE MATCHED: Ticker: SUNPHARMA | Buy Order: 978 | Sell Order: 943 | Price: ₹1140.87 | Qty: 2 | Total: ₹2281.74
[2026-07-09 17:27:24] TRADE MATCHED: Ticker: TCS | Buy Order: 979 | Sell Order: 923 | Price: ₹3316.70 | Qty: 8 | Total: ₹26533.60
[2026-07-09 17:27:26] TRADE MATCHED: Ticker: SUNPHARMA | Buy Order: 595 | Sell Order: 981 | Price: ₹1135.36 | Qty: 1 | Total: ₹1135.36
[2026-07-09 17:27:26] TRADE MATCHED: Ticker: SUNPHARMA | Buy Order: 336 | Sell Order: 981 | Price: ₹1135.05 | Qty: 7 | Total: ₹7945.35
[2026-07-09 17:27:26] TRADE MATCHED: Ticker: SUNPHARMA | Buy Order: 731 | Sell Order: 981 | Price: ₹1134.78 | Qty: 5 | Total: ₹5673.90
[2026-07-09 17:27:26] TRADE MATCHED: Ticker: TATAMOTORS | Buy Order: 982 | Sell Order: 894 | Price: ₹618.89 | Qty: 3 | Total: ₹1856.67
[2026-07-09 17:27:26] TRADE MATCHED: Ticker: TATAMOTORS | Buy Order: 982 | Sell Order: 493 | Price: ₹623.67 | Qty: 1 | Total: ₹623.67
[2026-07-09 17:27:30] TRADE MATCHED: Ticker: SUNPHARMA | Buy Order: 731 | Sell Order: 985 | Price: ₹1134.78 | Qty: 2 | Total: ₹2269.56
[2026-07-09 17:27:32] TRADE MATCHED: Ticker: HDFCBANK | Buy Order: 912 | Sell Order: 987 | Price: ₹1546.99 | Qty: 1 | Total: ₹1546.99
[2026-07-09 17:27:32] TRADE MATCHED: Ticker: HDFCBANK | Buy Order: 938 | Sell Order: 987 | Price: ₹1543.39 | Qty: 14 | Total: ₹21607.46
[2026-07-09 17:27:35] TRADE MATCHED: Ticker: TCS | Buy Order: 935 | Sell Order: 989 | Price: ₹3311.11 | Qty: 4 | Total: ₹13244.44
[2026-07-09 17:27:35] TRADE MATCHED: Ticker: TCS | Buy Order: 834 | Sell Order: 989 | Price: ₹3300.08 | Qty: 5 | Total: ₹16500.40
[2026-07-10 13:48:21] TRADE MATCHED: Ticker: TCS | Buy Order: 3 | Sell Order: 6 | Price: ₹3347.61 | Qty: 3 | Total: ₹10042.83
[2026-07-10 13:48:24] TRADE MATCHED: Ticker: SUNPHARMA | Buy Order: 2 | Sell Order: 9 | Price: ₹1168.92 | Qty: 6 | Total: ₹7013.52
[2026-07-10 13:48:27] TRADE MATCHED: Ticker: HDFCBANK | Buy Order: 12 | Sell Order: 5 | Price: ₹1619.60 | Qty: 4 | Total: ₹6478.40
[2026-07-10 13:48:28] TRADE MATCHED: Ticker: RELIANCE | Buy Order: 8 | Sell Order: 13 | Price: ₹2468.68 | Qty: 3 | Total: ₹7406.04
[2026-07-10 13:48:32] TRADE MATCHED: Ticker: TATAMOTORS | Buy Order: 1 | Sell Order: 16 | Price: ₹620.44 | Qty: 4 | Total: ₹2481.76
[2026-07-10 13:48:36] TRADE MATCHED: Ticker: HDFCBANK | Buy Order: 18 | Sell Order: 5 | Price: ₹1619.60 | Qty: 7 | Total: ₹11337.20
[2026-07-10 13:48:36] TRADE MATCHED: Ticker: TATAMOTORS | Buy Order: 19 | Sell Order: 16 | Price: ₹609.59 | Qty: 5 | Total: ₹3047.95
[2026-07-10 13:48:41] TRADE MATCHED: Ticker: TCS | Buy Order: 3 | Sell Order: 22 | Price: ₹3347.61 | Qty: 10 | Total: ₹33476.10
[2026-07-10 13:48:46] TRADE MATCHED: Ticker: SUNPHARMA | Buy Order: 26 | Sell Order: 9 | Price: ₹1159.60 | Qty: 2 | Total: ₹2319.20
[2026-07-10 13:48:47] TRADE MATCHED: Ticker: TCS | Buy Order: 27 | Sell Order: 22 | Price: ₹3341.40 | Qty: 4 | Total: ₹13365.60
[2026-07-10 13:48:48] TRADE MATCHED: Ticker: TCS | Buy Order: 27 | Sell Order: 10 | Price: ₹3369.90 | Qty: 4 | Total: ₹13479.60
[2026-07-10 13:48:53] TRADE MATCHED: Ticker: HDFCBANK | Buy Order: 20 | Sell Order: 31 | Price: ₹1609.68 | Qty: 2 | Total: ₹3219.36
[2026-07-10 13:48:55] TRADE MATCHED: Ticker: SUNPHARMA | Buy Order: 32 | Sell Order: 33 | Price: ₹1144.62 | Qty: 4 | Total: ₹4578.48
[2026-07-10 13:48:59] TRADE MATCHED: Ticker: TATAMOTORS | Buy Order: 21 | Sell Order: 36 | Price: ₹613.94 | Qty: 4 | Total: ₹2455.76
[2026-07-10 13:48:59] TRADE MATCHED: Ticker: TATAMOTORS | Buy Order: 25 | Sell Order: 36 | Price: ₹613.59 | Qty: 4 | Total: ₹2454.36
[2026-07-10 13:49:05] TRADE MATCHED: Ticker: HDFCBANK | Buy Order: 41 | Sell Order: 31 | Price: ₹1605.75 | Qty: 7 | Total: ₹11240.25
[2026-07-10 13:49:05] TRADE MATCHED: Ticker: HDFCBANK | Buy Order: 41 | Sell Order: 5 | Price: ₹1619.60 | Qty: 3 | Total: ₹4858.80
[2026-07-10 13:49:09] TRADE MATCHED: Ticker: HDFCBANK | Buy Order: 41 | Sell Order: 45 | Price: ₹1627.17 | Qty: 4 | Total: ₹6508.68
[2026-07-10 13:49:10] TRADE MATCHED: Ticker: TATAMOTORS | Buy Order: 39 | Sell Order: 46 | Price: ₹623.56 | Qty: 3 | Total: ₹1870.68
[2026-07-10 13:49:16] TRADE MATCHED: Ticker: SUNPHARMA | Buy Order: 51 | Sell Order: 47 | Price: ₹1148.99 | Qty: 1 | Total: ₹1148.99
[2026-07-10 13:49:19] TRADE MATCHED: Ticker: RELIANCE | Buy Order: 54 | Sell Order: 43 | Price: ₹2481.76 | Qty: 9 | Total: ₹22335.84
[2026-07-10 13:49:19] TRADE MATCHED: Ticker: RELIANCE | Buy Order: 54 | Sell Order: 52 | Price: ₹2492.00 | Qty: 4 | Total: ₹9968.00
[2026-07-10 13:49:22] TRADE MATCHED: Ticker: SUNPHARMA | Buy Order: 58 | Sell Order: 47 | Price: ₹1148.99 | Qty: 3 | Total: ₹3446.97
[2026-07-10 13:49:27] TRADE MATCHED: Ticker: TCS | Buy Order: 61 | Sell Order: 44 | Price: ₹3341.61 | Qty: 2 | Total: ₹6683.22
[2026-07-10 13:49:29] TRADE MATCHED: Ticker: RELIANCE | Buy Order: 59 | Sell Order: 62 | Price: ₹2491.33 | Qty: 7 | Total: ₹17439.31
[2026-07-10 13:49:33] TRADE MATCHED: Ticker: TCS | Buy Order: 65 | Sell Order: 44 | Price: ₹3341.61 | Qty: 5 | Total: ₹16708.05
[2026-07-10 13:49:33] TRADE MATCHED: Ticker: TCS | Buy Order: 65 | Sell Order: 10 | Price: ₹3369.90 | Qty: 2 | Total: ₹6739.80
[2026-07-10 13:49:33] TRADE MATCHED: Ticker: SUNPHARMA | Buy Order: 32 | Sell Order: 66 | Price: ₹1144.62 | Qty: 9 | Total: ₹10301.58
[2026-07-10 13:49:33] TRADE MATCHED: Ticker: SUNPHARMA | Buy Order: 57 | Sell Order: 66 | Price: ₹1137.93 | Qty: 6 | Total: ₹6827.58
[2026-07-10 13:49:36] TRADE MATCHED: Ticker: HDFCBANK | Buy Order: 55 | Sell Order: 68 | Price: ₹1631.93 | Qty: 3 | Total: ₹4895.79
[2026-07-10 13:49:38] TRADE MATCHED: Ticker: TCS | Buy Order: 64 | Sell Order: 69 | Price: ₹3334.68 | Qty: 3 | Total: ₹10004.04
[2026-07-10 13:49:38] TRADE MATCHED: Ticker: TCS | Buy Order: 35 | Sell Order: 69 | Price: ₹3326.24 | Qty: 7 | Total: ₹23283.68
[2026-07-10 13:49:39] TRADE MATCHED: Ticker: TATAMOTORS | Buy Order: 70 | Sell Order: 71 | Price: ₹631.49 | Qty: 11 | Total: ₹6946.39
[2026-07-10 13:49:39] TRADE MATCHED: Ticker: TATAMOTORS | Buy Order: 39 | Sell Order: 71 | Price: ₹623.56 | Qty: 2 | Total: ₹1247.12
[2026-07-10 13:49:43] TRADE MATCHED: Ticker: RELIANCE | Buy Order: 74 | Sell Order: 52 | Price: ₹2492.00 | Qty: 11 | Total: ₹27412.00
[2026-07-10 13:49:43] TRADE MATCHED: Ticker: RELIANCE | Buy Order: 74 | Sell Order: 37 | Price: ₹2492.21 | Qty: 2 | Total: ₹4984.42
[2026-07-10 13:49:48] TRADE MATCHED: Ticker: SUNPHARMA | Buy Order: 57 | Sell Order: 79 | Price: ₹1137.93 | Qty: 7 | Total: ₹7965.51
[2026-07-10 13:49:48] TRADE MATCHED: Ticker: SUNPHARMA | Buy Order: 7 | Sell Order: 79 | Price: ₹1134.86 | Qty: 7 | Total: ₹7944.02
[2026-07-10 13:49:50] TRADE MATCHED: Ticker: RELIANCE | Buy Order: 81 | Sell Order: 37 | Price: ₹2492.21 | Qty: 6 | Total: ₹14953.26
[2026-07-10 13:49:50] TRADE MATCHED: Ticker: RELIANCE | Buy Order: 81 | Sell Order: 56 | Price: ₹2500.62 | Qty: 7 | Total: ₹17504.34
[2026-07-10 13:49:54] TRADE MATCHED: Ticker: HDFCBANK | Buy Order: 55 | Sell Order: 84 | Price: ₹1631.93 | Qty: 2 | Total: ₹3263.86
[2026-07-10 13:49:56] TRADE MATCHED: Ticker: TATAMOTORS | Buy Order: 76 | Sell Order: 87 | Price: ₹631.50 | Qty: 2 | Total: ₹1263.00
[2026-07-10 13:50:00] TRADE MATCHED: Ticker: TCS | Buy Order: 42 | Sell Order: 89 | Price: ₹3311.05 | Qty: 2 | Total: ₹6622.10
[2026-07-10 13:50:00] TRADE MATCHED: Ticker: TCS | Buy Order: 38 | Sell Order: 89 | Price: ₹3309.02 | Qty: 3 | Total: ₹9927.06
[2026-07-10 13:50:01] TRADE MATCHED: Ticker: HDFCBANK | Buy Order: 90 | Sell Order: 88 | Price: ₹1632.80 | Qty: 3 | Total: ₹4898.40
[2026-07-10 13:50:02] TRADE MATCHED: Ticker: RELIANCE | Buy Order: 86 | Sell Order: 91 | Price: ₹2485.33 | Qty: 5 | Total: ₹12426.65
[2026-07-10 13:50:02] TRADE MATCHED: Ticker: RELIANCE | Buy Order: 23 | Sell Order: 91 | Price: ₹2477.49 | Qty: 9 | Total: ₹22297.41
[2026-07-10 13:50:08] TRADE MATCHED: Ticker: RELIANCE | Buy Order: 95 | Sell Order: 92 | Price: ₹2483.45 | Qty: 4 | Total: ₹9933.80
[2026-07-10 13:50:08] TRADE MATCHED: Ticker: RELIANCE | Buy Order: 95 | Sell Order: 94 | Price: ₹2487.98 | Qty: 11 | Total: ₹27367.78
[2026-07-10 13:50:10] TRADE MATCHED: Ticker: HDFCBANK | Buy Order: 55 | Sell Order: 96 | Price: ₹1631.93 | Qty: 4 | Total: ₹6527.72
[2026-07-10 13:50:10] TRADE MATCHED: Ticker: HDFCBANK | Buy Order: 50 | Sell Order: 96 | Price: ₹1629.67 | Qty: 1 | Total: ₹1629.67
[2026-07-10 13:50:10] TRADE MATCHED: Ticker: TCS | Buy Order: 97 | Sell Order: 89 | Price: ₹3273.68 | Qty: 2 | Total: ₹6547.36
[2026-07-10 13:50:15] TRADE MATCHED: Ticker: SUNPHARMA | Buy Order: 102 | Sell Order: 85 | Price: ₹1146.34 | Qty: 13 | Total: ₹14902.42
[2026-07-10 13:50:19] TRADE MATCHED: Ticker: TATAMOTORS | Buy Order: 105 | Sell Order: 87 | Price: ₹627.70 | Qty: 4 | Total: ₹2510.80
[2026-07-10 13:50:21] TRADE MATCHED: Ticker: RELIANCE | Buy Order: 106 | Sell Order: 94 | Price: ₹2487.98 | Qty: 1 | Total: ₹2487.98
[2026-07-10 13:50:21] TRADE MATCHED: Ticker: RELIANCE | Buy Order: 106 | Sell Order: 56 | Price: ₹2500.62 | Qty: 6 | Total: ₹15003.72
[2026-07-10 13:50:26] TRADE MATCHED: Ticker: RELIANCE | Buy Order: 34 | Sell Order: 110 | Price: ₹2476.48 | Qty: 5 | Total: ₹12382.40
[2026-07-10 13:50:31] TRADE MATCHED: Ticker: SUNPHARMA | Buy Order: 98 | Sell Order: 114 | Price: ₹1142.63 | Qty: 13 | Total: ₹14854.19
[2026-07-10 13:50:31] TRADE MATCHED: Ticker: TCS | Buy Order: 97 | Sell Order: 113 | Price: ₹3289.13 | Qty: 3 | Total: ₹9867.39
[2026-07-10 13:50:34] TRADE MATCHED: Ticker: SUNPHARMA | Buy Order: 116 | Sell Order: 77 | Price: ₹1147.65 | Qty: 1 | Total: ₹1147.65
[2026-07-10 13:50:35] TRADE MATCHED: Ticker: RELIANCE | Buy Order: 34 | Sell Order: 115 | Price: ₹2476.48 | Qty: 2 | Total: ₹4952.96
[2026-07-10 13:50:35] TRADE MATCHED: Ticker: RELIANCE | Buy Order: 8 | Sell Order: 115 | Price: ₹2468.68 | Qty: 6 | Total: ₹14812.08
[2026-07-10 13:50:37] TRADE MATCHED: Ticker: HDFCBANK | Buy Order: 50 | Sell Order: 118 | Price: ₹1629.67 | Qty: 9 | Total: ₹14667.03
[2026-07-10 13:50:37] TRADE MATCHED: Ticker: HDFCBANK | Buy Order: 41 | Sell Order: 118 | Price: ₹1627.17 | Qty: 1 | Total: ₹1627.17
[2026-07-10 13:50:37] TRADE MATCHED: Ticker: HDFCBANK | Buy Order: 63 | Sell Order: 118 | Price: ₹1618.94 | Qty: 2 | Total: ₹3237.88
[2026-07-10 13:50:42] TRADE MATCHED: Ticker: SUNPHARMA | Buy Order: 98 | Sell Order: 121 | Price: ₹1142.63 | Qty: 1 | Total: ₹1142.63
[2026-07-10 13:50:43] TRADE MATCHED: Ticker: RELIANCE | Buy Order: 119 | Sell Order: 122 | Price: ₹2445.35 | Qty: 1 | Total: ₹2445.35
[2026-07-10 13:50:44] TRADE MATCHED: Ticker: TATAMOTORS | Buy Order: 123 | Sell Order: 87 | Price: ₹627.70 | Qty: 5 | Total: ₹3138.50
[2026-07-10 13:50:44] TRADE MATCHED: Ticker: TATAMOTORS | Buy Order: 123 | Sell Order: 93 | Price: ₹628.09 | Qty: 1 | Total: ₹628.09
[2026-07-10 13:50:44] TRADE MATCHED: Ticker: TATAMOTORS | Buy Order: 123 | Sell Order: 108 | Price: ₹631.48 | Qty: 4 | Total: ₹2525.92
[2026-07-10 13:50:47] TRADE MATCHED: Ticker: SUNPHARMA | Buy Order: 7 | Sell Order: 125 | Price: ₹1134.86 | Qty: 4 | Total: ₹4539.44
[2026-07-10 13:50:47] TRADE MATCHED: Ticker: SUNPHARMA | Buy Order: 112 | Sell Order: 125 | Price: ₹1128.76 | Qty: 4 | Total: ₹4515.04
[2026-07-10 13:50:48] TRADE MATCHED: Ticker: HDFCBANK | Buy Order: 63 | Sell Order: 127 | Price: ₹1618.94 | Qty: 2 | Total: ₹3237.88
[2026-07-10 13:53:33] TRADE MATCHED: Ticker: HDFCBANK | Buy Order: 63 | Sell Order: 132 | Price: ₹1618.94 | Qty: 1 | Total: ₹1618.94
[2026-07-10 13:53:34] TRADE MATCHED: Ticker: HDFCBANK | Buy Order: 53 | Sell Order: 132 | Price: ₹1603.87 | Qty: 2 | Total: ₹3207.74
[2026-07-10 13:53:34] TRADE MATCHED: Ticker: TATAMOTORS | Buy Order: 82 | Sell Order: 130 | Price: ₹627.59 | Qty: 4 | Total: ₹2510.36
[2026-07-10 13:53:37] TRADE MATCHED: Ticker: TCS | Buy Order: 133 | Sell Order: 75 | Price: ₹3312.85 | Qty: 1 | Total: ₹3312.85
[2026-07-10 13:53:42] TRADE MATCHED: Ticker: SUNPHARMA | Buy Order: 134 | Sell Order: 137 | Price: ₹1146.23 | Qty: 3 | Total: ₹3438.69
[2026-07-10 13:53:42] TRADE MATCHED: Ticker: SUNPHARMA | Buy Order: 112 | Sell Order: 137 | Price: ₹1128.76 | Qty: 3 | Total: ₹3386.28
[2026-07-10 13:53:47] TRADE MATCHED: Ticker: TCS | Buy Order: 140 | Sell Order: 75 | Price: ₹3312.85 | Qty: 8 | Total: ₹26502.80
[2026-07-10 13:53:48] TRADE MATCHED: Ticker: SUNPHARMA | Buy Order: 142 | Sell Order: 137 | Price: ₹1121.24 | Qty: 6 | Total: ₹6727.44
[2026-07-10 13:53:49] TRADE MATCHED: Ticker: TCS | Buy Order: 143 | Sell Order: 75 | Price: ₹3312.85 | Qty: 4 | Total: ₹13251.40
[2026-07-10 13:53:51] TRADE MATCHED: Ticker: TCS | Buy Order: 145 | Sell Order: 69 | Price: ₹3317.13 | Qty: 2 | Total: ₹6634.26
[2026-07-10 13:53:51] TRADE MATCHED: Ticker: TCS | Buy Order: 145 | Sell Order: 101 | Price: ₹3323.43 | Qty: 10 | Total: ₹33234.30
[2026-07-10 13:53:51] TRADE MATCHED: Ticker: TCS | Buy Order: 145 | Sell Order: 100 | Price: ₹3331.51 | Qty: 2 | Total: ₹6663.02
[2026-07-10 13:53:54] TRADE MATCHED: Ticker: RELIANCE | Buy Order: 147 | Sell Order: 126 | Price: ₹2412.88 | Qty: 5 | Total: ₹12064.40
[2026-07-10 13:54:01] TRADE MATCHED: Ticker: HDFCBANK | Buy Order: 53 | Sell Order: 152 | Price: ₹1603.87 | Qty: 2 | Total: ₹3207.74
[2026-07-10 13:54:03] TRADE MATCHED: Ticker: HDFCBANK | Buy Order: 28 | Sell Order: 153 | Price: ₹1599.19 | Qty: 6 | Total: ₹9595.14
[2026-07-10 13:54:08] TRADE MATCHED: Ticker: SUNPHARMA | Buy Order: 157 | Sell Order: 144 | Price: ₹1101.45 | Qty: 8 | Total: ₹8811.60
[2026-07-10 13:54:12] TRADE MATCHED: Ticker: TATAMOTORS | Buy Order: 82 | Sell Order: 161 | Price: ₹627.59 | Qty: 1 | Total: ₹627.59
[2026-07-10 13:54:12] TRADE MATCHED: Ticker: TATAMOTORS | Buy Order: 158 | Sell Order: 161 | Price: ₹626.08 | Qty: 9 | Total: ₹5634.72
[2026-07-10 13:54:17] TRADE MATCHED: Ticker: SUNPHARMA | Buy Order: 164 | Sell Order: 159 | Price: ₹1085.85 | Qty: 11 | Total: ₹11944.35
[2026-07-10 13:54:19] TRADE MATCHED: Ticker: HDFCBANK | Buy Order: 128 | Sell Order: 167 | Price: ₹1597.07 | Qty: 2 | Total: ₹3194.14
[2026-07-10 13:54:20] TRADE MATCHED: Ticker: HDFCBANK | Buy Order: 155 | Sell Order: 167 | Price: ₹1588.04 | Qty: 8 | Total: ₹12704.32
[2026-07-10 13:54:21] TRADE MATCHED: Ticker: TATAMOTORS | Buy Order: 39 | Sell Order: 169 | Price: ₹623.56 | Qty: 1 | Total: ₹623.56
[2026-07-10 13:54:22] TRADE MATCHED: Ticker: TATAMOTORS | Buy Order: 78 | Sell Order: 169 | Price: ₹621.20 | Qty: 2 | Total: ₹1242.40
[2026-07-10 13:54:24] TRADE MATCHED: Ticker: RELIANCE | Buy Order: 170 | Sell Order: 126 | Price: ₹2412.88 | Qty: 3 | Total: ₹7238.64
[2026-07-10 13:54:28] TRADE MATCHED: Ticker: TATAMOTORS | Buy Order: 174 | Sell Order: 108 | Price: ₹631.48 | Qty: 3 | Total: ₹1894.44
[2026-07-10 13:54:28] TRADE MATCHED: Ticker: TATAMOTORS | Buy Order: 174 | Sell Order: 124 | Price: ₹631.67 | Qty: 9 | Total: ₹5685.03
[2026-07-10 13:54:30] TRADE MATCHED: Ticker: RELIANCE | Buy Order: 139 | Sell Order: 176 | Price: ₹2410.58 | Qty: 1 | Total: ₹2410.58
[2026-07-10 13:54:34] TRADE MATCHED: Ticker: SUNPHARMA | Buy Order: 166 | Sell Order: 179 | Price: ₹1084.05 | Qty: 3 | Total: ₹3252.15
[2026-07-10 13:54:39] TRADE MATCHED: Ticker: TATAMOTORS | Buy Order: 174 | Sell Order: 184 | Price: ₹632.87 | Qty: 1 | Total: ₹632.87
[2026-07-10 13:54:40] TRADE MATCHED: Ticker: HDFCBANK | Buy Order: 185 | Sell Order: 152 | Price: ₹1600.48 | Qty: 5 | Total: ₹8002.40
[2026-07-10 13:54:41] TRADE MATCHED: Ticker: HDFCBANK | Buy Order: 180 | Sell Order: 186 | Price: ₹1593.49 | Qty: 6 | Total: ₹9560.94
[2026-07-10 13:54:41] TRADE MATCHED: Ticker: HDFCBANK | Buy Order: 155 | Sell Order: 186 | Price: ₹1588.04 | Qty: 3 | Total: ₹4764.12
[2026-07-10 13:54:41] TRADE MATCHED: Ticker: HDFCBANK | Buy Order: 4 | Sell Order: 186 | Price: ₹1575.97 | Qty: 6 | Total: ₹9455.82
[2026-07-10 13:54:44] TRADE MATCHED: Ticker: RELIANCE | Buy Order: 189 | Sell Order: 176 | Price: ₹2370.68 | Qty: 6 | Total: ₹14224.08
[2026-07-10 13:54:48] TRADE MATCHED: Ticker: TCS | Buy Order: 192 | Sell Order: 183 | Price: ₹3299.57 | Qty: 3 | Total: ₹9898.71
[2026-07-10 13:54:50] TRADE MATCHED: Ticker: RELIANCE | Buy Order: 189 | Sell Order: 195 | Price: ₹2388.33 | Qty: 7 | Total: ₹16718.31
[2026-07-10 13:54:50] TRADE MATCHED: Ticker: RELIANCE | Buy Order: 194 | Sell Order: 195 | Price: ₹2369.65 | Qty: 1 | Total: ₹2369.65
[2026-07-10 13:54:53] TRADE MATCHED: Ticker: SUNPHARMA | Buy Order: 196 | Sell Order: 159 | Price: ₹1085.85 | Qty: 3 | Total: ₹3257.55
[2026-07-10 13:54:53] TRADE MATCHED: Ticker: SUNPHARMA | Buy Order: 196 | Sell Order: 175 | Price: ₹1090.30 | Qty: 2 | Total: ₹2180.60
[2026-07-10 13:54:55] TRADE MATCHED: Ticker: TCS | Buy Order: 198 | Sell Order: 100 | Price: ₹3331.51 | Qty: 2 | Total: ₹6663.02
[2026-07-10 13:54:55] TRADE MATCHED: Ticker: TCS | Buy Order: 198 | Sell Order: 156 | Price: ₹3337.75 | Qty: 5 | Total: ₹16688.75
[2026-07-10 13:54:58] TRADE MATCHED: Ticker: RELIANCE | Buy Order: 200 | Sell Order: 197 | Price: ₹2354.96 | Qty: 3 | Total: ₹7064.88
[2026-07-10 13:55:08] TRADE MATCHED: Ticker: SUNPHARMA | Buy Order: 166 | Sell Order: 209 | Price: ₹1084.05 | Qty: 6 | Total: ₹6504.30
[2026-07-10 13:55:08] TRADE MATCHED: Ticker: HDFCBANK | Buy Order: 4 | Sell Order: 210 | Price: ₹1575.97 | Qty: 6 | Total: ₹9455.82
[2026-07-10 13:55:08] TRADE MATCHED: Ticker: HDFCBANK | Buy Order: 154 | Sell Order: 210 | Price: ₹1570.78 | Qty: 6 | Total: ₹9424.68
[2026-07-10 13:55:08] TRADE MATCHED: Ticker: HDFCBANK | Buy Order: 178 | Sell Order: 210 | Price: ₹1561.72 | Qty: 1 | Total: ₹1561.72
[2026-07-10 13:55:22] TRADE MATCHED: Ticker: HDFCBANK | Buy Order: 217 | Sell Order: 220 | Price: ₹1576.76 | Qty: 7 | Total: ₹11037.32
[2026-07-10 13:55:22] TRADE MATCHED: Ticker: HDFCBANK | Buy Order: 219 | Sell Order: 220 | Price: ₹1572.01 | Qty: 5 | Total: ₹7860.05
[2026-07-10 13:55:24] TRADE MATCHED: Ticker: TCS | Buy Order: 97 | Sell Order: 221 | Price: ₹3289.13 | Qty: 1 | Total: ₹3289.13
[2026-07-10 13:55:27] TRADE MATCHED: Ticker: HDFCBANK | Buy Order: 222 | Sell Order: 224 | Price: ₹1577.50 | Qty: 4 | Total: ₹6310.00
[2026-07-10 13:55:27] TRADE MATCHED: Ticker: HDFCBANK | Buy Order: 219 | Sell Order: 224 | Price: ₹1572.01 | Qty: 2 | Total: ₹3144.02
[2026-07-10 13:55:29] TRADE MATCHED: Ticker: HDFCBANK | Buy Order: 219 | Sell Order: 226 | Price: ₹1572.01 | Qty: 1 | Total: ₹1572.01
[2026-07-10 13:55:29] TRADE MATCHED: Ticker: HDFCBANK | Buy Order: 178 | Sell Order: 226 | Price: ₹1561.72 | Qty: 9 | Total: ₹14055.48
[2026-07-10 13:55:29] TRADE MATCHED: Ticker: HDFCBANK | Buy Order: 214 | Sell Order: 226 | Price: ₹1560.76 | Qty: 2 | Total: ₹3121.52
[2026-07-10 13:55:30] TRADE MATCHED: Ticker: RELIANCE | Buy Order: 227 | Sell Order: 207 | Price: ₹2323.94 | Qty: 3 | Total: ₹6971.82
[2026-07-10 13:55:32] TRADE MATCHED: Ticker: SUNPHARMA | Buy Order: 166 | Sell Order: 228 | Price: ₹1084.05 | Qty: 3 | Total: ₹3252.15
[2026-07-10 13:55:34] TRADE MATCHED: Ticker: RELIANCE | Buy Order: 203 | Sell Order: 230 | Price: ₹2319.48 | Qty: 7 | Total: ₹16236.36
[2026-07-10 13:55:37] TRADE MATCHED: Ticker: SUNPHARMA | Buy Order: 232 | Sell Order: 175 | Price: ₹1090.30 | Qty: 7 | Total: ₹7632.10
[2026-07-10 13:55:37] TRADE MATCHED: Ticker: SUNPHARMA | Buy Order: 232 | Sell Order: 201 | Price: ₹1096.08 | Qty: 4 | Total: ₹4384.32
[2026-07-10 13:55:38] TRADE MATCHED: Ticker: SUNPHARMA | Buy Order: 233 | Sell Order: 201 | Price: ₹1096.08 | Qty: 11 | Total: ₹12056.88
[2026-07-10 13:55:38] TRADE MATCHED: Ticker: SUNPHARMA | Buy Order: 233 | Sell Order: 160 | Price: ₹1096.65 | Qty: 2 | Total: ₹2193.30
[2026-07-10 13:55:38] TRADE MATCHED: Ticker: TATAMOTORS | Buy Order: 191 | Sell Order: 234 | Price: ₹633.54 | Qty: 12 | Total: ₹7602.48
[2026-07-10 13:55:38] TRADE MATCHED: Ticker: TATAMOTORS | Buy Order: 171 | Sell Order: 234 | Price: ₹628.72 | Qty: 2 | Total: ₹1257.44
[2026-07-10 13:55:42] TRADE MATCHED: Ticker: TCS | Buy Order: 237 | Sell Order: 221 | Price: ₹3272.96 | Qty: 3 | Total: ₹9818.88
[2026-07-10 13:55:42] TRADE MATCHED: Ticker: TCS | Buy Order: 237 | Sell Order: 236 | Price: ₹3288.44 | Qty: 9 | Total: ₹29595.96
[2026-07-10 13:55:45] TRADE MATCHED: Ticker: RELIANCE | Buy Order: 203 | Sell Order: 239 | Price: ₹2319.48 | Qty: 2 | Total: ₹4638.96
[2026-07-10 13:55:51] TRADE MATCHED: Ticker: SUNPHARMA | Buy Order: 243 | Sell Order: 244 | Price: ₹1095.77 | Qty: 5 | Total: ₹5478.85
[2026-07-10 13:55:53] TRADE MATCHED: Ticker: TATAMOTORS | Buy Order: 171 | Sell Order: 245 | Price: ₹628.72 | Qty: 2 | Total: ₹1257.44
[2026-07-10 13:55:53] TRADE MATCHED: Ticker: TATAMOTORS | Buy Order: 187 | Sell Order: 245 | Price: ₹627.35 | Qty: 3 | Total: ₹1882.05
[2026-07-10 13:55:58] TRADE MATCHED: Ticker: TATAMOTORS | Buy Order: 187 | Sell Order: 249 | Price: ₹627.35 | Qty: 8 | Total: ₹5018.80
[2026-07-10 13:56:00] TRADE MATCHED: Ticker: TCS | Buy Order: 251 | Sell Order: 246 | Price: ₹3286.81 | Qty: 8 | Total: ₹26294.48
[2026-07-10 13:56:01] TRADE MATCHED: Ticker: TCS | Buy Order: 251 | Sell Order: 236 | Price: ₹3288.44 | Qty: 3 | Total: ₹9865.32
[2026-07-10 13:56:04] TRADE MATCHED: Ticker: RELIANCE | Buy Order: 254 | Sell Order: 207 | Price: ₹2323.94 | Qty: 10 | Total: ₹23239.40
[2026-07-10 13:56:07] TRADE MATCHED: Ticker: TCS | Buy Order: 256 | Sell Order: 240 | Price: ₹3321.31 | Qty: 4 | Total: ₹13285.24
[2026-07-10 13:56:07] TRADE MATCHED: Ticker: TCS | Buy Order: 256 | Sell Order: 156 | Price: ₹3337.75 | Qty: 2 | Total: ₹6675.50
[2026-07-10 13:56:07] TRADE MATCHED: Ticker: TATAMOTORS | Buy Order: 257 | Sell Order: 255 | Price: ₹628.73 | Qty: 7 | Total: ₹4401.11
[2026-07-10 13:56:07] TRADE MATCHED: Ticker: TATAMOTORS | Buy Order: 257 | Sell Order: 250 | Price: ₹630.22 | Qty: 2 | Total: ₹1260.44
[2026-07-10 13:56:09] TRADE MATCHED: Ticker: TCS | Buy Order: 259 | Sell Order: 156 | Price: ₹3337.75 | Qty: 5 | Total: ₹16688.75
[2026-07-10 13:56:09] TRADE MATCHED: Ticker: TCS | Buy Order: 259 | Sell Order: 193 | Price: ₹3341.29 | Qty: 10 | Total: ₹33412.90
[2026-07-10 13:56:11] TRADE MATCHED: Ticker: SUNPHARMA | Buy Order: 260 | Sell Order: 244 | Price: ₹1088.90 | Qty: 4 | Total: ₹4355.60
[2026-07-10 13:56:11] TRADE MATCHED: Ticker: SUNPHARMA | Buy Order: 260 | Sell Order: 242 | Price: ₹1098.30 | Qty: 3 | Total: ₹3294.90
[2026-07-10 13:56:12] TRADE MATCHED: Ticker: TATAMOTORS | Buy Order: 262 | Sell Order: 250 | Price: ₹630.22 | Qty: 9 | Total: ₹5671.98
[2026-07-10 13:56:15] TRADE MATCHED: Ticker: TCS | Buy Order: 264 | Sell Order: 193 | Price: ₹3341.29 | Qty: 3 | Total: ₹10023.87
[2026-07-10 13:56:17] TRADE MATCHED: Ticker: SUNPHARMA | Buy Order: 241 | Sell Order: 266 | Price: ₹1087.81 | Qty: 10 | Total: ₹10878.10
[2026-07-10 13:56:17] TRADE MATCHED: Ticker: SUNPHARMA | Buy Order: 205 | Sell Order: 266 | Price: ₹1081.31 | Qty: 3 | Total: ₹3243.93
[2026-07-10 13:56:24] TRADE MATCHED: Ticker: RELIANCE | Buy Order: 254 | Sell Order: 271 | Price: ₹2324.16 | Qty: 1 | Total: ₹2324.16
[2026-07-10 13:56:24] TRADE MATCHED: Ticker: RELIANCE | Buy Order: 203 | Sell Order: 271 | Price: ₹2319.48 | Qty: 2 | Total: ₹4638.96
[2026-07-10 13:56:29] TRADE MATCHED: Ticker: HDFCBANK | Buy Order: 270 | Sell Order: 275 | Price: ₹1573.38 | Qty: 3 | Total: ₹4720.14
[2026-07-10 13:56:32] TRADE MATCHED: Ticker: TATAMOTORS | Buy Order: 274 | Sell Order: 277 | Price: ₹628.38 | Qty: 11 | Total: ₹6912.18
[2026-07-10 13:56:34] TRADE MATCHED: Ticker: TATAMOTORS | Buy Order: 279 | Sell Order: 250 | Price: ₹630.22 | Qty: 1 | Total: ₹630.22
[2026-07-10 13:56:34] TRADE MATCHED: Ticker: TATAMOTORS | Buy Order: 279 | Sell Order: 252 | Price: ₹631.76 | Qty: 6 | Total: ₹3790.56
[2026-07-10 13:56:34] TRADE MATCHED: Ticker: TATAMOTORS | Buy Order: 279 | Sell Order: 148 | Price: ₹633.95 | Qty: 8 | Total: ₹5071.60
[2026-07-10 13:56:45] TRADE MATCHED: Ticker: TCS | Buy Order: 288 | Sell Order: 269 | Price: ₹3324.98 | Qty: 10 | Total: ₹33249.80
[2026-07-10 13:56:47] TRADE MATCHED: Ticker: TCS | Buy Order: 289 | Sell Order: 269 | Price: ₹3324.98 | Qty: 2 | Total: ₹6649.96
[2026-07-10 13:56:47] TRADE MATCHED: Ticker: TCS | Buy Order: 289 | Sell Order: 193 | Price: ₹3341.29 | Qty: 1 | Total: ₹3341.29
[2026-07-10 13:56:48] TRADE MATCHED: Ticker: SUNPHARMA | Buy Order: 229 | Sell Order: 290 | Price: ₹1074.46 | Qty: 3 | Total: ₹3223.38
[2026-07-10 13:56:48] TRADE MATCHED: Ticker: SUNPHARMA | Buy Order: 223 | Sell Order: 290 | Price: ₹1069.23 | Qty: 1 | Total: ₹1069.23
[2026-07-10 13:56:48] TRADE MATCHED: Ticker: SUNPHARMA | Buy Order: 223 | Sell Order: 291 | Price: ₹1069.23 | Qty: 3 | Total: ₹3207.69
[2026-07-10 13:56:50] TRADE MATCHED: Ticker: RELIANCE | Buy Order: 285 | Sell Order: 292 | Price: ₹2302.14 | Qty: 2 | Total: ₹4604.28
[2026-07-10 13:56:50] TRADE MATCHED: Ticker: RELIANCE | Buy Order: 282 | Sell Order: 292 | Price: ₹2296.87 | Qty: 6 | Total: ₹13781.22
[2026-07-10 13:56:52] TRADE MATCHED: Ticker: TATAMOTORS | Buy Order: 293 | Sell Order: 148 | Price: ₹633.95 | Qty: 4 | Total: ₹2535.80
[2026-07-10 13:56:52] TRADE MATCHED: Ticker: TATAMOTORS | Buy Order: 293 | Sell Order: 188 | Price: ₹634.16 | Qty: 1 | Total: ₹634.16
[2026-07-10 13:56:56] TRADE MATCHED: Ticker: HDFCBANK | Buy Order: 284 | Sell Order: 298 | Price: ₹1576.07 | Qty: 11 | Total: ₹17336.77
[2026-07-10 13:57:01] TRADE MATCHED: Ticker: TATAMOTORS | Buy Order: 301 | Sell Order: 188 | Price: ₹634.16 | Qty: 7 | Total: ₹4439.12
[2026-07-10 13:57:03] TRADE MATCHED: Ticker: SUNPHARMA | Buy Order: 303 | Sell Order: 304 | Price: ₹1075.01 | Qty: 11 | Total: ₹11825.11
[2026-07-10 13:57:09] TRADE MATCHED: Ticker: RELIANCE | Buy Order: 305 | Sell Order: 309 | Price: ₹2299.96 | Qty: 5 | Total: ₹11499.80
[2026-07-10 13:57:09] TRADE MATCHED: Ticker: RELIANCE | Buy Order: 282 | Sell Order: 309 | Price: ₹2296.87 | Qty: 1 | Total: ₹2296.87
[2026-07-10 13:57:11] TRADE MATCHED: Ticker: RELIANCE | Buy Order: 310 | Sell Order: 271 | Price: ₹2305.35 | Qty: 9 | Total: ₹20748.15
[2026-07-10 13:57:14] TRADE MATCHED: Ticker: TCS | Buy Order: 312 | Sell Order: 173 | Price: ₹3343.70 | Qty: 1 | Total: ₹3343.70
[2026-07-10 13:57:14] TRADE MATCHED: Ticker: SUNPHARMA | Buy Order: 313 | Sell Order: 304 | Price: ₹1071.98 | Qty: 2 | Total: ₹2143.96
[2026-07-10 13:57:17] TRADE MATCHED: Ticker: TCS | Buy Order: 314 | Sell Order: 173 | Price: ₹3343.70 | Qty: 9 | Total: ₹30093.30
[2026-07-10 13:57:17] TRADE MATCHED: Ticker: HDFCBANK | Buy Order: 315 | Sell Order: 211 | Price: ₹1578.95 | Qty: 5 | Total: ₹7894.75
[2026-07-10 13:57:17] TRADE MATCHED: Ticker: HDFCBANK | Buy Order: 315 | Sell Order: 258 | Price: ₹1584.43 | Qty: 3 | Total: ₹4753.29
[2026-07-10 13:57:19] TRADE MATCHED: Ticker: SUNPHARMA | Buy Order: 223 | Sell Order: 316 | Price: ₹1069.23 | Qty: 5 | Total: ₹5346.15
[2026-07-10 13:57:19] TRADE MATCHED: Ticker: SUNPHARMA | Buy Order: 182 | Sell Order: 316 | Price: ₹1069.00 | Qty: 5 | Total: ₹5345.00
[2026-07-10 13:57:24] TRADE MATCHED: Ticker: SUNPHARMA | Buy Order: 321 | Sell Order: 304 | Price: ₹1071.98 | Qty: 1 | Total: ₹1071.98
[2026-07-10 13:57:30] TRADE MATCHED: Ticker: SUNPHARMA | Buy Order: 321 | Sell Order: 326 | Price: ₹1075.47 | Qty: 1 | Total: ₹1075.47
[2026-07-10 13:57:32] TRADE MATCHED: Ticker: TATAMOTORS | Buy Order: 327 | Sell Order: 188 | Price: ₹634.16 | Qty: 3 | Total: ₹1902.48
[2026-07-10 13:57:32] TRADE MATCHED: Ticker: TATAMOTORS | Buy Order: 327 | Sell Order: 202 | Price: ₹634.32 | Qty: 6 | Total: ₹3805.92
[2026-07-10 13:57:34] TRADE MATCHED: Ticker: RELIANCE | Buy Order: 310 | Sell Order: 329 | Price: ₹2308.94 | Qty: 3 | Total: ₹6926.82
[2026-07-10 13:57:34] TRADE MATCHED: Ticker: RELIANCE | Buy Order: 282 | Sell Order: 329 | Price: ₹2296.87 | Qty: 6 | Total: ₹13781.22
[2026-07-10 13:57:34] TRADE MATCHED: Ticker: RELIANCE | Buy Order: 247 | Sell Order: 329 | Price: ₹2295.78 | Qty: 3 | Total: ₹6887.34
[2026-07-10 13:57:34] TRADE MATCHED: Ticker: TATAMOTORS | Buy Order: 330 | Sell Order: 202 | Price: ₹634.32 | Qty: 5 | Total: ₹3171.60
[2026-07-10 13:57:35] TRADE MATCHED: Ticker: TATAMOTORS | Buy Order: 330 | Sell Order: 238 | Price: ₹634.98 | Qty: 1 | Total: ₹634.98
[2026-07-10 13:57:35] TRADE MATCHED: Ticker: TATAMOTORS | Buy Order: 330 | Sell Order: 72 | Price: ₹635.61 | Qty: 2 | Total: ₹1271.22
[2026-07-10 13:57:38] TRADE MATCHED: Ticker: TCS | Buy Order: 289 | Sell Order: 331 | Price: ₹3343.64 | Qty: 8 | Total: ₹26749.12
[2026-07-10 13:57:38] TRADE MATCHED: Ticker: HDFCBANK | Buy Order: 284 | Sell Order: 332 | Price: ₹1576.07 | Qty: 3 | Total: ₹4728.21
[2026-07-10 13:57:38] TRADE MATCHED: Ticker: HDFCBANK | Buy Order: 270 | Sell Order: 332 | Price: ₹1573.38 | Qty: 5 | Total: ₹7866.90
[2026-07-10 13:57:40] TRADE MATCHED: Ticker: RELIANCE | Buy Order: 247 | Sell Order: 333 | Price: ₹2295.78 | Qty: 4 | Total: ₹9183.12
[2026-07-10 13:57:40] TRADE MATCHED: Ticker: RELIANCE | Buy Order: 300 | Sell Order: 333 | Price: ₹2289.47 | Qty: 8 | Total: ₹18315.76
[2026-07-10 13:57:40] TRADE MATCHED: Ticker: SUNPHARMA | Buy Order: 334 | Sell Order: 306 | Price: ₹1076.71 | Qty: 4 | Total: ₹4306.84
[2026-07-10 13:57:48] TRADE MATCHED: Ticker: RELIANCE | Buy Order: 338 | Sell Order: 339 | Price: ₹2318.66 | Qty: 2 | Total: ₹4637.32
[2026-07-10 13:57:50] TRADE MATCHED: Ticker: RELIANCE | Buy Order: 341 | Sell Order: 339 | Price: ₹2290.25 | Qty: 3 | Total: ₹6870.75
[2026-07-10 13:57:52] TRADE MATCHED: Ticker: SUNPHARMA | Buy Order: 321 | Sell Order: 343 | Price: ₹1075.47 | Qty: 3 | Total: ₹3226.41
[2026-07-10 13:57:52] TRADE MATCHED: Ticker: SUNPHARMA | Buy Order: 337 | Sell Order: 343 | Price: ₹1070.88 | Qty: 2 | Total: ₹2141.76
[2026-07-10 13:57:52] TRADE MATCHED: Ticker: SUNPHARMA | Buy Order: 337 | Sell Order: 344 | Price: ₹1070.88 | Qty: 5 | Total: ₹5354.40
[2026-07-10 13:57:52] TRADE MATCHED: Ticker: SUNPHARMA | Buy Order: 182 | Sell Order: 344 | Price: ₹1069.00 | Qty: 4 | Total: ₹4276.00
[2026-07-10 13:57:52] TRADE MATCHED: Ticker: SUNPHARMA | Buy Order: 318 | Sell Order: 344 | Price: ₹1068.46 | Qty: 2 | Total: ₹2136.92
[2026-07-10 13:57:52] TRADE MATCHED: Ticker: SUNPHARMA | Buy Order: 322 | Sell Order: 344 | Price: ₹1062.22 | Qty: 1 | Total: ₹1062.22
[2026-07-10 13:57:53] TRADE MATCHED: Ticker: SUNPHARMA | Buy Order: 317 | Sell Order: 344 | Price: ₹1061.46 | Qty: 3 | Total: ₹3184.38
[2026-07-10 13:57:58] TRADE MATCHED: Ticker: TCS | Buy Order: 289 | Sell Order: 349 | Price: ₹3343.64 | Qty: 1 | Total: ₹3343.64
[2026-07-10 13:58:01] TRADE MATCHED: Ticker: TATAMOTORS | Buy Order: 351 | Sell Order: 345 | Price: ₹630.50 | Qty: 4 | Total: ₹2522.00
[2026-07-10 13:58:04] TRADE MATCHED: Ticker: TCS | Buy Order: 286 | Sell Order: 354 | Price: ₹3317.77 | Qty: 10 | Total: ₹33177.70
[2026-07-10 13:58:04] TRADE MATCHED: Ticker: TCS | Buy Order: 355 | Sell Order: 349 | Price: ₹3340.23 | Qty: 4 | Total: ₹13360.92
[2026-07-10 13:58:09] TRADE MATCHED: Ticker: SUNPHARMA | Buy Order: 347 | Sell Order: 358 | Price: ₹1064.45 | Qty: 5 | Total: ₹5322.25
[2026-07-10 13:58:09] TRADE MATCHED: Ticker: RELIANCE | Buy Order: 300 | Sell Order: 359 | Price: ₹2289.47 | Qty: 7 | Total: ₹16026.29
[2026-07-10 13:58:10] TRADE MATCHED: Ticker: RELIANCE | Buy Order: 356 | Sell Order: 359 | Price: ₹2288.03 | Qty: 7 | Total: ₹16016.21
[2026-07-10 13:58:13] TRADE MATCHED: Ticker: TATAMOTORS | Buy Order: 362 | Sell Order: 345 | Price: ₹630.50 | Qty: 4 | Total: ₹2522.00
[2026-07-10 13:58:15] TRADE MATCHED: Ticker: HDFCBANK | Buy Order: 270 | Sell Order: 363 | Price: ₹1573.38 | Qty: 5 | Total: ₹7866.90
[2026-07-10 13:58:15] TRADE MATCHED: Ticker: HDFCBANK | Buy Order: 280 | Sell Order: 363 | Price: ₹1567.35 | Qty: 10 | Total: ₹15673.50
[2026-07-10 13:58:19] TRADE MATCHED: Ticker: TCS | Buy Order: 366 | Sell Order: 349 | Price: ₹3340.23 | Qty: 4 | Total: ₹13360.92
[2026-07-10 13:58:19] TRADE MATCHED: Ticker: TCS | Buy Order: 366 | Sell Order: 365 | Price: ₹3342.88 | Qty: 8 | Total: ₹26743.04
[2026-07-10 13:58:20] TRADE MATCHED: Ticker: TATAMOTORS | Buy Order: 368 | Sell Order: 345 | Price: ₹630.50 | Qty: 5 | Total: ₹3152.50
[2026-07-10 13:58:20] TRADE MATCHED: Ticker: TATAMOTORS | Buy Order: 368 | Sell Order: 352 | Price: ₹632.25 | Qty: 2 | Total: ₹1264.50
[2026-07-10 13:58:27] TRADE MATCHED: Ticker: HDFCBANK | Buy Order: 374 | Sell Order: 258 | Price: ₹1584.43 | Qty: 1 | Total: ₹1584.43
[2026-07-10 13:58:27] TRADE MATCHED: Ticker: HDFCBANK | Buy Order: 374 | Sell Order: 350 | Price: ₹1584.60 | Qty: 1 | Total: ₹1584.60
[2026-07-10 13:58:29] TRADE MATCHED: Ticker: SUNPHARMA | Buy Order: 373 | Sell Order: 375 | Price: ₹1067.77 | Qty: 10 | Total: ₹10677.70
[2026-07-10 13:58:29] TRADE MATCHED: Ticker: SUNPHARMA | Buy Order: 347 | Sell Order: 375 | Price: ₹1064.45 | Qty: 5 | Total: ₹5322.25
[2026-07-10 13:58:32] TRADE MATCHED: Ticker: TATAMOTORS | Buy Order: 377 | Sell Order: 352 | Price: ₹632.25 | Qty: 3 | Total: ₹1896.75
[2026-07-10 13:58:37] TRADE MATCHED: Ticker: HDFCBANK | Buy Order: 369 | Sell Order: 380 | Price: ₹1583.00 | Qty: 8 | Total: ₹12664.00
[2026-07-10 13:58:37] TRADE MATCHED: Ticker: HDFCBANK | Buy Order: 280 | Sell Order: 380 | Price: ₹1567.35 | Qty: 5 | Total: ₹7836.75
[2026-07-10 13:58:38] TRADE MATCHED: Ticker: HDFCBANK | Buy Order: 325 | Sell Order: 380 | Price: ₹1566.81 | Qty: 1 | Total: ₹1566.81
[2026-07-10 13:58:39] TRADE MATCHED: Ticker: SUNPHARMA | Buy Order: 378 | Sell Order: 381 | Price: ₹1073.59 | Qty: 3 | Total: ₹3220.77
[2026-07-10 13:58:40] TRADE MATCHED: Ticker: RELIANCE | Buy Order: 356 | Sell Order: 382 | Price: ₹2288.03 | Qty: 5 | Total: ₹11440.15
[2026-07-10 13:58:40] TRADE MATCHED: Ticker: RELIANCE | Buy Order: 357 | Sell Order: 382 | Price: ₹2287.23 | Qty: 5 | Total: ₹11436.15
[2026-07-10 13:58:41] TRADE MATCHED: Ticker: HDFCBANK | Buy Order: 272 | Sell Order: 383 | Price: ₹1566.33 | Qty: 10 | Total: ₹15663.30
[2026-07-10 13:58:42] TRADE MATCHED: Ticker: RELIANCE | Buy Order: 379 | Sell Order: 384 | Price: ₹2286.51 | Qty: 4 | Total: ₹9146.04
[2026-07-10 13:58:45] TRADE MATCHED: Ticker: SUNPHARMA | Buy Order: 388 | Sell Order: 306 | Price: ₹1076.71 | Qty: 8 | Total: ₹8613.68
[2026-07-10 13:58:48] TRADE MATCHED: Ticker: TCS | Buy Order: 392 | Sell Order: 173 | Price: ₹3343.70 | Qty: 2 | Total: ₹6687.40
[2026-07-10 13:58:49] TRADE MATCHED: Ticker: TCS | Buy Order: 392 | Sell Order: 163 | Price: ₹3354.15 | Qty: 9 | Total: ₹30187.35
[2026-07-10 13:58:51] TRADE MATCHED: Ticker: RELIANCE | Buy Order: 379 | Sell Order: 394 | Price: ₹2286.51 | Qty: 11 | Total: ₹25151.61
[2026-07-10 13:58:51] TRADE MATCHED: Ticker: RELIANCE | Buy Order: 391 | Sell Order: 394 | Price: ₹2284.06 | Qty: 4 | Total: ₹9136.24
[2026-07-10 13:58:53] TRADE MATCHED: Ticker: TCS | Buy Order: 395 | Sell Order: 163 | Price: ₹3354.15 | Qty: 1 | Total: ₹3354.15
[2026-07-10 13:58:56] TRADE MATCHED: Ticker: SUNPHARMA | Buy Order: 378 | Sell Order: 398 | Price: ₹1073.59 | Qty: 7 | Total: ₹7515.13
[2026-07-10 13:58:56] TRADE MATCHED: Ticker: SUNPHARMA | Buy Order: 386 | Sell Order: 398 | Price: ₹1068.79 | Qty: 4 | Total: ₹4275.16
[2026-07-10 13:59:02] TRADE MATCHED: Ticker: TCS | Buy Order: 403 | Sell Order: 163 | Price: ₹3354.15 | Qty: 4 | Total: ₹13416.60
[2026-07-10 13:59:03] TRADE MATCHED: Ticker: TCS | Buy Order: 403 | Sell Order: 335 | Price: ₹3358.21 | Qty: 3 | Total: ₹10074.63
[2026-07-10 13:59:04] TRADE MATCHED: Ticker: HDFCBANK | Buy Order: 272 | Sell Order: 404 | Price: ₹1566.33 | Qty: 4 | Total: ₹6265.32
[2026-07-10 13:59:04] TRADE MATCHED: Ticker: HDFCBANK | Buy Order: 214 | Sell Order: 404 | Price: ₹1560.76 | Qty: 10 | Total: ₹15607.60
[2026-07-10 13:59:04] TRADE MATCHED: Ticker: HDFCBANK | Buy Order: 218 | Sell Order: 404 | Price: ₹1553.63 | Qty: 1 | Total: ₹1553.63
[2026-07-10 13:59:05] TRADE MATCHED: Ticker: SUNPHARMA | Buy Order: 386 | Sell Order: 406 | Price: ₹1068.79 | Qty: 8 | Total: ₹8550.32
[2026-07-10 13:59:09] TRADE MATCHED: Ticker: TATAMOTORS | Buy Order: 410 | Sell Order: 397 | Price: ₹630.58 | Qty: 13 | Total: ₹8197.54
[2026-07-10 13:59:09] TRADE MATCHED: Ticker: TATAMOTORS | Buy Order: 410 | Sell Order: 352 | Price: ₹632.25 | Qty: 1 | Total: ₹632.25
[2026-07-10 13:59:11] TRADE MATCHED: Ticker: RELIANCE | Buy Order: 409 | Sell Order: 411 | Price: ₹2284.98 | Qty: 9 | Total: ₹20564.82
[2026-07-10 13:59:11] TRADE MATCHED: Ticker: RELIANCE | Buy Order: 391 | Sell Order: 411 | Price: ₹2284.06 | Qty: 6 | Total: ₹13704.36
[2026-07-10 13:59:14] TRADE MATCHED: Ticker: TCS | Buy Order: 403 | Sell Order: 413 | Price: ₹3358.49 | Qty: 3 | Total: ₹10075.47
[2026-07-10 13:59:18] TRADE MATCHED: Ticker: TATAMOTORS | Buy Order: 294 | Sell Order: 415 | Price: ₹629.94 | Qty: 11 | Total: ₹6929.34
[2026-07-10 13:59:20] TRADE MATCHED: Ticker: HDFCBANK | Buy Order: 218 | Sell Order: 418 | Price: ₹1553.63 | Qty: 11 | Total: ₹17089.93
[2026-07-10 13:59:23] TRADE MATCHED: Ticker: HDFCBANK | Buy Order: 419 | Sell Order: 417 | Price: ₹1556.41 | Qty: 3 | Total: ₹4669.23
[2026-07-10 13:59:23] TRADE MATCHED: Ticker: RELIANCE | Buy Order: 420 | Sell Order: 339 | Price: ₹2290.25 | Qty: 3 | Total: ₹6870.75
[2026-07-10 13:59:23] TRADE MATCHED: Ticker: RELIANCE | Buy Order: 420 | Sell Order: 414 | Price: ₹2294.90 | Qty: 4 | Total: ₹9179.60
[2026-07-10 13:59:30] TRADE MATCHED: Ticker: SUNPHARMA | Buy Order: 416 | Sell Order: 426 | Price: ₹1073.10 | Qty: 7 | Total: ₹7511.70
[2026-07-10 13:59:30] TRADE MATCHED: Ticker: SUNPHARMA | Buy Order: 386 | Sell Order: 426 | Price: ₹1068.79 | Qty: 3 | Total: ₹3206.37
[2026-07-10 13:59:30] TRADE MATCHED: Ticker: SUNPHARMA | Buy Order: 387 | Sell Order: 426 | Price: ₹1068.54 | Qty: 2 | Total: ₹2137.08
[2026-07-10 13:59:35] TRADE MATCHED: Ticker: SUNPHARMA | Buy Order: 429 | Sell Order: 306 | Price: ₹1076.71 | Qty: 1 | Total: ₹1076.71
[2026-07-10 13:59:39] TRADE MATCHED: Ticker: HDFCBANK | Buy Order: 432 | Sell Order: 417 | Price: ₹1556.41 | Qty: 1 | Total: ₹1556.41
[2026-07-10 13:59:39] TRADE MATCHED: Ticker: HDFCBANK | Buy Order: 432 | Sell Order: 427 | Price: ₹1566.81 | Qty: 10 | Total: ₹15668.10
[2026-07-10 13:59:40] TRADE MATCHED: Ticker: TCS | Buy Order: 434 | Sell Order: 413 | Price: ₹3343.44 | Qty: 1 | Total: ₹3343.44
[2026-07-10 13:59:40] TRADE MATCHED: Ticker: TCS | Buy Order: 434 | Sell Order: 431 | Price: ₹3358.14 | Qty: 1 | Total: ₹3358.14
[2026-07-10 13:59:44] TRADE MATCHED: Ticker: TATAMOTORS | Buy Order: 437 | Sell Order: 352 | Price: ₹632.25 | Qty: 6 | Total: ₹3793.50
[2026-07-10 13:59:44] TRADE MATCHED: Ticker: TATAMOTORS | Buy Order: 437 | Sell Order: 407 | Price: ₹632.28 | Qty: 8 | Total: ₹5058.24
[2026-07-10 13:59:47] TRADE MATCHED: Ticker: TATAMOTORS | Buy Order: 422 | Sell Order: 439 | Price: ₹628.88 | Qty: 10 | Total: ₹6288.80
[2026-07-10 13:59:49] TRADE MATCHED: Ticker: TCS | Buy Order: 405 | Sell Order: 441 | Price: ₹3335.06 | Qty: 4 | Total: ₹13340.24
[2026-07-10 13:59:49] TRADE MATCHED: Ticker: TCS | Buy Order: 364 | Sell Order: 441 | Price: ₹3320.18 | Qty: 2 | Total: ₹6640.36
[2026-07-10 13:59:50] TRADE MATCHED: Ticker: TCS | Buy Order: 286 | Sell Order: 441 | Price: ₹3317.77 | Qty: 5 | Total: ₹16588.85
[2026-07-10 13:59:50] TRADE MATCHED: Ticker: TCS | Buy Order: 430 | Sell Order: 441 | Price: ₹3317.76 | Qty: 2 | Total: ₹6635.52
[2026-07-10 13:59:50] TRADE MATCHED: Ticker: HDFCBANK | Buy Order: 218 | Sell Order: 442 | Price: ₹1553.63 | Qty: 2 | Total: ₹3107.26
[2026-07-10 13:59:50] TRADE MATCHED: Ticker: HDFCBANK | Buy Order: 390 | Sell Order: 442 | Price: ₹1550.78 | Qty: 12 | Total: ₹18609.36
[2026-07-10 13:59:58] TRADE MATCHED: Ticker: SUNPHARMA | Buy Order: 443 | Sell Order: 448 | Price: ₹1075.89 | Qty: 1 | Total: ₹1075.89
[2026-07-10 13:59:59] TRADE MATCHED: Ticker: SUNPHARMA | Buy Order: 449 | Sell Order: 278 | Price: ₹1078.45 | Qty: 3 | Total: ₹3235.35
[2026-07-10 14:00:05] TRADE MATCHED: Ticker: HDFCBANK | Buy Order: 454 | Sell Order: 438 | Price: ₹1558.86 | Qty: 2 | Total: ₹3117.72
[2026-07-10 14:00:10] TRADE MATCHED: Ticker: TCS | Buy Order: 445 | Sell Order: 458 | Price: ₹3326.67 | Qty: 4 | Total: ₹13306.68
[2026-07-10 14:00:10] TRADE MATCHED: Ticker: TCS | Buy Order: 430 | Sell Order: 458 | Price: ₹3317.76 | Qty: 1 | Total: ₹3317.76
[2026-07-10 14:00:12] TRADE MATCHED: Ticker: RELIANCE | Buy Order: 420 | Sell Order: 461 | Price: ₹2304.40 | Qty: 3 | Total: ₹6913.20
[2026-07-10 14:00:12] TRADE MATCHED: Ticker: RELIANCE | Buy Order: 435 | Sell Order: 461 | Price: ₹2303.86 | Qty: 2 | Total: ₹4607.72
[2026-07-10 14:00:13] TRADE MATCHED: Ticker: RELIANCE | Buy Order: 462 | Sell Order: 360 | Price: ₹2305.78 | Qty: 2 | Total: ₹4611.56
[2026-07-10 14:00:14] TRADE MATCHED: Ticker: RELIANCE | Buy Order: 462 | Sell Order: 346 | Price: ₹2318.60 | Qty: 7 | Total: ₹16230.20
[2026-07-10 14:00:14] TRADE MATCHED: Ticker: RELIANCE | Buy Order: 462 | Sell Order: 265 | Price: ₹2330.04 | Qty: 2 | Total: ₹4660.08
[2026-07-10 14:00:16] TRADE MATCHED: Ticker: SUNPHARMA | Buy Order: 464 | Sell Order: 278 | Price: ₹1078.45 | Qty: 7 | Total: ₹7549.15
[2026-07-10 14:00:16] TRADE MATCHED: Ticker: SUNPHARMA | Buy Order: 464 | Sell Order: 353 | Price: ₹1078.62 | Qty: 1 | Total: ₹1078.62
[2026-07-10 14:00:16] TRADE MATCHED: Ticker: SUNPHARMA | Buy Order: 465 | Sell Order: 353 | Price: ₹1078.62 | Qty: 3 | Total: ₹3235.86
[2026-07-10 14:00:20] TRADE MATCHED: Ticker: TATAMOTORS | Buy Order: 422 | Sell Order: 468 | Price: ₹628.88 | Qty: 3 | Total: ₹1886.64
[2026-07-10 14:00:20] TRADE MATCHED: Ticker: TATAMOTORS | Buy Order: 460 | Sell Order: 468 | Price: ₹627.80 | Qty: 5 | Total: ₹3139.00
[2026-07-10 14:00:25] TRADE MATCHED: Ticker: TCS | Buy Order: 430 | Sell Order: 472 | Price: ₹3317.76 | Qty: 1 | Total: ₹3317.76
[2026-07-10 14:00:25] TRADE MATCHED: Ticker: TCS | Buy Order: 370 | Sell Order: 472 | Price: ₹3310.55 | Qty: 1 | Total: ₹3310.55
[2026-07-10 14:00:26] TRADE MATCHED: Ticker: TATAMOTORS | Buy Order: 460 | Sell Order: 473 | Price: ₹627.80 | Qty: 2 | Total: ₹1255.60
[2026-07-10 14:00:26] TRADE MATCHED: Ticker: TATAMOTORS | Buy Order: 319 | Sell Order: 473 | Price: ₹627.45 | Qty: 4 | Total: ₹2509.80
[2026-07-10 14:00:26] TRADE MATCHED: Ticker: TATAMOTORS | Buy Order: 187 | Sell Order: 473 | Price: ₹627.35 | Qty: 3 | Total: ₹1882.05
[2026-07-10 14:00:26] TRADE MATCHED: Ticker: TATAMOTORS | Buy Order: 466 | Sell Order: 473 | Price: ₹626.06 | Qty: 3 | Total: ₹1878.18
[2026-07-10 14:00:27] TRADE MATCHED: Ticker: SUNPHARMA | Buy Order: 474 | Sell Order: 353 | Price: ₹1078.62 | Qty: 6 | Total: ₹6471.72
[2026-07-10 14:00:31] TRADE MATCHED: Ticker: RELIANCE | Buy Order: 435 | Sell Order: 477 | Price: ₹2303.86 | Qty: 1 | Total: ₹2303.86
[2026-07-10 14:00:35] TRADE MATCHED: Ticker: HDFCBANK | Buy Order: 475 | Sell Order: 480 | Price: ₹1573.21 | Qty: 7 | Total: ₹11012.47
[2026-07-10 14:00:37] TRADE MATCHED: Ticker: TCS | Buy Order: 479 | Sell Order: 482 | Price: ₹3343.67 | Qty: 1 | Total: ₹3343.67
[2026-07-10 14:00:41] TRADE MATCHED: Ticker: TCS | Buy Order: 370 | Sell Order: 484 | Price: ₹3310.55 | Qty: 8 | Total: ₹26484.40
[2026-07-10 14:00:41] TRADE MATCHED: Ticker: TCS | Buy Order: 299 | Sell Order: 484 | Price: ₹3310.39 | Qty: 1 | Total: ₹3310.39
[2026-07-10 14:00:44] TRADE MATCHED: Ticker: SUNPHARMA | Buy Order: 474 | Sell Order: 487 | Price: ₹1081.92 | Qty: 2 | Total: ₹2163.84
[2026-07-10 14:00:44] TRADE MATCHED: Ticker: HDFCBANK | Buy Order: 488 | Sell Order: 350 | Price: ₹1584.60 | Qty: 4 | Total: ₹6338.40
[2026-07-10 14:00:45] TRADE MATCHED: Ticker: HDFCBANK | Buy Order: 488 | Sell Order: 190 | Price: ₹1585.24 | Qty: 7 | Total: ₹11096.68
[2026-07-10 14:00:45] TRADE MATCHED: Ticker: HDFCBANK | Buy Order: 488 | Sell Order: 263 | Price: ₹1587.38 | Qty: 3 | Total: ₹4762.14
[2026-07-10 14:00:52] TRADE MATCHED: Ticker: TCS | Buy Order: 299 | Sell Order: 494 | Price: ₹3310.39 | Qty: 9 | Total: ₹29793.51
[2026-07-10 14:00:56] TRADE MATCHED: Ticker: TCS | Buy Order: 457 | Sell Order: 497 | Price: ₹3309.19 | Qty: 4 | Total: ₹13236.76
[2026-07-10 14:00:56] TRADE MATCHED: Ticker: RELIANCE | Buy Order: 498 | Sell Order: 477 | Price: ₹2300.52 | Qty: 1 | Total: ₹2300.52
[2026-07-10 14:00:58] TRADE MATCHED: Ticker: SUNPHARMA | Buy Order: 500 | Sell Order: 456 | Price: ₹1084.01 | Qty: 10 | Total: ₹10840.10
[2026-07-10 14:01:03] TRADE MATCHED: Ticker: RELIANCE | Buy Order: 502 | Sell Order: 477 | Price: ₹2300.52 | Qty: 10 | Total: ₹23005.20
[2026-07-10 14:01:03] TRADE MATCHED: Ticker: TCS | Buy Order: 457 | Sell Order: 504 | Price: ₹3309.19 | Qty: 4 | Total: ₹13236.76
[2026-07-10 14:01:03] TRADE MATCHED: Ticker: TCS | Buy Order: 491 | Sell Order: 504 | Price: ₹3303.13 | Qty: 4 | Total: ₹13212.52
[2026-07-10 14:01:03] TRADE MATCHED: Ticker: TCS | Buy Order: 251 | Sell Order: 504 | Price: ₹3302.20 | Qty: 2 | Total: ₹6604.40
[2026-07-10 14:01:07] TRADE MATCHED: Ticker: TATAMOTORS | Buy Order: 466 | Sell Order: 506 | Price: ₹626.06 | Qty: 10 | Total: ₹6260.60
[2026-07-10 14:01:07] TRADE MATCHED: Ticker: TATAMOTORS | Buy Order: 492 | Sell Order: 506 | Price: ₹625.96 | Qty: 3 | Total: ₹1877.88
[2026-07-10 14:01:07] TRADE MATCHED: Ticker: RELIANCE | Buy Order: 507 | Sell Order: 477 | Price: ₹2300.52 | Qty: 2 | Total: ₹4601.04
[2026-07-10 14:01:14] TRADE MATCHED: Ticker: HDFCBANK | Buy Order: 514 | Sell Order: 263 | Price: ₹1587.38 | Qty: 3 | Total: ₹4762.14
[2026-07-10 14:01:15] TRADE MATCHED: Ticker: SUNPHARMA | Buy Order: 513 | Sell Order: 456 | Price: ₹1084.01 | Qty: 1 | Total: ₹1084.01
[2026-07-10 14:01:16] TRADE MATCHED: Ticker: TATAMOTORS | Buy Order: 515 | Sell Order: 503 | Price: ₹627.92 | Qty: 3 | Total: ₹1883.76
[2026-07-10 14:01:16] TRADE MATCHED: Ticker: TATAMOTORS | Buy Order: 515 | Sell Order: 407 | Price: ₹632.28 | Qty: 4 | Total: ₹2529.12
[2026-07-10 14:01:17] TRADE MATCHED: Ticker: TATAMOTORS | Buy Order: 515 | Sell Order: 501 | Price: ₹632.51 | Qty: 5 | Total: ₹3162.55
[2026-07-10 14:01:22] TRADE MATCHED: Ticker: RELIANCE | Buy Order: 521 | Sell Order: 519 | Price: ₹2326.25 | Qty: 12 | Total: ₹27915.00
[2026-07-10 14:01:25] TRADE MATCHED: Ticker: RELIANCE | Buy Order: 523 | Sell Order: 519 | Price: ₹2326.25 | Qty: 2 | Total: ₹4652.50
[2026-07-10 14:01:25] TRADE MATCHED: Ticker: RELIANCE | Buy Order: 523 | Sell Order: 265 | Price: ₹2330.04 | Qty: 6 | Total: ₹13980.24
[2026-07-10 14:01:26] TRADE MATCHED: Ticker: TATAMOTORS | Buy Order: 492 | Sell Order: 524 | Price: ₹625.96 | Qty: 1 | Total: ₹625.96
[2026-07-10 14:01:26] TRADE MATCHED: Ticker: TATAMOTORS | Buy Order: 328 | Sell Order: 524 | Price: ₹625.53 | Qty: 3 | Total: ₹1876.59
[2026-07-10 14:01:29] TRADE MATCHED: Ticker: TCS | Buy Order: 526 | Sell Order: 485 | Price: ₹3311.20 | Qty: 10 | Total: ₹33112.00
[2026-07-10 14:01:30] TRADE MATCHED: Ticker: SUNPHARMA | Buy Order: 474 | Sell Order: 527 | Price: ₹1081.92 | Qty: 2 | Total: ₹2163.84
[2026-07-10 14:01:30] TRADE MATCHED: Ticker: SUNPHARMA | Buy Order: 520 | Sell Order: 527 | Price: ₹1079.96 | Qty: 11 | Total: ₹11879.56
[2026-07-10 14:01:30] TRADE MATCHED: Ticker: TCS | Buy Order: 251 | Sell Order: 528 | Price: ₹3302.20 | Qty: 2 | Total: ₹6604.40
[2026-07-10 14:01:30] TRADE MATCHED: Ticker: TCS | Buy Order: 396 | Sell Order: 528 | Price: ₹3299.62 | Qty: 7 | Total: ₹23097.34
[2026-07-10 14:01:30] TRADE MATCHED: Ticker: TCS | Buy Order: 376 | Sell Order: 528 | Price: ₹3299.12 | Qty: 5 | Total: ₹16495.60
[2026-07-10 14:01:32] TRADE MATCHED: Ticker: TATAMOTORS | Buy Order: 530 | Sell Order: 501 | Price: ₹632.51 | Qty: 3 | Total: ₹1897.53
[2026-07-10 14:01:34] TRADE MATCHED: Ticker: HDFCBANK | Buy Order: 532 | Sell Order: 267 | Price: ₹1590.13 | Qty: 11 | Total: ₹17491.43
[2026-07-10 14:01:34] TRADE MATCHED: Ticker: HDFCBANK | Buy Order: 532 | Sell Order: 400 | Price: ₹1590.44 | Qty: 3 | Total: ₹4771.32
[2026-07-10 14:01:35] TRADE MATCHED: Ticker: SUNPHARMA | Buy Order: 533 | Sell Order: 531 | Price: ₹1080.50 | Qty: 4 | Total: ₹4322.00
[2026-07-10 14:01:38] TRADE MATCHED: Ticker: TCS | Buy Order: 376 | Sell Order: 535 | Price: ₹3299.12 | Qty: 9 | Total: ₹29692.08
[2026-07-10 14:01:38] TRADE MATCHED: Ticker: TCS | Buy Order: 307 | Sell Order: 535 | Price: ₹3287.97 | Qty: 4 | Total: ₹13151.88
[2026-07-10 14:01:38] TRADE MATCHED: Ticker: TCS | Buy Order: 311 | Sell Order: 535 | Price: ₹3284.91 | Qty: 1 | Total: ₹3284.91
[2026-07-10 14:01:39] TRADE MATCHED: Ticker: RELIANCE | Buy Order: 507 | Sell Order: 537 | Price: ₹2321.93 | Qty: 8 | Total: ₹18575.44
[2026-07-10 14:01:41] TRADE MATCHED: Ticker: TATAMOTORS | Buy Order: 534 | Sell Order: 538 | Price: ₹631.39 | Qty: 5 | Total: ₹3156.95
[2026-07-10 14:01:41] TRADE MATCHED: Ticker: RELIANCE | Buy Order: 539 | Sell Order: 265 | Price: ₹2330.04 | Qty: 5 | Total: ₹11650.20
[2026-07-10 14:01:41] TRADE MATCHED: Ticker: RELIANCE | Buy Order: 539 | Sell Order: 510 | Price: ₹2333.21 | Qty: 4 | Total: ₹9332.84
[2026-07-10 14:01:43] TRADE MATCHED: Ticker: RELIANCE | Buy Order: 507 | Sell Order: 541 | Price: ₹2321.93 | Qty: 3 | Total: ₹6965.79
[2026-07-10 14:01:43] TRADE MATCHED: Ticker: RELIANCE | Buy Order: 518 | Sell Order: 541 | Price: ₹2321.08 | Qty: 11 | Total: ₹25531.88
[2026-07-10 14:01:48] TRADE MATCHED: Ticker: TCS | Buy Order: 545 | Sell Order: 485 | Price: ₹3311.20 | Qty: 1 | Total: ₹3311.20
[2026-07-10 14:01:49] TRADE MATCHED: Ticker: RELIANCE | Buy Order: 546 | Sell Order: 541 | Price: ₹2315.75 | Qty: 1 | Total: ₹2315.75
[2026-07-10 14:01:49] TRADE MATCHED: Ticker: RELIANCE | Buy Order: 546 | Sell Order: 510 | Price: ₹2333.21 | Qty: 2 | Total: ₹4666.42
[2026-07-10 14:01:53] TRADE MATCHED: Ticker: TATAMOTORS | Buy Order: 548 | Sell Order: 501 | Price: ₹632.51 | Qty: 1 | Total: ₹632.51
[2026-07-10 14:01:53] TRADE MATCHED: Ticker: TATAMOTORS | Buy Order: 548 | Sell Order: 342 | Price: ₹632.72 | Qty: 3 | Total: ₹1898.16
[2026-07-10 14:01:56] TRADE MATCHED: Ticker: SUNPHARMA | Buy Order: 551 | Sell Order: 531 | Price: ₹1080.50 | Qty: 3 | Total: ₹3241.50
[2026-07-10 14:01:56] TRADE MATCHED: Ticker: SUNPHARMA | Buy Order: 551 | Sell Order: 456 | Price: ₹1084.01 | Qty: 2 | Total: ₹2168.02
[2026-07-10 14:01:56] TRADE MATCHED: Ticker: SUNPHARMA | Buy Order: 551 | Sell Order: 425 | Price: ₹1088.45 | Qty: 7 | Total: ₹7619.15
[2026-07-10 14:01:56] TRADE MATCHED: Ticker: RELIANCE | Buy Order: 550 | Sell Order: 510 | Price: ₹2333.21 | Qty: 6 | Total: ₹13999.26
[2026-07-10 14:01:56] TRADE MATCHED: Ticker: RELIANCE | Buy Order: 550 | Sell Order: 433 | Price: ₹2337.76 | Qty: 2 | Total: ₹4675.52
[2026-07-10 14:01:58] TRADE MATCHED: Ticker: TCS | Buy Order: 552 | Sell Order: 536 | Price: ₹3331.82 | Qty: 3 | Total: ₹9995.46
[2026-07-10 14:01:58] TRADE MATCHED: Ticker: TCS | Buy Order: 552 | Sell Order: 549 | Price: ₹3334.63 | Qty: 5 | Total: ₹16673.15
[2026-07-10 14:02:01] TRADE MATCHED: Ticker: SUNPHARMA | Buy Order: 520 | Sell Order: 556 | Price: ₹1079.96 | Qty: 1 | Total: ₹1079.96
[2026-07-10 14:02:02] TRADE MATCHED: Ticker: TCS | Buy Order: 545 | Sell Order: 557 | Price: ₹3330.85 | Qty: 1 | Total: ₹3330.85
[2026-07-10 14:02:09] TRADE MATCHED: Ticker: TATAMOTORS | Buy Order: 534 | Sell Order: 561 | Price: ₹631.39 | Qty: 2 | Total: ₹1262.78
[2026-07-10 14:02:09] TRADE MATCHED: Ticker: SUNPHARMA | Buy Order: 520 | Sell Order: 562 | Price: ₹1079.96 | Qty: 3 | Total: ₹3239.88
[2026-07-10 14:02:10] TRADE MATCHED: Ticker: TATAMOTORS | Buy Order: 563 | Sell Order: 342 | Price: ₹632.72 | Qty: 1 | Total: ₹632.72
[2026-07-10 14:02:13] TRADE MATCHED: Ticker: RELIANCE | Buy Order: 566 | Sell Order: 433 | Price: ₹2337.76 | Qty: 3 | Total: ₹7013.28
[2026-07-10 14:02:19] TRADE MATCHED: Ticker: TCS | Buy Order: 311 | Sell Order: 570 | Price: ₹3284.91 | Qty: 6 | Total: ₹19709.46
[2026-07-10 14:02:27] TRADE MATCHED: Ticker: TATAMOTORS | Buy Order: 534 | Sell Order: 576 | Price: ₹631.39 | Qty: 5 | Total: ₹3156.95
[2026-07-10 14:02:28] TRADE MATCHED: Ticker: HDFCBANK | Buy Order: 522 | Sell Order: 577 | Price: ₹1586.06 | Qty: 12 | Total: ₹19032.72
[2026-07-10 14:02:29] TRADE MATCHED: Ticker: SUNPHARMA | Buy Order: 443 | Sell Order: 578 | Price: ₹1075.89 | Qty: 2 | Total: ₹2151.78
[2026-07-10 14:02:29] TRADE MATCHED: Ticker: SUNPHARMA | Buy Order: 555 | Sell Order: 578 | Price: ₹1070.44 | Qty: 7 | Total: ₹7493.08
[2026-07-10 14:02:29] TRADE MATCHED: Ticker: SUNPHARMA | Buy Order: 564 | Sell Order: 578 | Price: ₹1069.96 | Qty: 3 | Total: ₹3209.88
[2026-07-10 14:02:32] TRADE MATCHED: Ticker: SUNPHARMA | Buy Order: 564 | Sell Order: 581 | Price: ₹1069.96 | Qty: 1 | Total: ₹1069.96
[2026-07-10 14:02:32] TRADE MATCHED: Ticker: SUNPHARMA | Buy Order: 451 | Sell Order: 581 | Price: ₹1069.61 | Qty: 1 | Total: ₹1069.61
[2026-07-10 14:02:32] TRADE MATCHED: Ticker: SUNPHARMA | Buy Order: 478 | Sell Order: 581 | Price: ₹1069.12 | Qty: 4 | Total: ₹4276.48
[2026-07-10 14:02:39] TRADE MATCHED: Ticker: RELIANCE | Buy Order: 586 | Sell Order: 582 | Price: ₹2324.97 | Qty: 7 | Total: ₹16274.79
[2026-07-10 14:02:42] TRADE MATCHED: Ticker: RELIANCE | Buy Order: 587 | Sell Order: 588 | Price: ₹2321.30 | Qty: 8 | Total: ₹18570.40
[2026-07-10 14:02:45] TRADE MATCHED: Ticker: TCS | Buy Order: 544 | Sell Order: 589 | Price: ₹3284.45 | Qty: 4 | Total: ₹13137.80
[2026-07-10 14:02:49] TRADE MATCHED: Ticker: RELIANCE | Buy Order: 587 | Sell Order: 593 | Price: ₹2321.30 | Qty: 2 | Total: ₹4642.60
[2026-07-10 14:02:52] TRADE MATCHED: Ticker: HDFCBANK | Buy Order: 522 | Sell Order: 594 | Price: ₹1586.06 | Qty: 1 | Total: ₹1586.06
[2026-07-10 14:02:52] TRADE MATCHED: Ticker: HDFCBANK | Buy Order: 580 | Sell Order: 594 | Price: ₹1584.71 | Qty: 4 | Total: ₹6338.84
[2026-07-10 14:02:53] TRADE MATCHED: Ticker: RELIANCE | Buy Order: 595 | Sell Order: 582 | Price: ₹2324.97 | Qty: 8 | Total: ₹18599.76
[2026-07-10 14:02:58] TRADE MATCHED: Ticker: SUNPHARMA | Buy Order: 478 | Sell Order: 600 | Price: ₹1069.12 | Qty: 3 | Total: ₹3207.36
[2026-07-10 14:02:58] TRADE MATCHED: Ticker: SUNPHARMA | Buy Order: 387 | Sell Order: 600 | Price: ₹1068.54 | Qty: 2 | Total: ₹2137.08
[2026-07-10 14:02:58] TRADE MATCHED: Ticker: TCS | Buy Order: 544 | Sell Order: 601 | Price: ₹3284.45 | Qty: 2 | Total: ₹6568.90
[2026-07-10 14:03:00] TRADE MATCHED: Ticker: HDFCBANK | Buy Order: 580 | Sell Order: 602 | Price: ₹1584.71 | Qty: 2 | Total: ₹3169.42
[2026-07-10 14:03:02] TRADE MATCHED: Ticker: HDFCBANK | Buy Order: 604 | Sell Order: 400 | Price: ₹1590.44 | Qty: 6 | Total: ₹9542.64
[2026-07-10 14:03:03] TRADE MATCHED: Ticker: HDFCBANK | Buy Order: 605 | Sell Order: 400 | Price: ₹1590.44 | Qty: 1 | Total: ₹1590.44
[2026-07-10 14:03:04] TRADE MATCHED: Ticker: HDFCBANK | Buy Order: 605 | Sell Order: 542 | Price: ₹1602.10 | Qty: 3 | Total: ₹4806.30
[2026-07-10 14:03:04] TRADE MATCHED: Ticker: HDFCBANK | Buy Order: 605 | Sell Order: 276 | Price: ₹1603.26 | Qty: 5 | Total: ₹8016.30
[2026-07-10 14:03:04] TRADE MATCHED: Ticker: TATAMOTORS | Buy Order: 607 | Sell Order: 598 | Price: ₹625.92 | Qty: 2 | Total: ₹1251.84
[2026-07-10 14:03:04] TRADE MATCHED: Ticker: TATAMOTORS | Buy Order: 607 | Sell Order: 576 | Price: ₹626.43 | Qty: 2 | Total: ₹1252.86
[2026-07-10 14:03:05] TRADE MATCHED: Ticker: TATAMOTORS | Buy Order: 607 | Sell Order: 590 | Price: ₹627.55 | Qty: 4 | Total: ₹2510.20
[2026-07-10 14:03:07] TRADE MATCHED: Ticker: TCS | Buy Order: 544 | Sell Order: 609 | Price: ₹3284.45 | Qty: 1 | Total: ₹3284.45
[2026-07-10 14:03:10] TRADE MATCHED: Ticker: SUNPHARMA | Buy Order: 612 | Sell Order: 562 | Price: ₹1076.44 | Qty: 6 | Total: ₹6458.64
[2026-07-10 14:03:18] TRADE MATCHED: Ticker: TATAMOTORS | Buy Order: 617 | Sell Order: 565 | Price: ₹632.33 | Qty: 6 | Total: ₹3793.98
[2026-07-10 14:03:18] TRADE MATCHED: Ticker: SUNPHARMA | Buy Order: 387 | Sell Order: 619 | Price: ₹1068.54 | Qty: 1 | Total: ₹1068.54
[2026-07-10 14:03:20] TRADE MATCHED: Ticker: HDFCBANK | Buy Order: 621 | Sell Order: 614 | Price: ₹1593.26 | Qty: 9 | Total: ₹14339.34
[2026-07-10 14:03:23] TRADE MATCHED: Ticker: TCS | Buy Order: 622 | Sell Order: 616 | Price: ₹3288.36 | Qty: 3 | Total: ₹9865.08
[2026-07-10 14:03:23] TRADE MATCHED: Ticker: TCS | Buy Order: 622 | Sell Order: 591 | Price: ₹3292.80 | Qty: 5 | Total: ₹16464.00
[2026-07-10 14:03:23] TRADE MATCHED: Ticker: TCS | Buy Order: 622 | Sell Order: 557 | Price: ₹3297.56 | Qty: 1 | Total: ₹3297.56
[2026-07-10 14:03:28] TRADE MATCHED: Ticker: SUNPHARMA | Buy Order: 385 | Sell Order: 625 | Price: ₹1067.98 | Qty: 4 | Total: ₹4271.92
[2026-07-10 14:03:29] TRADE MATCHED: Ticker: TCS | Buy Order: 627 | Sell Order: 623 | Price: ₹3289.55 | Qty: 6 | Total: ₹19737.30
[2026-07-10 14:03:30] TRADE MATCHED: Ticker: TCS | Buy Order: 627 | Sell Order: 557 | Price: ₹3297.56 | Qty: 3 | Total: ₹9892.68
[2026-07-10 14:03:34] TRADE MATCHED: Ticker: RELIANCE | Buy Order: 606 | Sell Order: 630 | Price: ₹2334.08 | Qty: 5 | Total: ₹11670.40
[2026-07-10 14:03:34] TRADE MATCHED: Ticker: RELIANCE | Buy Order: 595 | Sell Order: 630 | Price: ₹2329.99 | Qty: 1 | Total: ₹2329.99
[2026-07-10 14:03:37] TRADE MATCHED: Ticker: TATAMOTORS | Buy Order: 328 | Sell Order: 632 | Price: ₹625.53 | Qty: 2 | Total: ₹1251.06
[2026-07-10 14:03:37] TRADE MATCHED: Ticker: TATAMOTORS | Buy Order: 597 | Sell Order: 632 | Price: ₹624.32 | Qty: 9 | Total: ₹5618.88
[2026-07-10 14:03:38] TRADE MATCHED: Ticker: TATAMOTORS | Buy Order: 447 | Sell Order: 632 | Price: ₹624.16 | Qty: 2 | Total: ₹1248.32
[2026-07-10 14:03:39] TRADE MATCHED: Ticker: SUNPHARMA | Buy Order: 626 | Sell Order: 633 | Price: ₹1074.46 | Qty: 2 | Total: ₹2148.92
[2026-07-10 14:03:39] TRADE MATCHED: Ticker: SUNPHARMA | Buy Order: 385 | Sell Order: 633 | Price: ₹1067.98 | Qty: 1 | Total: ₹1067.98
[2026-07-10 14:03:42] TRADE MATCHED: Ticker: TATAMOTORS | Buy Order: 447 | Sell Order: 635 | Price: ₹624.16 | Qty: 7 | Total: ₹4369.12
[2026-07-10 14:03:42] TRADE MATCHED: Ticker: TATAMOTORS | Buy Order: 323 | Sell Order: 635 | Price: ₹624.07 | Qty: 1 | Total: ₹624.07
[2026-07-10 14:03:44] TRADE MATCHED: Ticker: TATAMOTORS | Buy Order: 637 | Sell Order: 620 | Price: ₹630.49 | Qty: 4 | Total: ₹2521.96
[2026-07-10 14:03:45] TRADE MATCHED: Ticker: TATAMOTORS | Buy Order: 638 | Sell Order: 620 | Price: ₹630.49 | Qty: 9 | Total: ₹5674.41
[2026-07-10 14:03:45] TRADE MATCHED: Ticker: TATAMOTORS | Buy Order: 638 | Sell Order: 624 | Price: ₹631.55 | Qty: 3 | Total: ₹1894.65
[2026-07-10 14:03:47] TRADE MATCHED: Ticker: TATAMOTORS | Buy Order: 639 | Sell Order: 624 | Price: ₹631.55 | Qty: 2 | Total: ₹1263.10
[2026-07-10 14:03:51] TRADE MATCHED: Ticker: HDFCBANK | Buy Order: 628 | Sell Order: 643 | Price: ₹1593.09 | Qty: 10 | Total: ₹15930.90
[2026-07-10 14:03:52] TRADE MATCHED: Ticker: HDFCBANK | Buy Order: 629 | Sell Order: 643 | Price: ₹1592.09 | Qty: 1 | Total: ₹1592.09
[2026-07-10 14:03:53] TRADE MATCHED: Ticker: SUNPHARMA | Buy Order: 641 | Sell Order: 645 | Price: ₹1076.32 | Qty: 3 | Total: ₹3228.96
[2026-07-10 14:03:56] TRADE MATCHED: Ticker: HDFCBANK | Buy Order: 646 | Sell Order: 614 | Price: ₹1593.26 | Qty: 3 | Total: ₹4779.78
[2026-07-10 14:03:56] TRADE MATCHED: Ticker: HDFCBANK | Buy Order: 646 | Sell Order: 276 | Price: ₹1603.26 | Qty: 3 | Total: ₹4809.78
[2026-07-10 14:03:56] TRADE MATCHED: Ticker: HDFCBANK | Buy Order: 648 | Sell Order: 136 | Price: ₹1605.41 | Qty: 5 | Total: ₹8027.05
[2026-07-10 14:03:58] TRADE MATCHED: Ticker: TATAMOTORS | Buy Order: 649 | Sell Order: 624 | Price: ₹631.55 | Qty: 6 | Total: ₹3789.30
[2026-07-10 14:03:59] TRADE MATCHED: Ticker: SUNPHARMA | Buy Order: 650 | Sell Order: 562 | Price: ₹1076.44 | Qty: 4 | Total: ₹4305.76
[2026-07-10 14:04:01] TRADE MATCHED: Ticker: RELIANCE | Buy Order: 595 | Sell Order: 652 | Price: ₹2329.99 | Qty: 4 | Total: ₹9319.96
[2026-07-10 14:04:02] TRADE MATCHED: Ticker: RELIANCE | Buy Order: 511 | Sell Order: 652 | Price: ₹2315.42 | Qty: 9 | Total: ₹20838.78
[2026-07-10 14:04:02] TRADE MATCHED: Ticker: RELIANCE | Buy Order: 653 | Sell Order: 433 | Price: ₹2337.76 | Qty: 3 | Total: ₹7013.28
[2026-07-10 14:04:02] TRADE MATCHED: Ticker: RELIANCE | Buy Order: 653 | Sell Order: 611 | Price: ₹2345.96 | Qty: 6 | Total: ₹14075.76
[2026-07-10 14:04:04] TRADE MATCHED: Ticker: SUNPHARMA | Buy Order: 655 | Sell Order: 651 | Price: ₹1076.58 | Qty: 8 | Total: ₹8612.64
[2026-07-10 14:04:07] TRADE MATCHED: Ticker: RELIANCE | Buy Order: 511 | Sell Order: 657 | Price: ₹2315.42 | Qty: 3 | Total: ₹6946.26
[2026-07-10 14:04:07] TRADE MATCHED: Ticker: RELIANCE | Buy Order: 613 | Sell Order: 657 | Price: ₹2311.55 | Qty: 2 | Total: ₹4623.10
[2026-07-10 14:04:07] TRADE MATCHED: Ticker: RELIANCE | Buy Order: 543 | Sell Order: 657 | Price: ₹2309.34 | Qty: 1 | Total: ₹2309.34
[2026-07-10 14:04:07] TRADE MATCHED: Ticker: HDFCBANK | Buy Order: 629 | Sell Order: 658 | Price: ₹1592.09 | Qty: 7 | Total: ₹11144.63
[2026-07-10 14:04:09] TRADE MATCHED: Ticker: SUNPHARMA | Buy Order: 659 | Sell Order: 569 | Price: ₹1081.61 | Qty: 2 | Total: ₹2163.22
[2026-07-10 14:04:09] TRADE MATCHED: Ticker: HDFCBANK | Buy Order: 629 | Sell Order: 660 | Price: ₹1592.09 | Qty: 7 | Total: ₹11144.63
[2026-07-10 14:04:10] TRADE MATCHED: Ticker: TATAMOTORS | Buy Order: 661 | Sell Order: 624 | Price: ₹631.55 | Qty: 3 | Total: ₹1894.65
[2026-07-10 14:04:12] TRADE MATCHED: Ticker: TATAMOTORS | Buy Order: 662 | Sell Order: 565 | Price: ₹632.33 | Qty: 4 | Total: ₹2529.32
[2026-07-10 14:04:13] TRADE MATCHED: Ticker: HDFCBANK | Buy Order: 580 | Sell Order: 664 | Price: ₹1584.71 | Qty: 1 | Total: ₹1584.71
[2026-07-10 14:04:18] TRADE MATCHED: Ticker: SUNPHARMA | Buy Order: 668 | Sell Order: 569 | Price: ₹1081.61 | Qty: 3 | Total: ₹3244.83
[2026-07-10 14:04:19] TRADE MATCHED: Ticker: TATAMOTORS | Buy Order: 670 | Sell Order: 565 | Price: ₹632.33 | Qty: 1 | Total: ₹632.33
[2026-07-10 14:04:21] TRADE MATCHED: Ticker: HDFCBANK | Buy Order: 580 | Sell Order: 672 | Price: ₹1584.71 | Qty: 5 | Total: ₹7923.55
[2026-07-10 14:04:24] TRADE MATCHED: Ticker: TCS | Buy Order: 340 | Sell Order: 674 | Price: ₹3279.50 | Qty: 11 | Total: ₹36074.50
[2026-07-10 14:04:28] TRADE MATCHED: Ticker: HDFCBANK | Buy Order: 571 | Sell Order: 677 | Price: ₹1583.00 | Qty: 2 | Total: ₹3166.00
[2026-07-10 14:04:28] TRADE MATCHED: Ticker: TATAMOTORS | Buy Order: 661 | Sell Order: 678 | Price: ₹631.76 | Qty: 1 | Total: ₹631.76
[2026-07-10 14:04:28] TRADE MATCHED: Ticker: TATAMOTORS | Buy Order: 656 | Sell Order: 678 | Price: ₹628.81 | Qty: 2 | Total: ₹1257.62
[2026-07-10 14:04:28] TRADE MATCHED: Ticker: TATAMOTORS | Buy Order: 323 | Sell Order: 678 | Price: ₹624.07 | Qty: 4 | Total: ₹2496.28
[2026-07-10 14:04:30] TRADE MATCHED: Ticker: HDFCBANK | Buy Order: 680 | Sell Order: 660 | Price: ₹1588.94 | Qty: 2 | Total: ₹3177.88
[2026-07-10 14:04:32] TRADE MATCHED: Ticker: TCS | Buy Order: 681 | Sell Order: 557 | Price: ₹3297.56 | Qty: 3 | Total: ₹9892.68
[2026-07-10 14:04:32] TRADE MATCHED: Ticker: TCS | Buy Order: 681 | Sell Order: 618 | Price: ₹3308.43 | Qty: 3 | Total: ₹9925.29
[2026-07-10 14:04:41] TRADE MATCHED: Ticker: SUNPHARMA | Buy Order: 655 | Sell Order: 689 | Price: ₹1077.25 | Qty: 3 | Total: ₹3231.75
[2026-07-10 14:04:41] TRADE MATCHED: Ticker: SUNPHARMA | Buy Order: 641 | Sell Order: 689 | Price: ₹1076.32 | Qty: 3 | Total: ₹3228.96
[2026-07-10 14:04:41] TRADE MATCHED: Ticker: SUNPHARMA | Buy Order: 385 | Sell Order: 689 | Price: ₹1067.98 | Qty: 3 | Total: ₹3203.94
[2026-07-10 14:04:45] TRADE MATCHED: Ticker: TCS | Buy Order: 692 | Sell Order: 618 | Price: ₹3308.43 | Qty: 5 | Total: ₹16542.15
[2026-07-10 14:04:48] TRADE MATCHED: Ticker: RELIANCE | Buy Order: 671 | Sell Order: 694 | Price: ₹2321.71 | Qty: 1 | Total: ₹2321.71
[2026-07-10 14:04:48] TRADE MATCHED: Ticker: RELIANCE | Buy Order: 543 | Sell Order: 694 | Price: ₹2309.34 | Qty: 9 | Total: ₹20784.06
[2026-07-10 14:04:48] TRADE MATCHED: Ticker: RELIANCE | Buy Order: 687 | Sell Order: 694 | Price: ₹2306.51 | Qty: 4 | Total: ₹9226.04
[2026-07-10 14:04:52] TRADE MATCHED: Ticker: TCS | Buy Order: 697 | Sell Order: 618 | Price: ₹3308.43 | Qty: 5 | Total: ₹16542.15
[2026-07-10 14:04:52] TRADE MATCHED: Ticker: TCS | Buy Order: 697 | Sell Order: 663 | Price: ₹3312.96 | Qty: 2 | Total: ₹6625.92
[2026-07-10 14:04:53] TRADE MATCHED: Ticker: RELIANCE | Buy Order: 698 | Sell Order: 673 | Price: ₹2327.75 | Qty: 10 | Total: ₹23277.50
[2026-07-10 14:04:56] TRADE MATCHED: Ticker: SUNPHARMA | Buy Order: 701 | Sell Order: 700 | Price: ₹1057.32 | Qty: 1 | Total: ₹1057.32
[2026-07-10 14:04:56] TRADE MATCHED: Ticker: SUNPHARMA | Buy Order: 347 | Sell Order: 700 | Price: ₹1064.45 | Qty: 4 | Total: ₹4257.80
[2026-07-10 14:04:56] TRADE MATCHED: Ticker: SUNPHARMA | Buy Order: 583 | Sell Order: 700 | Price: ₹1063.95 | Qty: 4 | Total: ₹4255.80
[2026-07-10 14:04:58] TRADE MATCHED: Ticker: SUNPHARMA | Buy Order: 702 | Sell Order: 689 | Price: ₹1064.65 | Qty: 6 | Total: ₹6387.90
[2026-07-10 14:05:00] TRADE MATCHED: Ticker: TCS | Buy Order: 697 | Sell Order: 704 | Price: ₹3320.96 | Qty: 1 | Total: ₹3320.96
[2026-07-10 14:05:01] TRADE MATCHED: Ticker: TCS | Buy Order: 340 | Sell Order: 704 | Price: ₹3279.50 | Qty: 1 | Total: ₹3279.50
[2026-07-10 14:05:01] TRADE MATCHED: Ticker: TCS | Buy Order: 469 | Sell Order: 704 | Price: ₹3272.31 | Qty: 8 | Total: ₹26178.48
[2026-07-10 14:05:01] TRADE MATCHED: Ticker: TCS | Buy Order: 111 | Sell Order: 704 | Price: ₹3271.25 | Qty: 4 | Total: ₹13085.00
[2026-07-10 14:05:03] TRADE MATCHED: Ticker: TCS | Buy Order: 111 | Sell Order: 707 | Price: ₹3271.25 | Qty: 1 | Total: ₹3271.25
[2026-07-10 14:05:04] TRADE MATCHED: Ticker: TCS | Buy Order: 499 | Sell Order: 707 | Price: ₹3270.33 | Qty: 4 | Total: ₹13081.32
[2026-07-10 14:05:06] TRADE MATCHED: Ticker: RELIANCE | Buy Order: 709 | Sell Order: 703 | Price: ₹2304.38 | Qty: 8 | Total: ₹18435.04
[2026-07-10 14:05:06] TRADE MATCHED: Ticker: TATAMOTORS | Buy Order: 695 | Sell Order: 710 | Price: ₹631.85 | Qty: 2 | Total: ₹1263.70
[2026-07-10 14:05:13] TRADE MATCHED: Ticker: HDFCBANK | Buy Order: 684 | Sell Order: 714 | Price: ₹1605.29 | Qty: 7 | Total: ₹11237.03
[2026-07-10 14:05:13] TRADE MATCHED: Ticker: HDFCBANK | Buy Order: 680 | Sell Order: 714 | Price: ₹1595.69 | Qty: 1 | Total: ₹1595.69
[2026-07-10 14:05:13] TRADE MATCHED: Ticker: HDFCBANK | Buy Order: 647 | Sell Order: 714 | Price: ₹1582.33 | Qty: 1 | Total: ₹1582.33
[2026-07-10 14:05:16] TRADE MATCHED: Ticker: HDFCBANK | Buy Order: 716 | Sell Order: 717 | Price: ₹1585.80 | Qty: 4 | Total: ₹6343.20
[2026-07-10 14:05:21] TRADE MATCHED: Ticker: RELIANCE | Buy Order: 708 | Sell Order: 722 | Price: ₹2303.88 | Qty: 13 | Total: ₹29950.44
[2026-07-10 14:05:25] TRADE MATCHED: Ticker: HDFCBANK | Buy Order: 716 | Sell Order: 725 | Price: ₹1585.80 | Qty: 6 | Total: ₹9514.80
[2026-07-10 14:05:25] TRADE MATCHED: Ticker: RELIANCE | Buy Order: 726 | Sell Order: 722 | Price: ₹2301.45 | Qty: 1 | Total: ₹2301.45
[2026-07-10 14:05:25] TRADE MATCHED: Ticker: RELIANCE | Buy Order: 726 | Sell Order: 703 | Price: ₹2304.38 | Qty: 2 | Total: ₹4608.76
[2026-07-10 14:05:28] TRADE MATCHED: Ticker: RELIANCE | Buy Order: 729 | Sell Order: 703 | Price: ₹2304.38 | Qty: 5 | Total: ₹11521.90
[2026-07-10 14:05:33] TRADE MATCHED: Ticker: SUNPHARMA | Buy Order: 702 | Sell Order: 732 | Price: ₹1070.31 | Qty: 6 | Total: ₹6421.86
[2026-07-10 14:05:33] TRADE MATCHED: Ticker: SUNPHARMA | Buy Order: 706 | Sell Order: 732 | Price: ₹1068.32 | Qty: 7 | Total: ₹7478.24
[2026-07-10 14:05:36] TRADE MATCHED: Ticker: TATAMOTORS | Buy Order: 734 | Sell Order: 565 | Price: ₹632.33 | Qty: 1 | Total: ₹632.33
[2026-07-10 14:05:36] TRADE MATCHED: Ticker: TATAMOTORS | Buy Order: 734 | Sell Order: 685 | Price: ₹632.46 | Qty: 7 | Total: ₹4427.22
[2026-07-10 14:05:36] TRADE MATCHED: Ticker: TATAMOTORS | Buy Order: 734 | Sell Order: 342 | Price: ₹632.72 | Qty: 3 | Total: ₹1898.16
[2026-07-10 14:05:39] TRADE MATCHED: Ticker: RELIANCE | Buy Order: 729 | Sell Order: 736 | Price: ₹2335.27 | Qty: 10 | Total: ₹23352.70
[2026-07-10 14:05:41] TRADE MATCHED: Ticker: TCS | Buy Order: 730 | Sell Order: 738 | Price: ₹3304.49 | Qty: 3 | Total: ₹9913.47
[2026-07-10 14:05:50] TRADE MATCHED: Ticker: RELIANCE | Buy Order: 747 | Sell Order: 736 | Price: ₹2323.44 | Qty: 4 | Total: ₹9293.76
[2026-07-10 14:05:50] TRADE MATCHED: Ticker: RELIANCE | Buy Order: 747 | Sell Order: 611 | Price: ₹2345.96 | Qty: 3 | Total: ₹7037.88
[2026-07-10 14:05:51] TRADE MATCHED: Ticker: SUNPHARMA | Buy Order: 706 | Sell Order: 748 | Price: ₹1068.32 | Qty: 1 | Total: ₹1068.32
[2026-07-10 14:05:51] TRADE MATCHED: Ticker: SUNPHARMA | Buy Order: 733 | Sell Order: 748 | Price: ₹1065.93 | Qty: 5 | Total: ₹5329.65
[2026-07-10 14:05:55] TRADE MATCHED: Ticker: SUNPHARMA | Buy Order: 752 | Sell Order: 743 | Price: ₹1069.88 | Qty: 6 | Total: ₹6419.28
[2026-07-10 14:06:03] TRADE MATCHED: Ticker: SUNPHARMA | Buy Order: 752 | Sell Order: 759 | Price: ₹1073.57 | Qty: 5 | Total: ₹5367.85
[2026-07-10 14:06:07] TRADE MATCHED: Ticker: TATAMOTORS | Buy Order: 763 | Sell Order: 342 | Price: ₹632.72 | Qty: 6 | Total: ₹3796.32
[2026-07-10 14:06:07] TRADE MATCHED: Ticker: TATAMOTORS | Buy Order: 763 | Sell Order: 428 | Price: ₹633.04 | Qty: 3 | Total: ₹1899.12
[2026-07-10 14:06:09] TRADE MATCHED: Ticker: TATAMOTORS | Buy Order: 764 | Sell Order: 428 | Price: ₹633.04 | Qty: 5 | Total: ₹3165.20
[2026-07-10 14:06:11] TRADE MATCHED: Ticker: RELIANCE | Buy Order: 756 | Sell Order: 767 | Price: ₹2344.07 | Qty: 6 | Total: ₹14064.42
[2026-07-10 14:06:13] TRADE MATCHED: Ticker: TATAMOTORS | Buy Order: 695 | Sell Order: 769 | Price: ₹631.85 | Qty: 2 | Total: ₹1263.70
[2026-07-10 14:06:16] TRADE MATCHED: Ticker: RELIANCE | Buy Order: 756 | Sell Order: 770 | Price: ₹2344.07 | Qty: 1 | Total: ₹2344.07
[2026-07-10 14:06:20] TRADE MATCHED: Ticker: SUNPHARMA | Buy Order: 775 | Sell Order: 723 | Price: ₹1074.24 | Qty: 6 | Total: ₹6445.44
[2026-07-10 14:06:28] TRADE MATCHED: Ticker: TCS | Buy Order: 773 | Sell Order: 782 | Price: ₹3305.36 | Qty: 1 | Total: ₹3305.36
[2026-07-10 14:06:28] TRADE MATCHED: Ticker: TCS | Buy Order: 730 | Sell Order: 782 | Price: ₹3304.49 | Qty: 4 | Total: ₹13217.96
[2026-07-10 14:06:31] TRADE MATCHED: Ticker: TATAMOTORS | Buy Order: 785 | Sell Order: 769 | Price: ₹631.80 | Qty: 1 | Total: ₹631.80
[2026-07-10 14:06:35] TRADE MATCHED: Ticker: TATAMOTORS | Buy Order: 787 | Sell Order: 769 | Price: ₹631.80 | Qty: 7 | Total: ₹4422.60
[2026-07-10 14:06:43] TRADE MATCHED: Ticker: RELIANCE | Buy Order: 794 | Sell Order: 770 | Price: ₹2309.24 | Qty: 2 | Total: ₹4618.48
[2026-07-10 14:06:43] TRADE MATCHED: Ticker: RELIANCE | Buy Order: 794 | Sell Order: 611 | Price: ₹2345.96 | Qty: 2 | Total: ₹4691.92
[2026-07-10 14:06:44] TRADE MATCHED: Ticker: TCS | Buy Order: 795 | Sell Order: 782 | Price: ₹3277.89 | Qty: 2 | Total: ₹6555.78
[2026-07-10 14:06:44] TRADE MATCHED: Ticker: TCS | Buy Order: 795 | Sell Order: 788 | Price: ₹3295.11 | Qty: 3 | Total: ₹9885.33
[2026-07-10 14:06:47] TRADE MATCHED: Ticker: SUNPHARMA | Buy Order: 798 | Sell Order: 723 | Price: ₹1074.24 | Qty: 4 | Total: ₹4296.96
[2026-07-10 14:06:49] TRADE MATCHED: Ticker: TATAMOTORS | Buy Order: 799 | Sell Order: 793 | Price: ₹631.27 | Qty: 12 | Total: ₹7575.24
[2026-07-10 14:06:49] TRADE MATCHED: Ticker: TATAMOTORS | Buy Order: 799 | Sell Order: 769 | Price: ₹631.80 | Qty: 1 | Total: ₹631.80
[2026-07-10 14:06:49] TRADE MATCHED: Ticker: TATAMOTORS | Buy Order: 799 | Sell Order: 428 | Price: ₹633.04 | Qty: 2 | Total: ₹1266.08
[2026-07-10 14:06:52] TRADE MATCHED: Ticker: TATAMOTORS | Buy Order: 801 | Sell Order: 690 | Price: ₹633.11 | Qty: 5 | Total: ₹3165.55
[2026-07-10 14:06:52] TRADE MATCHED: Ticker: TATAMOTORS | Buy Order: 801 | Sell Order: 727 | Price: ₹634.61 | Qty: 3 | Total: ₹1903.83
[2026-07-10 14:06:52] TRADE MATCHED: Ticker: TATAMOTORS | Buy Order: 801 | Sell Order: 72 | Price: ₹635.61 | Qty: 1 | Total: ₹635.61
[2026-07-10 14:06:54] TRADE MATCHED: Ticker: TCS | Buy Order: 795 | Sell Order: 802 | Price: ₹3315.15 | Qty: 3 | Total: ₹9945.45
[2026-07-10 14:06:56] TRADE MATCHED: Ticker: HDFCBANK | Buy Order: 797 | Sell Order: 805 | Price: ₹1588.61 | Qty: 3 | Total: ₹4765.83
[2026-07-10 14:06:56] TRADE MATCHED: Ticker: HDFCBANK | Buy Order: 739 | Sell Order: 805 | Price: ₹1586.37 | Qty: 2 | Total: ₹3172.74
[2026-07-10 14:06:56] TRADE MATCHED: Ticker: HDFCBANK | Buy Order: 716 | Sell Order: 805 | Price: ₹1585.80 | Qty: 2 | Total: ₹3171.60
[2026-07-10 14:06:56] TRADE MATCHED: Ticker: HDFCBANK | Buy Order: 647 | Sell Order: 805 | Price: ₹1582.33 | Qty: 3 | Total: ₹4746.99
[2026-07-10 14:06:56] TRADE MATCHED: Ticker: HDFCBANK | Buy Order: 631 | Sell Order: 805 | Price: ₹1582.31 | Qty: 5 | Total: ₹7911.55
[2026-07-10 14:06:58] TRADE MATCHED: Ticker: TATAMOTORS | Buy Order: 807 | Sell Order: 72 | Price: ₹635.61 | Qty: 9 | Total: ₹5720.49
[2026-07-10 14:06:58] TRADE MATCHED: Ticker: TATAMOTORS | Buy Order: 807 | Sell Order: 603 | Price: ₹635.68 | Qty: 3 | Total: ₹1907.04
[2026-07-10 14:06:58] TRADE MATCHED: Ticker: TATAMOTORS | Buy Order: 807 | Sell Order: 150 | Price: ₹635.93 | Qty: 1 | Total: ₹635.93
[2026-07-10 14:07:00] TRADE MATCHED: Ticker: HDFCBANK | Buy Order: 631 | Sell Order: 808 | Price: ₹1582.31 | Qty: 4 | Total: ₹6329.24
[2026-07-10 14:07:00] TRADE MATCHED: Ticker: HDFCBANK | Buy Order: 495 | Sell Order: 808 | Price: ₹1580.84 | Qty: 7 | Total: ₹11065.88
[2026-07-10 14:07:03] TRADE MATCHED: Ticker: HDFCBANK | Buy Order: 495 | Sell Order: 812 | Price: ₹1580.84 | Qty: 2 | Total: ₹3161.68
[2026-07-10 14:07:03] TRADE MATCHED: Ticker: SUNPHARMA | Buy Order: 811 | Sell Order: 723 | Price: ₹1074.24 | Qty: 2 | Total: ₹2148.48
[2026-07-10 14:07:03] TRADE MATCHED: Ticker: SUNPHARMA | Buy Order: 811 | Sell Order: 720 | Price: ₹1075.79 | Qty: 9 | Total: ₹9682.11
[2026-07-10 14:07:04] TRADE MATCHED: Ticker: SUNPHARMA | Buy Order: 811 | Sell Order: 737 | Price: ₹1077.03 | Qty: 3 | Total: ₹3231.09
[2026-07-10 14:07:05] TRADE MATCHED: Ticker: RELIANCE | Buy Order: 813 | Sell Order: 806 | Price: ₹2316.45 | Qty: 1 | Total: ₹2316.45
[2026-07-10 14:07:09] TRADE MATCHED: Ticker: TCS | Buy Order: 795 | Sell Order: 817 | Price: ₹3315.15 | Qty: 5 | Total: ₹16575.75
[2026-07-10 14:07:12] TRADE MATCHED: Ticker: HDFCBANK | Buy Order: 820 | Sell Order: 818 | Price: ₹1581.01 | Qty: 5 | Total: ₹7905.05
[2026-07-10 14:07:12] TRADE MATCHED: Ticker: HDFCBANK | Buy Order: 821 | Sell Order: 818 | Price: ₹1581.01 | Qty: 4 | Total: ₹6324.04
[2026-07-10 14:07:12] TRADE MATCHED: Ticker: HDFCBANK | Buy Order: 821 | Sell Order: 745 | Price: ₹1590.11 | Qty: 1 | Total: ₹1590.11
[2026-07-10 14:07:13] TRADE MATCHED: Ticker: HDFCBANK | Buy Order: 821 | Sell Order: 780 | Price: ₹1590.72 | Qty: 3 | Total: ₹4772.16
[2026-07-10 14:07:15] TRADE MATCHED: Ticker: RELIANCE | Buy Order: 823 | Sell Order: 724 | Price: ₹2347.59 | Qty: 6 | Total: ₹14085.54
[2026-07-10 14:07:15] TRADE MATCHED: Ticker: TATAMOTORS | Buy Order: 824 | Sell Order: 822 | Price: ₹631.53 | Qty: 4 | Total: ₹2526.12
[2026-07-10 14:07:16] TRADE MATCHED: Ticker: TATAMOTORS | Buy Order: 824 | Sell Order: 809 | Price: ₹632.99 | Qty: 10 | Total: ₹6329.90
[2026-07-10 14:07:19] TRADE MATCHED: Ticker: SUNPHARMA | Buy Order: 827 | Sell Order: 737 | Price: ₹1077.03 | Qty: 1 | Total: ₹1077.03
[2026-07-10 14:07:20] TRADE MATCHED: Ticker: TATAMOTORS | Buy Order: 829 | Sell Order: 809 | Price: ₹632.99 | Qty: 1 | Total: ₹632.99
[2026-07-10 14:07:22] TRADE MATCHED: Ticker: SUNPHARMA | Buy Order: 752 | Sell Order: 830 | Price: ₹1073.57 | Qty: 2 | Total: ₹2147.14
[2026-07-10 14:07:22] TRADE MATCHED: Ticker: SUNPHARMA | Buy Order: 766 | Sell Order: 830 | Price: ₹1067.70 | Qty: 1 | Total: ₹1067.70
[2026-07-10 14:07:23] TRADE MATCHED: Ticker: RELIANCE | Buy Order: 832 | Sell Order: 724 | Price: ₹2347.59 | Qty: 3 | Total: ₹7042.77
[2026-07-10 14:07:23] TRADE MATCHED: Ticker: RELIANCE | Buy Order: 832 | Sell Order: 235 | Price: ₹2351.83 | Qty: 5 | Total: ₹11759.15
[2026-07-10 14:07:24] TRADE MATCHED: Ticker: HDFCBANK | Buy Order: 495 | Sell Order: 833 | Price: ₹1580.84 | Qty: 5 | Total: ₹7904.20
[2026-07-10 14:07:27] TRADE MATCHED: Ticker: RELIANCE | Buy Order: 831 | Sell Order: 835 | Price: ₹2336.06 | Qty: 3 | Total: ₹7008.18
[2026-07-10 14:07:27] TRADE MATCHED: Ticker: RELIANCE | Buy Order: 813 | Sell Order: 835 | Price: ₹2319.40 | Qty: 2 | Total: ₹4638.80
[2026-07-10 14:07:27] TRADE MATCHED: Ticker: TCS | Buy Order: 836 | Sell Order: 817 | Price: ₹3309.91 | Qty: 7 | Total: ₹23169.37
[2026-07-10 14:07:27] TRADE MATCHED: Ticker: TCS | Buy Order: 836 | Sell Order: 789 | Price: ₹3318.45 | Qty: 5 | Total: ₹16592.25
[2026-07-10 14:07:29] TRADE MATCHED: Ticker: TATAMOTORS | Buy Order: 837 | Sell Order: 150 | Price: ₹635.93 | Qty: 3 | Total: ₹1907.79
[2026-07-10 14:07:36] TRADE MATCHED: Ticker: TCS | Buy Order: 843 | Sell Order: 789 | Price: ₹3318.45 | Qty: 2 | Total: ₹6636.90
[2026-07-10 14:07:36] TRADE MATCHED: Ticker: TCS | Buy Order: 843 | Sell Order: 713 | Price: ₹3321.72 | Qty: 2 | Total: ₹6643.44
[2026-07-10 14:07:38] TRADE MATCHED: Ticker: RELIANCE | Buy Order: 844 | Sell Order: 835 | Price: ₹2312.01 | Qty: 3 | Total: ₹6936.03
[2026-07-10 14:07:40] TRADE MATCHED: Ticker: SUNPHARMA | Buy Order: 766 | Sell Order: 846 | Price: ₹1067.70 | Qty: 8 | Total: ₹8541.60
[2026-07-10 14:07:40] TRADE MATCHED: Ticker: SUNPHARMA | Buy Order: 733 | Sell Order: 846 | Price: ₹1065.93 | Qty: 1 | Total: ₹1065.93
[2026-07-10 14:07:44] TRADE MATCHED: Ticker: TATAMOTORS | Buy Order: 712 | Sell Order: 849 | Price: ₹630.51 | Qty: 6 | Total: ₹3783.06
[2026-07-10 14:07:49] TRADE MATCHED: Ticker: SUNPHARMA | Buy Order: 733 | Sell Order: 852 | Price: ₹1065.93 | Qty: 1 | Total: ₹1065.93
[2026-07-10 14:07:49] TRADE MATCHED: Ticker: SUNPHARMA | Buy Order: 583 | Sell Order: 852 | Price: ₹1063.95 | Qty: 2 | Total: ₹2127.90
[2026-07-10 14:07:56] TRADE MATCHED: Ticker: TATAMOTORS | Buy Order: 712 | Sell Order: 857 | Price: ₹630.51 | Qty: 1 | Total: ₹630.51
[2026-07-10 14:07:56] TRADE MATCHED: Ticker: TATAMOTORS | Buy Order: 800 | Sell Order: 857 | Price: ₹629.26 | Qty: 2 | Total: ₹1258.52
[2026-07-10 14:07:56] TRADE MATCHED: Ticker: HDFCBANK | Buy Order: 495 | Sell Order: 858 | Price: ₹1580.84 | Qty: 1 | Total: ₹1580.84
[2026-07-10 14:07:56] TRADE MATCHED: Ticker: HDFCBANK | Buy Order: 814 | Sell Order: 858 | Price: ₹1580.17 | Qty: 5 | Total: ₹7900.85
[2026-07-10 14:07:57] TRADE MATCHED: Ticker: SUNPHARMA | Buy Order: 859 | Sell Order: 737 | Price: ₹1077.03 | Qty: 11 | Total: ₹11847.33
[2026-07-10 14:07:57] TRADE MATCHED: Ticker: SUNPHARMA | Buy Order: 859 | Sell Order: 815 | Price: ₹1077.80 | Qty: 1 | Total: ₹1077.80
[2026-07-10 14:07:58] TRADE MATCHED: Ticker: RELIANCE | Buy Order: 731 | Sell Order: 860 | Price: ₹2309.08 | Qty: 6 | Total: ₹13854.48
[2026-07-10 14:08:00] TRADE MATCHED: Ticker: TCS | Buy Order: 856 | Sell Order: 861 | Price: ₹3292.25 | Qty: 7 | Total: ₹23045.75
[2026-07-10 14:08:00] TRADE MATCHED: Ticker: TCS | Buy Order: 754 | Sell Order: 861 | Price: ₹3274.79 | Qty: 4 | Total: ₹13099.16
[2026-07-10 14:08:00] TRADE MATCHED: Ticker: TCS | Buy Order: 499 | Sell Order: 861 | Price: ₹3270.33 | Qty: 2 | Total: ₹6540.66
[2026-07-10 14:08:01] TRADE MATCHED: Ticker: RELIANCE | Buy Order: 863 | Sell Order: 835 | Price: ₹2312.01 | Qty: 5 | Total: ₹11560.05
[2026-07-10 14:08:01] TRADE MATCHED: Ticker: RELIANCE | Buy Order: 863 | Sell Order: 841 | Price: ₹2325.56 | Qty: 2 | Total: ₹4651.12
[2026-07-10 14:08:06] TRADE MATCHED: Ticker: TATAMOTORS | Buy Order: 866 | Sell Order: 150 | Price: ₹635.93 | Qty: 2 | Total: ₹1271.86
[2026-07-10 14:08:08] TRADE MATCHED: Ticker: SUNPHARMA | Buy Order: 869 | Sell Order: 803 | Price: ₹1078.54 | Qty: 6 | Total: ₹6471.24
[2026-07-10 14:08:09] TRADE MATCHED: Ticker: SUNPHARMA | Buy Order: 583 | Sell Order: 870 | Price: ₹1063.95 | Qty: 8 | Total: ₹8511.60
[2026-07-10 14:08:09] TRADE MATCHED: Ticker: RELIANCE | Buy Order: 868 | Sell Order: 871 | Price: ₹2311.53 | Qty: 2 | Total: ₹4623.06
[2026-07-10 14:08:10] TRADE MATCHED: Ticker: RELIANCE | Buy Order: 868 | Sell Order: 872 | Price: ₹2311.53 | Qty: 13 | Total: ₹30049.89
[2026-07-10 14:08:10] TRADE MATCHED: Ticker: RELIANCE | Buy Order: 731 | Sell Order: 872 | Price: ₹2309.08 | Qty: 1 | Total: ₹2309.08
[2026-07-10 14:08:11] TRADE MATCHED: Ticker: RELIANCE | Buy Order: 599 | Sell Order: 872 | Price: ₹2300.83 | Qty: 1 | Total: ₹2300.83
[2026-07-10 14:08:19] TRADE MATCHED: Ticker: SUNPHARMA | Buy Order: 777 | Sell Order: 880 | Price: ₹1062.95 | Qty: 5 | Total: ₹5314.75
[2026-07-10 14:08:21] TRADE MATCHED: Ticker: HDFCBANK | Buy Order: 882 | Sell Order: 780 | Price: ₹1590.72 | Qty: 9 | Total: ₹14316.48
[2026-07-10 14:08:21] TRADE MATCHED: Ticker: HDFCBANK | Buy Order: 882 | Sell Order: 751 | Price: ₹1591.80 | Qty: 2 | Total: ₹3183.60
[2026-07-10 14:08:23] TRADE MATCHED: Ticker: HDFCBANK | Buy Order: 884 | Sell Order: 751 | Price: ₹1591.80 | Qty: 2 | Total: ₹3183.60
[2026-07-10 14:08:29] TRADE MATCHED: Ticker: SUNPHARMA | Buy Order: 777 | Sell Order: 889 | Price: ₹1062.95 | Qty: 1 | Total: ₹1062.95
[2026-07-10 14:08:33] TRADE MATCHED: Ticker: TCS | Buy Order: 887 | Sell Order: 893 | Price: ₹3272.65 | Qty: 3 | Total: ₹9817.95
[2026-07-10 14:08:34] TRADE MATCHED: Ticker: SUNPHARMA | Buy Order: 486 | Sell Order: 894 | Price: ₹1062.55 | Qty: 4 | Total: ₹4250.20
[2026-07-10 14:08:35] TRADE MATCHED: Ticker: SUNPHARMA | Buy Order: 317 | Sell Order: 894 | Price: ₹1061.46 | Qty: 2 | Total: ₹2122.92
[2026-07-10 14:08:35] TRADE MATCHED: Ticker: SUNPHARMA | Buy Order: 268 | Sell Order: 894 | Price: ₹1061.30 | Qty: 7 | Total: ₹7429.10
[2026-07-10 14:08:38] TRADE MATCHED: Ticker: HDFCBANK | Buy Order: 897 | Sell Order: 751 | Price: ₹1591.80 | Qty: 7 | Total: ₹11142.60
[2026-07-10 14:08:41] TRADE MATCHED: Ticker: RELIANCE | Buy Order: 885 | Sell Order: 899 | Price: ₹2314.64 | Qty: 3 | Total: ₹6943.92
[2026-07-10 14:08:42] TRADE MATCHED: Ticker: RELIANCE | Buy Order: 599 | Sell Order: 901 | Price: ₹2300.83 | Qty: 8 | Total: ₹18406.64
[2026-07-10 14:08:44] TRADE MATCHED: Ticker: RELIANCE | Buy Order: 599 | Sell Order: 902 | Price: ₹2300.83 | Qty: 2 | Total: ₹4601.66
[2026-07-10 14:08:47] TRADE MATCHED: Ticker: TCS | Buy Order: 904 | Sell Order: 888 | Price: ₹3277.28 | Qty: 8 | Total: ₹26218.24
[2026-07-10 14:08:48] TRADE MATCHED: Ticker: TATAMOTORS | Buy Order: 905 | Sell Order: 896 | Price: ₹631.94 | Qty: 2 | Total: ₹1263.88
[2026-07-10 14:08:49] TRADE MATCHED: Ticker: RELIANCE | Buy Order: 599 | Sell Order: 907 | Price: ₹2300.83 | Qty: 4 | Total: ₹9203.32
[2026-07-10 14:08:49] TRADE MATCHED: Ticker: RELIANCE | Buy Order: 574 | Sell Order: 907 | Price: ₹2300.14 | Qty: 2 | Total: ₹4600.28
[2026-07-10 14:08:49] TRADE MATCHED: Ticker: RELIANCE | Buy Order: 481 | Sell Order: 907 | Price: ₹2299.26 | Qty: 8 | Total: ₹18394.08
[2026-07-10 14:08:53] TRADE MATCHED: Ticker: TATAMOTORS | Buy Order: 909 | Sell Order: 896 | Price: ₹631.94 | Qty: 2 | Total: ₹1263.88
[2026-07-10 14:08:54] TRADE MATCHED: Ticker: HDFCBANK | Buy Order: 883 | Sell Order: 910 | Price: ₹1583.12 | Qty: 9 | Total: ₹14248.08
[2026-07-10 14:08:54] TRADE MATCHED: Ticker: TATAMOTORS | Buy Order: 909 | Sell Order: 911 | Price: ₹634.62 | Qty: 5 | Total: ₹3173.10
[2026-07-10 14:08:56] TRADE MATCHED: Ticker: TATAMOTORS | Buy Order: 909 | Sell Order: 912 | Price: ₹634.62 | Qty: 6 | Total: ₹3807.72
[2026-07-10 14:08:56] TRADE MATCHED: Ticker: TATAMOTORS | Buy Order: 800 | Sell Order: 912 | Price: ₹629.26 | Qty: 2 | Total: ₹1258.52
[2026-07-10 14:08:58] TRADE MATCHED: Ticker: RELIANCE | Buy Order: 481 | Sell Order: 913 | Price: ₹2299.26 | Qty: 4 | Total: ₹9197.04
[2026-07-10 14:08:58] TRADE MATCHED: Ticker: RELIANCE | Buy Order: 669 | Sell Order: 913 | Price: ₹2298.24 | Qty: 11 | Total: ₹25280.64
[2026-07-10 14:08:59] TRADE MATCHED: Ticker: RELIANCE | Buy Order: 669 | Sell Order: 914 | Price: ₹2298.24 | Qty: 4 | Total: ₹9192.96
[2026-07-10 14:08:59] TRADE MATCHED: Ticker: RELIANCE | Buy Order: 592 | Sell Order: 914 | Price: ₹2296.27 | Qty: 6 | Total: ₹13777.62
[2026-07-10 14:09:03] TRADE MATCHED: Ticker: TCS | Buy Order: 917 | Sell Order: 888 | Price: ₹3277.28 | Qty: 6 | Total: ₹19663.68
[2026-07-10 14:09:03] TRADE MATCHED: Ticker: TCS | Buy Order: 917 | Sell Order: 890 | Price: ₹3287.91 | Qty: 6 | Total: ₹19727.46
[2026-07-10 14:09:05] TRADE MATCHED: Ticker: HDFCBANK | Buy Order: 877 | Sell Order: 919 | Price: ₹1582.80 | Qty: 2 | Total: ₹3165.60
[2026-07-10 14:09:06] TRADE MATCHED: Ticker: RELIANCE | Buy Order: 920 | Sell Order: 899 | Price: ₹2301.37 | Qty: 7 | Total: ₹16109.59
[2026-07-10 14:09:17] TRADE MATCHED: Ticker: TATAMOTORS | Buy Order: 800 | Sell Order: 928 | Price: ₹629.26 | Qty: 1 | Total: ₹629.26
[2026-07-10 14:09:17] TRADE MATCHED: Ticker: HDFCBANK | Buy Order: 877 | Sell Order: 929 | Price: ₹1582.80 | Qty: 6 | Total: ₹9496.80
[2026-07-10 14:09:17] TRADE MATCHED: Ticker: HDFCBANK | Buy Order: 898 | Sell Order: 929 | Price: ₹1581.86 | Qty: 9 | Total: ₹14236.74
[2026-07-10 14:09:19] TRADE MATCHED: Ticker: TATAMOTORS | Buy Order: 800 | Sell Order: 930 | Price: ₹629.26 | Qty: 8 | Total: ₹5034.08
[2026-07-10 14:09:19] TRADE MATCHED: Ticker: HDFCBANK | Buy Order: 898 | Sell Order: 931 | Price: ₹1581.86 | Qty: 1 | Total: ₹1581.86
[2026-07-10 14:09:19] TRADE MATCHED: Ticker: HDFCBANK | Buy Order: 814 | Sell Order: 931 | Price: ₹1580.17 | Qty: 2 | Total: ₹3160.34
[2026-07-10 14:09:22] TRADE MATCHED: Ticker: SUNPHARMA | Buy Order: 908 | Sell Order: 932 | Price: ₹1063.90 | Qty: 11 | Total: ₹11702.90
[2026-07-10 14:09:22] TRADE MATCHED: Ticker: SUNPHARMA | Buy Order: 268 | Sell Order: 932 | Price: ₹1061.30 | Qty: 4 | Total: ₹4245.20
[2026-07-10 14:09:26] TRADE MATCHED: Ticker: SUNPHARMA | Buy Order: 935 | Sell Order: 937 | Price: ₹1065.21 | Qty: 2 | Total: ₹2130.42
[2026-07-10 14:09:26] TRADE MATCHED: Ticker: TCS | Buy Order: 921 | Sell Order: 936 | Price: ₹3287.41 | Qty: 1 | Total: ₹3287.41
[2026-07-10 14:09:28] TRADE MATCHED: Ticker: TCS | Buy Order: 921 | Sell Order: 938 | Price: ₹3287.41 | Qty: 7 | Total: ₹23011.87
[2026-07-10 14:09:28] TRADE MATCHED: Ticker: TCS | Buy Order: 499 | Sell Order: 938 | Price: ₹3270.33 | Qty: 6 | Total: ₹19621.98
[2026-07-10 14:09:30] TRADE MATCHED: Ticker: HDFCBANK | Buy Order: 814 | Sell Order: 939 | Price: ₹1580.17 | Qty: 8 | Total: ₹12641.36
[2026-07-10 14:09:30] TRADE MATCHED: Ticker: HDFCBANK | Buy Order: 778 | Sell Order: 939 | Price: ₹1580.03 | Qty: 1 | Total: ₹1580.03
[2026-07-10 14:09:36] TRADE MATCHED: Ticker: TCS | Buy Order: 945 | Sell Order: 873 | Price: ₹3296.51 | Qty: 4 | Total: ₹13186.04
[2026-07-10 14:09:36] TRADE MATCHED: Ticker: TCS | Buy Order: 945 | Sell Order: 876 | Price: ₹3304.70 | Qty: 2 | Total: ₹6609.40
[2026-07-10 14:09:38] TRADE MATCHED: Ticker: RELIANCE | Buy Order: 941 | Sell Order: 946 | Price: ₹2297.25 | Qty: 4 | Total: ₹9189.00
[2026-07-10 14:09:38] TRADE MATCHED: Ticker: RELIANCE | Buy Order: 592 | Sell Order: 946 | Price: ₹2296.27 | Qty: 7 | Total: ₹16073.89
[2026-07-10 14:09:38] TRADE MATCHED: Ticker: RELIANCE | Buy Order: 922 | Sell Order: 946 | Price: ₹2294.06 | Qty: 4 | Total: ₹9176.24
[2026-07-10 14:09:38] TRADE MATCHED: Ticker: SUNPHARMA | Buy Order: 935 | Sell Order: 947 | Price: ₹1065.21 | Qty: 3 | Total: ₹3195.63
[2026-07-10 14:09:38] TRADE MATCHED: Ticker: SUNPHARMA | Buy Order: 372 | Sell Order: 947 | Price: ₹1061.04 | Qty: 1 | Total: ₹1061.04
[2026-07-10 14:09:39] TRADE MATCHED: Ticker: SUNPHARMA | Buy Order: 711 | Sell Order: 947 | Price: ₹1060.14 | Qty: 9 | Total: ₹9541.26
[2026-07-10 14:09:40] TRADE MATCHED: Ticker: RELIANCE | Buy Order: 922 | Sell Order: 949 | Price: ₹2294.06 | Qty: 11 | Total: ₹25234.66
[2026-07-10 14:09:41] TRADE MATCHED: Ticker: RELIANCE | Buy Order: 610 | Sell Order: 949 | Price: ₹2291.42 | Qty: 2 | Total: ₹4582.84
[2026-07-10 14:09:43] TRADE MATCHED: Ticker: SUNPHARMA | Buy Order: 951 | Sell Order: 942 | Price: ₹1073.40 | Qty: 3 | Total: ₹3220.20
[2026-07-10 14:09:43] TRADE MATCHED: Ticker: SUNPHARMA | Buy Order: 951 | Sell Order: 803 | Price: ₹1078.54 | Qty: 7 | Total: ₹7549.78
[2026-07-10 14:09:43] TRADE MATCHED: Ticker: SUNPHARMA | Buy Order: 951 | Sell Order: 828 | Price: ₹1080.36 | Qty: 5 | Total: ₹5401.80
[2026-07-10 14:09:45] TRADE MATCHED: Ticker: HDFCBANK | Buy Order: 953 | Sell Order: 751 | Price: ₹1591.80 | Qty: 3 | Total: ₹4775.40
[2026-07-10 14:09:46] TRADE MATCHED: Ticker: HDFCBANK | Buy Order: 953 | Sell Order: 753 | Price: ₹1593.55 | Qty: 2 | Total: ₹3187.10
[2026-07-10 14:09:48] TRADE MATCHED: Ticker: HDFCBANK | Buy Order: 955 | Sell Order: 753 | Price: ₹1593.55 | Qty: 4 | Total: ₹6374.20
[2026-07-10 14:09:48] TRADE MATCHED: Ticker: RELIANCE | Buy Order: 956 | Sell Order: 899 | Price: ₹2301.37 | Qty: 4 | Total: ₹9205.48
[2026-07-10 14:09:57] TRADE MATCHED: Ticker: TCS | Buy Order: 962 | Sell Order: 876 | Price: ₹3304.70 | Qty: 5 | Total: ₹16523.50
[2026-07-10 14:09:57] TRADE MATCHED: Ticker: TCS | Buy Order: 962 | Sell Order: 926 | Price: ₹3308.99 | Qty: 8 | Total: ₹26471.92
[2026-07-10 14:09:58] TRADE MATCHED: Ticker: SUNPHARMA | Buy Order: 952 | Sell Order: 963 | Price: ₹1075.17 | Qty: 7 | Total: ₹7526.19
[2026-07-10 14:09:59] TRADE MATCHED: Ticker: TCS | Buy Order: 964 | Sell Order: 926 | Price: ₹3308.99 | Qty: 5 | Total: ₹16544.95
[2026-07-10 14:10:03] TRADE MATCHED: Ticker: HDFCBANK | Buy Order: 948 | Sell Order: 967 | Price: ₹1591.34 | Qty: 9 | Total: ₹14322.06
[2026-07-10 14:10:06] TRADE MATCHED: Ticker: TCS | Buy Order: 499 | Sell Order: 969 | Price: ₹3270.33 | Qty: 1 | Total: ₹3270.33
[2026-07-10 14:10:06] TRADE MATCHED: Ticker: TCS | Buy Order: 854 | Sell Order: 969 | Price: ₹3269.28 | Qty: 1 | Total: ₹3269.28
[2026-07-10 14:10:06] TRADE MATCHED: Ticker: TCS | Buy Order: 665 | Sell Order: 969 | Price: ₹3269.02 | Qty: 8 | Total: ₹26152.16
[2026-07-10 14:10:11] TRADE MATCHED: Ticker: TATAMOTORS | Buy Order: 940 | Sell Order: 973 | Price: ₹633.34 | Qty: 6 | Total: ₹3800.04
[2026-07-10 14:10:11] TRADE MATCHED: Ticker: TATAMOTORS | Buy Order: 966 | Sell Order: 973 | Price: ₹633.25 | Qty: 3 | Total: ₹1899.75
[2026-07-10 14:10:13] TRADE MATCHED: Ticker: HDFCBANK | Buy Order: 768 | Sell Order: 975 | Price: ₹1576.86 | Qty: 6 | Total: ₹9461.16
[2026-07-10 14:10:14] TRADE MATCHED: Ticker: HDFCBANK | Buy Order: 758 | Sell Order: 975 | Price: ₹1575.77 | Qty: 8 | Total: ₹12606.16
[2026-07-10 14:10:16] TRADE MATCHED: Ticker: TATAMOTORS | Buy Order: 979 | Sell Order: 977 | Price: ₹632.21 | Qty: 1 | Total: ₹632.21
[2026-07-10 14:10:16] TRADE MATCHED: Ticker: TATAMOTORS | Buy Order: 979 | Sell Order: 970 | Price: ₹635.12 | Qty: 5 | Total: ₹3175.60
[2026-07-10 14:10:21] TRADE MATCHED: Ticker: SUNPHARMA | Buy Order: 952 | Sell Order: 983 | Price: ₹1075.17 | Qty: 4 | Total: ₹4300.68
[2026-07-10 14:10:23] TRADE MATCHED: Ticker: RELIANCE | Buy Order: 950 | Sell Order: 984 | Price: ₹2297.93 | Qty: 2 | Total: ₹4595.86
[2026-07-10 14:10:24] TRADE MATCHED: Ticker: HDFCBANK | Buy Order: 986 | Sell Order: 974 | Price: ₹1578.97 | Qty: 5 | Total: ₹7894.85
[2026-07-10 14:10:26] TRADE MATCHED: Ticker: HDFCBANK | Buy Order: 987 | Sell Order: 753 | Price: ₹1593.55 | Qty: 3 | Total: ₹4780.65
[2026-07-10 14:10:26] TRADE MATCHED: Ticker: TATAMOTORS | Buy Order: 800 | Sell Order: 988 | Price: ₹629.26 | Qty: 2 | Total: ₹1258.52
[2026-07-10 14:10:26] TRADE MATCHED: Ticker: TATAMOTORS | Buy Order: 750 | Sell Order: 988 | Price: ₹629.06 | Qty: 1 | Total: ₹629.06
[2026-07-10 14:10:27] TRADE MATCHED: Ticker: TATAMOTORS | Buy Order: 925 | Sell Order: 988 | Price: ₹627.76 | Qty: 6 | Total: ₹3766.56
[2026-07-10 14:10:29] TRADE MATCHED: Ticker: TATAMOTORS | Buy Order: 925 | Sell Order: 990 | Price: ₹627.76 | Qty: 8 | Total: ₹5022.08
[2026-07-10 14:10:36] TRADE MATCHED: Ticker: RELIANCE | Buy Order: 421 | Sell Order: 996 | Price: ₹2288.36 | Qty: 2 | Total: ₹4576.72
[2026-07-10 14:10:36] TRADE MATCHED: Ticker: RELIANCE | Buy Order: 735 | Sell Order: 996 | Price: ₹2287.82 | Qty: 6 | Total: ₹13726.92
[2026-07-10 14:10:36] TRADE MATCHED: Ticker: RELIANCE | Buy Order: 980 | Sell Order: 996 | Price: ₹2285.00 | Qty: 1 | Total: ₹2285.00
[2026-07-10 14:10:39] TRADE MATCHED: Ticker: RELIANCE | Buy Order: 980 | Sell Order: 997 | Price: ₹2285.00 | Qty: 1 | Total: ₹2285.00
[2026-07-10 14:10:43] TRADE MATCHED: Ticker: RELIANCE | Buy Order: 980 | Sell Order: 1002 | Price: ₹2285.00 | Qty: 6 | Total: ₹13710.00
[2026-07-10 14:10:43] TRADE MATCHED: Ticker: RELIANCE | Buy Order: 391 | Sell Order: 1002 | Price: ₹2284.06 | Qty: 2 | Total: ₹4568.12
[2026-07-10 14:10:46] TRADE MATCHED: Ticker: TATAMOTORS | Buy Order: 895 | Sell Order: 1004 | Price: ₹627.18 | Qty: 5 | Total: ₹3135.90
[2026-07-10 14:10:48] TRADE MATCHED: Ticker: RELIANCE | Buy Order: 993 | Sell Order: 1005 | Price: ₹2278.45 | Qty: 10 | Total: ₹22784.50
[2026-07-10 14:10:48] TRADE MATCHED: Ticker: RELIANCE | Buy Order: 320 | Sell Order: 1005 | Price: ₹2274.33 | Qty: 1 | Total: ₹2274.33
[2026-07-10 14:10:48] TRADE MATCHED: Ticker: RELIANCE | Buy Order: 367 | Sell Order: 1005 | Price: ₹2271.30 | Qty: 3 | Total: ₹6813.90
[2026-07-10 14:10:48] TRADE MATCHED: Ticker: HDFCBANK | Buy Order: 758 | Sell Order: 1006 | Price: ₹1575.77 | Qty: 3 | Total: ₹4727.31
[2026-07-10 14:10:48] TRADE MATCHED: Ticker: HDFCBANK | Buy Order: 851 | Sell Order: 1006 | Price: ₹1574.93 | Qty: 3 | Total: ₹4724.79
[2026-07-10 14:10:48] TRADE MATCHED: Ticker: TATAMOTORS | Buy Order: 1007 | Sell Order: 990 | Price: ₹627.41 | Qty: 3 | Total: ₹1882.23
[2026-07-10 14:10:50] TRADE MATCHED: Ticker: HDFCBANK | Buy Order: 475 | Sell Order: 1009 | Price: ₹1573.21 | Qty: 2 | Total: ₹3146.42
[2026-07-10 14:10:54] TRADE MATCHED: Ticker: TATAMOTORS | Buy Order: 323 | Sell Order: 1011 | Price: ₹624.07 | Qty: 6 | Total: ₹3744.42
[2026-07-10 14:10:55] TRADE MATCHED: Ticker: TATAMOTORS | Buy Order: 559 | Sell Order: 1011 | Price: ₹623.04 | Qty: 6 | Total: ₹3738.24
[2026-07-10 14:10:55] TRADE MATCHED: Ticker: SUNPHARMA | Buy Order: 952 | Sell Order: 1012 | Price: ₹1075.17 | Qty: 1 | Total: ₹1075.17
[2026-07-10 14:10:55] TRADE MATCHED: Ticker: SUNPHARMA | Buy Order: 961 | Sell Order: 1012 | Price: ₹1075.17 | Qty: 5 | Total: ₹5375.85
[2026-07-10 14:10:57] TRADE MATCHED: Ticker: RELIANCE | Buy Order: 367 | Sell Order: 1014 | Price: ₹2271.30 | Qty: 8 | Total: ₹18170.40
[2026-07-10 14:10:58] TRADE MATCHED: Ticker: RELIANCE | Buy Order: 995 | Sell Order: 1014 | Price: ₹2270.87 | Qty: 6 | Total: ₹13625.22
[2026-07-10 14:11:02] TRADE MATCHED: Ticker: RELIANCE | Buy Order: 995 | Sell Order: 1018 | Price: ₹2270.87 | Qty: 9 | Total: ₹20437.83
[2026-07-10 14:11:02] TRADE MATCHED: Ticker: RELIANCE | Buy Order: 399 | Sell Order: 1018 | Price: ₹2270.83 | Qty: 6 | Total: ₹13624.98
[2026-07-10 14:11:08] TRADE MATCHED: Ticker: TATAMOTORS | Buy Order: 559 | Sell Order: 1022 | Price: ₹623.04 | Qty: 1 | Total: ₹623.04
[2026-07-10 14:11:08] TRADE MATCHED: Ticker: TATAMOTORS | Buy Order: 453 | Sell Order: 1022 | Price: ₹620.78 | Qty: 1 | Total: ₹620.78
[2026-07-10 14:11:08] TRADE MATCHED: Ticker: TATAMOTORS | Buy Order: 401 | Sell Order: 1022 | Price: ₹620.58 | Qty: 8 | Total: ₹4964.64
[2026-07-10 14:11:09] TRADE MATCHED: Ticker: TCS | Buy Order: 665 | Sell Order: 1023 | Price: ₹3269.02 | Qty: 1 | Total: ₹3269.02
[2026-07-10 14:11:10] TRADE MATCHED: Ticker: TCS | Buy Order: 634 | Sell Order: 1023 | Price: ₹3257.40 | Qty: 1 | Total: ₹3257.40
[2026-07-10 14:11:10] TRADE MATCHED: Ticker: TCS | Buy Order: 744 | Sell Order: 1023 | Price: ₹3240.47 | Qty: 4 | Total: ₹12961.88
[2026-07-10 14:11:19] TRADE MATCHED: Ticker: TATAMOTORS | Buy Order: 1027 | Sell Order: 1031 | Price: ₹627.05 | Qty: 5 | Total: ₹3135.25
[2026-07-10 14:11:20] TRADE MATCHED: Ticker: HDFCBANK | Buy Order: 1032 | Sell Order: 1013 | Price: ₹1571.64 | Qty: 6 | Total: ₹9429.84
[2026-07-10 14:11:24] TRADE MATCHED: Ticker: TCS | Buy Order: 744 | Sell Order: 1035 | Price: ₹3240.47 | Qty: 7 | Total: ₹22683.29
[2026-07-10 14:11:24] TRADE MATCHED: Ticker: TCS | Buy Order: 1024 | Sell Order: 1035 | Price: ₹3235.57 | Qty: 6 | Total: ₹19413.42
[2026-07-10 14:11:25] TRADE MATCHED: Ticker: HDFCBANK | Buy Order: 454 | Sell Order: 1036 | Price: ₹1571.15 | Qty: 2 | Total: ₹3142.30
[2026-07-10 14:11:25] TRADE MATCHED: Ticker: HDFCBANK | Buy Order: 776 | Sell Order: 1036 | Price: ₹1569.41 | Qty: 7 | Total: ₹10985.87
[2026-07-10 14:11:25] TRADE MATCHED: Ticker: HDFCBANK | Buy Order: 568 | Sell Order: 1036 | Price: ₹1568.87 | Qty: 4 | Total: ₹6275.48
[2026-07-10 14:11:31] TRADE MATCHED: Ticker: RELIANCE | Buy Order: 1040 | Sell Order: 1030 | Price: ₹2271.27 | Qty: 7 | Total: ₹15898.89
[2026-07-10 14:11:33] TRADE MATCHED: Ticker: RELIANCE | Buy Order: 399 | Sell Order: 1041 | Price: ₹2270.83 | Qty: 7 | Total: ₹15895.81
[2026-07-10 14:11:33] TRADE MATCHED: Ticker: RELIANCE | Buy Order: 302 | Sell Order: 1041 | Price: ₹2270.46 | Qty: 3 | Total: ₹6811.38
[2026-07-10 14:11:33] TRADE MATCHED: Ticker: HDFCBANK | Buy Order: 568 | Sell Order: 1042 | Price: ₹1568.87 | Qty: 10 | Total: ₹15688.70
[2026-07-10 14:11:33] TRADE MATCHED: Ticker: HDFCBANK | Buy Order: 547 | Sell Order: 1042 | Price: ₹1568.57 | Qty: 3 | Total: ₹4705.71
[2026-07-10 14:11:34] TRADE MATCHED: Ticker: HDFCBANK | Buy Order: 1043 | Sell Order: 1013 | Price: ₹1571.64 | Qty: 3 | Total: ₹4714.92
[2026-07-10 14:11:34] TRADE MATCHED: Ticker: HDFCBANK | Buy Order: 1043 | Sell Order: 1009 | Price: ₹1571.80 | Qty: 6 | Total: ₹9430.80
[2026-07-10 14:11:42] TRADE MATCHED: Ticker: HDFCBANK | Buy Order: 547 | Sell Order: 1048 | Price: ₹1568.57 | Qty: 4 | Total: ₹6274.28
[2026-07-10 14:11:42] TRADE MATCHED: Ticker: HDFCBANK | Buy Order: 596 | Sell Order: 1048 | Price: ₹1568.32 | Qty: 1 | Total: ₹1568.32
[2026-07-10 14:11:43] TRADE MATCHED: Ticker: TATAMOTORS | Buy Order: 1050 | Sell Order: 990 | Price: ₹627.41 | Qty: 4 | Total: ₹2509.64
[2026-07-10 14:11:43] TRADE MATCHED: Ticker: TATAMOTORS | Buy Order: 1050 | Sell Order: 1025 | Price: ₹627.93 | Qty: 1 | Total: ₹627.93
[2026-07-10 14:11:49] TRADE MATCHED: Ticker: TATAMOTORS | Buy Order: 1027 | Sell Order: 1055 | Price: ₹627.05 | Qty: 3 | Total: ₹1881.15
[2026-07-10 14:11:51] TRADE MATCHED: Ticker: TATAMOTORS | Buy Order: 1056 | Sell Order: 1055 | Price: ₹623.94 | Qty: 2 | Total: ₹1247.88
[2026-07-10 14:11:55] TRADE MATCHED: Ticker: TATAMOTORS | Buy Order: 1060 | Sell Order: 1055 | Price: ₹623.94 | Qty: 1 | Total: ₹623.94
[2026-07-10 14:11:59] TRADE MATCHED: Ticker: TCS | Buy Order: 1049 | Sell Order: 1062 | Price: ₹3243.49 | Qty: 5 | Total: ₹16217.45
[2026-07-10 14:12:07] TRADE MATCHED: Ticker: SUNPHARMA | Buy Order: 992 | Sell Order: 1069 | Price: ₹1062.24 | Qty: 2 | Total: ₹2124.48
[2026-07-10 14:12:07] TRADE MATCHED: Ticker: SUNPHARMA | Buy Order: 711 | Sell Order: 1069 | Price: ₹1060.14 | Qty: 5 | Total: ₹5300.70
[2026-07-10 14:12:10] TRADE MATCHED: Ticker: TATAMOTORS | Buy Order: 1070 | Sell Order: 1055 | Price: ₹623.94 | Qty: 3 | Total: ₹1871.82
[2026-07-10 14:12:11] TRADE MATCHED: Ticker: HDFCBANK | Buy Order: 1072 | Sell Order: 1009 | Price: ₹1571.80 | Qty: 4 | Total: ₹6287.20
[2026-07-10 14:12:11] TRADE MATCHED: Ticker: HDFCBANK | Buy Order: 1072 | Sell Order: 1006 | Price: ₹1574.81 | Qty: 1 | Total: ₹1574.81
[2026-07-10 14:12:14] TRADE MATCHED: Ticker: TCS | Buy Order: 1074 | Sell Order: 1029 | Price: ₹3248.42 | Qty: 8 | Total: ₹25987.36
[2026-07-10 14:12:17] TRADE MATCHED: Ticker: SUNPHARMA | Buy Order: 711 | Sell Order: 1077 | Price: ₹1060.14 | Qty: 1 | Total: ₹1060.14
[2026-07-10 14:12:17] TRADE MATCHED: Ticker: SUNPHARMA | Buy Order: 838 | Sell Order: 1077 | Price: ₹1059.29 | Qty: 10 | Total: ₹10592.90
[2026-07-10 14:12:20] TRADE MATCHED: Ticker: TATAMOTORS | Buy Order: 1053 | Sell Order: 1080 | Price: ₹623.90 | Qty: 4 | Total: ₹2495.60
[2026-07-10 14:12:20] TRADE MATCHED: Ticker: TATAMOTORS | Buy Order: 401 | Sell Order: 1080 | Price: ₹620.58 | Qty: 6 | Total: ₹3723.48
[2026-07-10 14:12:21] TRADE MATCHED: Ticker: TATAMOTORS | Buy Order: 206 | Sell Order: 1080 | Price: ₹620.44 | Qty: 1 | Total: ₹620.44
[2026-07-10 14:12:21] TRADE MATCHED: Ticker: TATAMOTORS | Buy Order: 1081 | Sell Order: 1055 | Price: ₹623.94 | Qty: 5 | Total: ₹3119.70
[2026-07-10 14:12:21] TRADE MATCHED: Ticker: TATAMOTORS | Buy Order: 1081 | Sell Order: 1025 | Price: ₹627.93 | Qty: 2 | Total: ₹1255.86
[2026-07-10 14:12:30] TRADE MATCHED: Ticker: RELIANCE | Buy Order: 302 | Sell Order: 1087 | Price: ₹2270.46 | Qty: 6 | Total: ₹13622.76
[2026-07-10 14:12:30] TRADE MATCHED: Ticker: RELIANCE | Buy Order: 489 | Sell Order: 1087 | Price: ₹2270.41 | Qty: 2 | Total: ₹4540.82
[2026-07-10 14:12:33] TRADE MATCHED: Ticker: SUNPHARMA | Buy Order: 1090 | Sell Order: 1012 | Price: ₹1063.14 | Qty: 4 | Total: ₹4252.56
[2026-07-10 14:12:33] TRADE MATCHED: Ticker: SUNPHARMA | Buy Order: 1090 | Sell Order: 1015 | Price: ₹1063.33 | Qty: 6 | Total: ₹6379.98
[2026-07-10 14:12:33] TRADE MATCHED: Ticker: TATAMOTORS | Buy Order: 1081 | Sell Order: 1091 | Price: ₹631.78 | Qty: 1 | Total: ₹631.78
[2026-07-10 14:12:35] TRADE MATCHED: Ticker: TATAMOTORS | Buy Order: 1092 | Sell Order: 1091 | Price: ₹625.53 | Qty: 1 | Total: ₹625.53
[2026-07-10 14:12:35] TRADE MATCHED: Ticker: TATAMOTORS | Buy Order: 1093 | Sell Order: 1091 | Price: ₹625.53 | Qty: 6 | Total: ₹3753.18
[2026-07-10 14:12:35] TRADE MATCHED: Ticker: TATAMOTORS | Buy Order: 1093 | Sell Order: 1039 | Price: ₹632.80 | Qty: 5 | Total: ₹3164.00
[2026-07-10 14:12:44] TRADE MATCHED: Ticker: HDFCBANK | Buy Order: 1100 | Sell Order: 1019 | Price: ₹1575.62 | Qty: 6 | Total: ₹9453.72
[2026-07-10 14:12:45] TRADE MATCHED: Ticker: HDFCBANK | Buy Order: 1100 | Sell Order: 1098 | Price: ₹1577.89 | Qty: 5 | Total: ₹7889.45
[2026-07-10 14:12:47] TRADE MATCHED: Ticker: TCS | Buy Order: 1102 | Sell Order: 1071 | Price: ₹3256.14 | Qty: 9 | Total: ₹29305.26
[2026-07-10 14:12:47] TRADE MATCHED: Ticker: TCS | Buy Order: 1102 | Sell Order: 1076 | Price: ₹3278.43 | Qty: 3 | Total: ₹9835.29
[2026-07-10 14:12:48] TRADE MATCHED: Ticker: HDFCBANK | Buy Order: 1086 | Sell Order: 1104 | Price: ₹1570.43 | Qty: 4 | Total: ₹6281.72
[2026-07-10 14:12:52] TRADE MATCHED: Ticker: TATAMOTORS | Buy Order: 1106 | Sell Order: 1094 | Price: ₹626.94 | Qty: 9 | Total: ₹5642.46
[2026-07-10 14:12:52] TRADE MATCHED: Ticker: TATAMOTORS | Buy Order: 1106 | Sell Order: 1096 | Price: ₹627.91 | Qty: 6 | Total: ₹3767.46
[2026-07-10 14:12:54] TRADE MATCHED: Ticker: TCS | Buy Order: 1108 | Sell Order: 1076 | Price: ₹3278.43 | Qty: 3 | Total: ₹9835.29
[2026-07-10 14:12:54] TRADE MATCHED: Ticker: RELIANCE | Buy Order: 1109 | Sell Order: 1030 | Price: ₹2271.27 | Qty: 1 | Total: ₹2271.27
[2026-07-10 14:12:54] TRADE MATCHED: Ticker: RELIANCE | Buy Order: 1109 | Sell Order: 1052 | Price: ₹2278.06 | Qty: 5 | Total: ₹11390.30
[2026-07-10 14:12:59] TRADE MATCHED: Ticker: TATAMOTORS | Buy Order: 1097 | Sell Order: 1112 | Price: ₹625.92 | Qty: 4 | Total: ₹2503.68
[2026-07-10 14:13:04] TRADE MATCHED: Ticker: TATAMOTORS | Buy Order: 1097 | Sell Order: 1115 | Price: ₹625.92 | Qty: 2 | Total: ₹1251.84
[2026-07-10 14:13:04] TRADE MATCHED: Ticker: TATAMOTORS | Buy Order: 1113 | Sell Order: 1115 | Price: ₹622.05 | Qty: 4 | Total: ₹2488.20
[2026-07-10 14:13:04] TRADE MATCHED: Ticker: TATAMOTORS | Buy Order: 206 | Sell Order: 1115 | Price: ₹620.44 | Qty: 7 | Total: ₹4343.08
[2026-07-10 14:13:05] TRADE MATCHED: Ticker: TATAMOTORS | Buy Order: 206 | Sell Order: 1116 | Price: ₹620.44 | Qty: 5 | Total: ₹3102.20
[2026-07-10 14:13:05] TRADE MATCHED: Ticker: TATAMOTORS | Buy Order: 781 | Sell Order: 1116 | Price: ₹619.23 | Qty: 6 | Total: ₹3715.38
[2026-07-10 14:13:07] TRADE MATCHED: Ticker: TCS | Buy Order: 1108 | Sell Order: 1118 | Price: ₹3278.51 | Qty: 12 | Total: ₹39342.12
[2026-07-10 14:13:10] TRADE MATCHED: Ticker: TATAMOTORS | Buy Order: 99 | Sell Order: 1120 | Price: ₹619.03 | Qty: 5 | Total: ₹3095.15
[2026-07-10 14:13:11] TRADE MATCHED: Ticker: SUNPHARMA | Buy Order: 1122 | Sell Order: 1015 | Price: ₹1063.33 | Qty: 7 | Total: ₹7443.31
[2026-07-10 14:13:11] TRADE MATCHED: Ticker: SUNPHARMA | Buy Order: 1122 | Sell Order: 1084 | Price: ₹1064.03 | Qty: 8 | Total: ₹8512.24
[2026-07-10 14:13:15] TRADE MATCHED: Ticker: TCS | Buy Order: 1123 | Sell Order: 989 | Price: ₹3300.98 | Qty: 7 | Total: ₹23106.86
[2026-07-10 14:13:19] TRADE MATCHED: Ticker: HDFCBANK | Buy Order: 1086 | Sell Order: 1126 | Price: ₹1570.43 | Qty: 8 | Total: ₹12563.44
[2026-07-10 14:13:21] TRADE MATCHED: Ticker: TCS | Buy Order: 1128 | Sell Order: 989 | Price: ₹3300.98 | Qty: 2 | Total: ₹6601.96
[2026-07-10 14:13:21] TRADE MATCHED: Ticker: TCS | Buy Order: 1128 | Sell Order: 1016 | Price: ₹3303.27 | Qty: 7 | Total: ₹23122.89
[2026-07-10 14:13:23] TRADE MATCHED: Ticker: HDFCBANK | Buy Order: 1131 | Sell Order: 1098 | Price: ₹1577.89 | Qty: 2 | Total: ₹3155.78
[2026-07-10 14:13:23] TRADE MATCHED: Ticker: HDFCBANK | Buy Order: 1131 | Sell Order: 998 | Price: ₹1579.97 | Qty: 9 | Total: ₹14219.73
[2026-07-10 14:13:26] TRADE MATCHED: Ticker: TCS | Buy Order: 1129 | Sell Order: 1133 | Price: ₹3257.73 | Qty: 5 | Total: ₹16288.65
[2026-07-10 14:13:30] TRADE MATCHED: Ticker: TATAMOTORS | Buy Order: 1130 | Sell Order: 1136 | Price: ₹621.62 | Qty: 2 | Total: ₹1243.24
[2026-07-10 14:13:30] TRADE MATCHED: Ticker: TATAMOTORS | Buy Order: 99 | Sell Order: 1136 | Price: ₹619.03 | Qty: 7 | Total: ₹4333.21
[2026-07-10 14:13:30] TRADE MATCHED: Ticker: RELIANCE | Buy Order: 1137 | Sell Order: 1002 | Price: ₹2283.15 | Qty: 2 | Total: ₹4566.30
[2026-07-10 14:13:30] TRADE MATCHED: Ticker: RELIANCE | Buy Order: 1137 | Sell Order: 1063 | Price: ₹2283.44 | Qty: 2 | Total: ₹4566.88
[2026-07-10 14:13:37] TRADE MATCHED: Ticker: RELIANCE | Buy Order: 1142 | Sell Order: 1063 | Price: ₹2283.44 | Qty: 9 | Total: ₹20550.96
[2026-07-10 14:13:48] TRADE MATCHED: Ticker: TATAMOTORS | Buy Order: 1146 | Sell Order: 1151 | Price: ₹625.45 | Qty: 1 | Total: ₹625.45
[2026-07-10 14:13:51] TRADE MATCHED: Ticker: HDFCBANK | Buy Order: 1154 | Sell Order: 1147 | Price: ₹1571.50 | Qty: 3 | Total: ₹4714.50
[2026-07-10 14:13:51] TRADE MATCHED: Ticker: HDFCBANK | Buy Order: 1154 | Sell Order: 1152 | Price: ₹1574.11 | Qty: 7 | Total: ₹11018.77
[2026-07-10 14:13:59] TRADE MATCHED: Ticker: RELIANCE | Buy Order: 1109 | Sell Order: 1162 | Price: ₹2279.01 | Qty: 2 | Total: ₹4558.02
[2026-07-10 14:14:00] TRADE MATCHED: Ticker: SUNPHARMA | Buy Order: 1037 | Sell Order: 1163 | Price: ₹1059.18 | Qty: 12 | Total: ₹12710.16
[2026-07-10 14:14:00] TRADE MATCHED: Ticker: SUNPHARMA | Buy Order: 705 | Sell Order: 1163 | Price: ₹1058.89 | Qty: 2 | Total: ₹2117.78
[2026-07-10 14:14:05] TRADE MATCHED: Ticker: TCS | Buy Order: 1078 | Sell Order: 1167 | Price: ₹3255.62 | Qty: 6 | Total: ₹19533.72
[2026-07-10 14:14:09] TRADE MATCHED: Ticker: TCS | Buy Order: 1170 | Sell Order: 1133 | Price: ₹3256.83 | Qty: 4 | Total: ₹13027.32
[2026-07-10 14:14:12] TRADE MATCHED: Ticker: HDFCBANK | Buy Order: 1172 | Sell Order: 1152 | Price: ₹1574.11 | Qty: 5 | Total: ₹7870.55
[2026-07-10 14:14:12] TRADE MATCHED: Ticker: RELIANCE | Buy Order: 489 | Sell Order: 1173 | Price: ₹2270.41 | Qty: 4 | Total: ₹9081.64
[2026-07-10 14:14:16] TRADE MATCHED: Ticker: HDFCBANK | Buy Order: 1175 | Sell Order: 1152 | Price: ₹1574.11 | Qty: 2 | Total: ₹3148.22
[2026-07-10 14:14:16] TRADE MATCHED: Ticker: HDFCBANK | Buy Order: 1175 | Sell Order: 1158 | Price: ₹1577.86 | Qty: 4 | Total: ₹6311.44
[2026-07-10 14:14:16] TRADE MATCHED: Ticker: HDFCBANK | Buy Order: 1175 | Sell Order: 998 | Price: ₹1579.97 | Qty: 3 | Total: ₹4739.91
[2026-07-10 14:14:17] TRADE MATCHED: Ticker: TATAMOTORS | Buy Order: 1177 | Sell Order: 1151 | Price: ₹621.14 | Qty: 1 | Total: ₹621.14
[2026-07-10 14:14:19] TRADE MATCHED: Ticker: HDFCBANK | Buy Order: 1178 | Sell Order: 998 | Price: ₹1579.97 | Qty: 2 | Total: ₹3159.94
[2026-07-10 14:14:19] TRADE MATCHED: Ticker: HDFCBANK | Buy Order: 1178 | Sell Order: 1135 | Price: ₹1581.71 | Qty: 1 | Total: ₹1581.71
[2026-07-10 14:14:19] TRADE MATCHED: Ticker: HDFCBANK | Buy Order: 1178 | Sell Order: 1125 | Price: ₹1582.03 | Qty: 3 | Total: ₹4746.09
[2026-07-10 14:14:19] TRADE MATCHED: Ticker: HDFCBANK | Buy Order: 1178 | Sell Order: 1059 | Price: ₹1582.94 | Qty: 1 | Total: ₹1582.94
[2026-07-10 14:14:21] TRADE MATCHED: Ticker: RELIANCE | Buy Order: 489 | Sell Order: 1179 | Price: ₹2270.41 | Qty: 5 | Total: ₹11352.05
[2026-07-10 14:14:21] TRADE MATCHED: Ticker: RELIANCE | Buy Order: 666 | Sell Order: 1179 | Price: ₹2267.30 | Qty: 2 | Total: ₹4534.60
[2026-07-10 14:14:21] TRADE MATCHED: Ticker: TCS | Buy Order: 1078 | Sell Order: 1180 | Price: ₹3255.62 | Qty: 3 | Total: ₹9766.86
[2026-07-10 14:14:23] TRADE MATCHED: Ticker: HDFCBANK | Buy Order: 1182 | Sell Order: 1059 | Price: ₹1582.94 | Qty: 1 | Total: ₹1582.94
[2026-07-10 14:14:24] TRADE MATCHED: Ticker: TCS | Buy Order: 1183 | Sell Order: 1180 | Price: ₹3252.24 | Qty: 2 | Total: ₹6504.48
[2026-07-10 14:14:24] TRADE MATCHED: Ticker: TCS | Buy Order: 1183 | Sell Order: 1133 | Price: ₹3256.83 | Qty: 1 | Total: ₹3256.83
[2026-07-10 14:14:24] TRADE MATCHED: Ticker: TCS | Buy Order: 1183 | Sell Order: 1176 | Price: ₹3258.73 | Qty: 6 | Total: ₹19552.38
[2026-07-10 14:14:25] TRADE MATCHED: Ticker: RELIANCE | Buy Order: 666 | Sell Order: 1184 | Price: ₹2267.30 | Qty: 2 | Total: ₹4534.60
[2026-07-10 14:14:26] TRADE MATCHED: Ticker: HDFCBANK | Buy Order: 1086 | Sell Order: 1185 | Price: ₹1570.43 | Qty: 2 | Total: ₹3140.86
[2026-07-10 14:14:26] TRADE MATCHED: Ticker: HDFCBANK | Buy Order: 596 | Sell Order: 1185 | Price: ₹1568.32 | Qty: 1 | Total: ₹1568.32
[2026-07-10 14:14:26] TRADE MATCHED: Ticker: HDFCBANK | Buy Order: 1000 | Sell Order: 1185 | Price: ₹1568.02 | Qty: 1 | Total: ₹1568.02
[2026-07-10 14:14:27] TRADE MATCHED: Ticker: HDFCBANK | Buy Order: 1083 | Sell Order: 1185 | Price: ₹1567.72 | Qty: 6 | Total: ₹9406.32
[2026-07-10 14:14:27] TRADE MATCHED: Ticker: HDFCBANK | Buy Order: 839 | Sell Order: 1185 | Price: ₹1566.69 | Qty: 2 | Total: ₹3133.38
[2026-07-10 14:14:27] TRADE MATCHED: Ticker: HDFCBANK | Buy Order: 493 | Sell Order: 1185 | Price: ₹1565.73 | Qty: 3 | Total: ₹4697.19
[2026-07-10 14:14:29] TRADE MATCHED: Ticker: TCS | Buy Order: 1148 | Sell Order: 1186 | Price: ₹3247.02 | Qty: 4 | Total: ₹12988.08
[2026-07-10 14:14:29] TRADE MATCHED: Ticker: TCS | Buy Order: 1049 | Sell Order: 1186 | Price: ₹3243.49 | Qty: 7 | Total: ₹22704.43
[2026-07-10 14:14:30] TRADE MATCHED: Ticker: TCS | Buy Order: 1024 | Sell Order: 1186 | Price: ₹3235.57 | Qty: 3 | Total: ₹9706.71
[2026-07-10 14:14:30] TRADE MATCHED: Ticker: RELIANCE | Buy Order: 666 | Sell Order: 1187 | Price: ₹2267.30 | Qty: 2 | Total: ₹4534.60
[2026-07-10 14:14:30] TRADE MATCHED: Ticker: RELIANCE | Buy Order: 853 | Sell Order: 1187 | Price: ₹2266.95 | Qty: 4 | Total: ₹9067.80
[2026-07-10 14:14:30] TRADE MATCHED: Ticker: RELIANCE | Buy Order: 906 | Sell Order: 1187 | Price: ₹2263.26 | Qty: 6 | Total: ₹13579.56
[2026-07-10 14:14:30] TRADE MATCHED: Ticker: TCS | Buy Order: 1024 | Sell Order: 1188 | Price: ₹3235.57 | Qty: 5 | Total: ₹16177.85
[2026-07-10 14:14:30] TRADE MATCHED: Ticker: TCS | Buy Order: 1156 | Sell Order: 1188 | Price: ₹3235.46 | Qty: 4 | Total: ₹12941.84
[2026-07-10 14:14:34] TRADE MATCHED: Ticker: SUNPHARMA | Buy Order: 705 | Sell Order: 1192 | Price: ₹1058.89 | Qty: 5 | Total: ₹5294.45
[2026-07-10 14:14:36] TRADE MATCHED: Ticker: HDFCBANK | Buy Order: 493 | Sell Order: 1193 | Price: ₹1565.73 | Qty: 4 | Total: ₹6262.92
[2026-07-10 14:14:36] TRADE MATCHED: Ticker: HDFCBANK | Buy Order: 774 | Sell Order: 1193 | Price: ₹1563.45 | Qty: 1 | Total: ₹1563.45
[2026-07-10 14:14:39] TRADE MATCHED: Ticker: TATAMOTORS | Buy Order: 1196 | Sell Order: 1151 | Price: ₹621.14 | Qty: 4 | Total: ₹2484.56
[2026-07-10 14:14:42] TRADE MATCHED: Ticker: TCS | Buy Order: 1156 | Sell Order: 1198 | Price: ₹3235.46 | Qty: 7 | Total: ₹22648.22
[2026-07-10 14:14:42] TRADE MATCHED: Ticker: TCS | Buy Order: 103 | Sell Order: 1198 | Price: ₹3234.82 | Qty: 6 | Total: ₹19408.92
[2026-07-10 14:14:43] TRADE MATCHED: Ticker: TATAMOTORS | Buy Order: 1190 | Sell Order: 1199 | Price: ₹619.07 | Qty: 6 | Total: ₹3714.42
[2026-07-10 14:14:43] TRADE MATCHED: Ticker: TATAMOTORS | Buy Order: 99 | Sell Order: 1199 | Price: ₹619.03 | Qty: 3 | Total: ₹1857.09
[2026-07-10 14:14:44] TRADE MATCHED: Ticker: TATAMOTORS | Buy Order: 273 | Sell Order: 1199 | Price: ₹618.81 | Qty: 5 | Total: ₹3094.05
[2026-07-10 14:14:44] TRADE MATCHED: Ticker: RELIANCE | Buy Order: 906 | Sell Order: 1200 | Price: ₹2263.26 | Qty: 1 | Total: ₹2263.26
[2026-07-10 14:14:44] TRADE MATCHED: Ticker: RELIANCE | Buy Order: 446 | Sell Order: 1200 | Price: ₹2262.84 | Qty: 4 | Total: ₹9051.36
[2026-07-10 14:14:49] TRADE MATCHED: Ticker: HDFCBANK | Buy Order: 1197 | Sell Order: 1203 | Price: ₹1574.16 | Qty: 9 | Total: ₹14167.44
[2026-07-10 14:14:49] TRADE MATCHED: Ticker: HDFCBANK | Buy Order: 1061 | Sell Order: 1203 | Price: ₹1561.88 | Qty: 3 | Total: ₹4685.64
[2026-07-10 14:14:49] TRADE MATCHED: Ticker: TATAMOTORS | Buy Order: 1204 | Sell Order: 1151 | Price: ₹621.14 | Qty: 8 | Total: ₹4969.12
[2026-07-10 14:14:55] TRADE MATCHED: Ticker: RELIANCE | Buy Order: 1208 | Sell Order: 1162 | Price: ₹2271.92 | Qty: 5 | Total: ₹11359.60
[2026-07-10 14:14:55] TRADE MATCHED: Ticker: RELIANCE | Buy Order: 1208 | Sell Order: 1063 | Price: ₹2283.44 | Qty: 3 | Total: ₹6850.32
[2026-07-10 14:14:59] TRADE MATCHED: Ticker: SUNPHARMA | Buy Order: 1212 | Sell Order: 1174 | Price: ₹1060.39 | Qty: 2 | Total: ₹2120.78
[2026-07-10 14:15:00] TRADE MATCHED: Ticker: TATAMOTORS | Buy Order: 1204 | Sell Order: 1214 | Price: ₹621.68 | Qty: 7 | Total: ₹4351.76
[2026-07-10 14:15:00] TRADE MATCHED: Ticker: TATAMOTORS | Buy Order: 273 | Sell Order: 1214 | Price: ₹618.81 | Qty: 1 | Total: ₹618.81
[2026-07-10 14:15:00] TRADE MATCHED: Ticker: TATAMOTORS | Buy Order: 691 | Sell Order: 1214 | Price: ₹618.50 | Qty: 1 | Total: ₹618.50
[2026-07-10 14:15:02] TRADE MATCHED: Ticker: TCS | Buy Order: 1216 | Sell Order: 1206 | Price: ₹3254.41 | Qty: 11 | Total: ₹35798.51
[2026-07-10 14:15:05] TRADE MATCHED: Ticker: RELIANCE | Buy Order: 1208 | Sell Order: 1219 | Price: ₹2290.24 | Qty: 5 | Total: ₹11451.20
[2026-07-10 14:15:05] TRADE MATCHED: Ticker: RELIANCE | Buy Order: 446 | Sell Order: 1219 | Price: ₹2262.84 | Qty: 2 | Total: ₹4525.68
[2026-07-10 14:15:08] TRADE MATCHED: Ticker: TATAMOTORS | Buy Order: 691 | Sell Order: 1220 | Price: ₹618.50 | Qty: 7 | Total: ₹4329.50
[2026-07-10 14:15:11] TRADE MATCHED: Ticker: TATAMOTORS | Buy Order: 691 | Sell Order: 1223 | Price: ₹618.50 | Qty: 2 | Total: ₹1237.00
[2026-07-10 14:15:12] TRADE MATCHED: Ticker: TATAMOTORS | Buy Order: 1224 | Sell Order: 1111 | Price: ₹627.08 | Qty: 2 | Total: ₹1254.16
[2026-07-10 14:15:14] TRADE MATCHED: Ticker: TCS | Buy Order: 1227 | Sell Order: 1206 | Price: ₹3254.41 | Qty: 2 | Total: ₹6508.82
[2026-07-10 14:15:14] TRADE MATCHED: Ticker: TCS | Buy Order: 1227 | Sell Order: 1225 | Price: ₹3262.17 | Qty: 3 | Total: ₹9786.51
[2026-07-10 14:15:19] TRADE MATCHED: Ticker: TCS | Buy Order: 1230 | Sell Order: 1138 | Price: ₹3287.85 | Qty: 4 | Total: ₹13151.40
[2026-07-10 14:15:19] TRADE MATCHED: Ticker: TCS | Buy Order: 1230 | Sell Order: 1144 | Price: ₹3291.06 | Qty: 1 | Total: ₹3291.06
[2026-07-10 14:15:19] TRADE MATCHED: Ticker: SUNPHARMA | Buy Order: 1231 | Sell Order: 1174 | Price: ₹1060.39 | Qty: 3 | Total: ₹3181.17
[2026-07-10 14:15:19] TRADE MATCHED: Ticker: SUNPHARMA | Buy Order: 1231 | Sell Order: 1222 | Price: ₹1063.06 | Qty: 7 | Total: ₹7441.42
[2026-07-10 14:15:19] TRADE MATCHED: Ticker: SUNPHARMA | Buy Order: 1231 | Sell Order: 1084 | Price: ₹1064.03 | Qty: 4 | Total: ₹4256.12
[2026-07-10 14:15:19] TRADE MATCHED: Ticker: TATAMOTORS | Buy Order: 1232 | Sell Order: 1111 | Price: ₹627.08 | Qty: 10 | Total: ₹6270.80
[2026-07-10 14:15:20] TRADE MATCHED: Ticker: TATAMOTORS | Buy Order: 1232 | Sell Order: 1191 | Price: ₹627.19 | Qty: 2 | Total: ₹1254.38
[2026-07-10 14:15:27] TRADE MATCHED: Ticker: RELIANCE | Buy Order: 1233 | Sell Order: 1236 | Price: ₹2280.78 | Qty: 11 | Total: ₹25088.58
[2026-07-10 14:15:29] TRADE MATCHED: Ticker: TCS | Buy Order: 1238 | Sell Order: 1144 | Price: ₹3291.06 | Qty: 3 | Total: ₹9873.18
[2026-07-10 14:15:29] TRADE MATCHED: Ticker: TCS | Buy Order: 1238 | Sell Order: 1132 | Price: ₹3296.57 | Qty: 1 | Total: ₹3296.57
[2026-07-10 14:15:29] TRADE MATCHED: Ticker: TCS | Buy Order: 1238 | Sell Order: 1217 | Price: ₹3297.17 | Qty: 2 | Total: ₹6594.34
[2026-07-10 14:15:29] TRADE MATCHED: Ticker: TCS | Buy Order: 1238 | Sell Order: 1016 | Price: ₹3303.27 | Qty: 3 | Total: ₹9909.81
[2026-07-10 14:15:29] TRADE MATCHED: Ticker: TCS | Buy Order: 1238 | Sell Order: 1034 | Price: ₹3305.03 | Qty: 1 | Total: ₹3305.03
[2026-07-10 14:15:33] TRADE MATCHED: Ticker: HDFCBANK | Buy Order: 1241 | Sell Order: 1065 | Price: ₹1585.10 | Qty: 7 | Total: ₹11095.70
[2026-07-10 14:15:33] TRADE MATCHED: Ticker: HDFCBANK | Buy Order: 1241 | Sell Order: 1068 | Price: ₹1589.06 | Qty: 5 | Total: ₹7945.30
[2026-07-10 14:15:33] TRADE MATCHED: Ticker: HDFCBANK | Buy Order: 1241 | Sell Order: 1058 | Price: ₹1589.48 | Qty: 1 | Total: ₹1589.48
[2026-07-10 14:15:35] TRADE MATCHED: Ticker: SUNPHARMA | Buy Order: 1243 | Sell Order: 1084 | Price: ₹1064.03 | Qty: 1 | Total: ₹1064.03
[2026-07-10 14:15:35] TRADE MATCHED: Ticker: SUNPHARMA | Buy Order: 1243 | Sell Order: 1168 | Price: ₹1064.91 | Qty: 5 | Total: ₹5324.55
[2026-07-10 14:15:35] TRADE MATCHED: Ticker: SUNPHARMA | Buy Order: 1243 | Sell Order: 1121 | Price: ₹1066.00 | Qty: 7 | Total: ₹7462.00
[2026-07-10 14:15:39] TRADE MATCHED: Ticker: TATAMOTORS | Buy Order: 691 | Sell Order: 1247 | Price: ₹618.50 | Qty: 3 | Total: ₹1855.50
[2026-07-10 14:15:39] TRADE MATCHED: Ticker: TATAMOTORS | Buy Order: 525 | Sell Order: 1247 | Price: ₹617.83 | Qty: 1 | Total: ₹617.83
[2026-07-10 14:15:44] TRADE MATCHED: Ticker: RELIANCE | Buy Order: 1233 | Sell Order: 1249 | Price: ₹2280.78 | Qty: 3 | Total: ₹6842.34
[2026-07-10 14:15:44] TRADE MATCHED: Ticker: RELIANCE | Buy Order: 1239 | Sell Order: 1249 | Price: ₹2264.63 | Qty: 7 | Total: ₹15852.41
[2026-07-10 14:15:44] TRADE MATCHED: Ticker: RELIANCE | Buy Order: 1202 | Sell Order: 1249 | Price: ₹2258.94 | Qty: 1 | Total: ₹2258.94
[2026-07-10 14:15:44] TRADE MATCHED: Ticker: RELIANCE | Buy Order: 361 | Sell Order: 1249 | Price: ₹2258.30 | Qty: 1 | Total: ₹2258.30
[2026-07-10 14:15:48] TRADE MATCHED: Ticker: TCS | Buy Order: 1227 | Sell Order: 1253 | Price: ₹3279.88 | Qty: 1 | Total: ₹3279.88
[2026-07-10 14:15:50] TRADE MATCHED: Ticker: TCS | Buy Order: 1254 | Sell Order: 1253 | Price: ₹3270.63 | Qty: 2 | Total: ₹6541.26
[2026-07-10 14:15:53] TRADE MATCHED: Ticker: RELIANCE | Buy Order: 1250 | Sell Order: 1258 | Price: ₹2282.37 | Qty: 14 | Total: ₹31953.18
[2026-07-10 14:15:53] TRADE MATCHED: Ticker: RELIANCE | Buy Order: 1250 | Sell Order: 1257 | Price: ₹2282.37 | Qty: 1 | Total: ₹2282.37
[2026-07-10 14:15:53] TRADE MATCHED: Ticker: RELIANCE | Buy Order: 361 | Sell Order: 1257 | Price: ₹2258.30 | Qty: 5 | Total: ₹11291.50
[2026-07-10 14:15:53] TRADE MATCHED: Ticker: RELIANCE | Buy Order: 965 | Sell Order: 1257 | Price: ₹2258.29 | Qty: 2 | Total: ₹4516.58
[2026-07-10 14:15:55] TRADE MATCHED: Ticker: TCS | Buy Order: 1260 | Sell Order: 1253 | Price: ₹3270.63 | Qty: 2 | Total: ₹6541.26
[2026-07-10 14:15:59] TRADE MATCHED: Ticker: TCS | Buy Order: 1228 | Sell Order: 1264 | Price: ₹3255.57 | Qty: 2 | Total: ₹6511.14
[2026-07-10 14:15:59] TRADE MATCHED: Ticker: TCS | Buy Order: 1256 | Sell Order: 1264 | Price: ₹3245.32 | Qty: 10 | Total: ₹32453.20
[2026-07-10 14:16:01] TRADE MATCHED: Ticker: RELIANCE | Buy Order: 965 | Sell Order: 1265 | Price: ₹2258.29 | Qty: 7 | Total: ₹15808.03
[2026-07-10 14:16:07] TRADE MATCHED: Ticker: HDFCBANK | Buy Order: 1235 | Sell Order: 1270 | Price: ₹1581.66 | Qty: 3 | Total: ₹4744.98
[2026-07-10 14:16:14] TRADE MATCHED: Ticker: TCS | Buy Order: 1256 | Sell Order: 1275 | Price: ₹3245.32 | Qty: 3 | Total: ₹9735.96
[2026-07-10 14:16:14] TRADE MATCHED: Ticker: TCS | Buy Order: 103 | Sell Order: 1275 | Price: ₹3234.82 | Qty: 4 | Total: ₹12939.28
[2026-07-10 14:16:14] TRADE MATCHED: Ticker: TCS | Buy Order: 715 | Sell Order: 1275 | Price: ₹3232.07 | Qty: 2 | Total: ₹6464.14
[2026-07-10 14:16:19] TRADE MATCHED: Ticker: SUNPHARMA | Buy Order: 1280 | Sell Order: 1246 | Price: ₹1064.00 | Qty: 4 | Total: ₹4256.00
[2026-07-10 14:16:20] TRADE MATCHED: Ticker: SUNPHARMA | Buy Order: 1280 | Sell Order: 1121 | Price: ₹1066.00 | Qty: 4 | Total: ₹4264.00
[2026-07-10 14:16:20] TRADE MATCHED: Ticker: SUNPHARMA | Buy Order: 1280 | Sell Order: 1221 | Price: ₹1067.62 | Qty: 7 | Total: ₹7473.34
[2026-07-10 14:16:20] TRADE MATCHED: Ticker: HDFCBANK | Buy Order: 1235 | Sell Order: 1281 | Price: ₹1581.66 | Qty: 8 | Total: ₹12653.28
[2026-07-10 14:16:20] TRADE MATCHED: Ticker: HDFCBANK | Buy Order: 1276 | Sell Order: 1281 | Price: ₹1572.78 | Qty: 2 | Total: ₹3145.56
[2026-07-10 14:16:22] TRADE MATCHED: Ticker: TATAMOTORS | Buy Order: 1261 | Sell Order: 1283 | Price: ₹623.92 | Qty: 6 | Total: ₹3743.52
[2026-07-10 14:16:24] TRADE MATCHED: Ticker: RELIANCE | Buy Order: 1285 | Sell Order: 1286 | Price: ₹2282.65 | Qty: 1 | Total: ₹2282.65
[2026-07-10 14:16:25] TRADE MATCHED: Ticker: RELIANCE | Buy Order: 965 | Sell Order: 1286 | Price: ₹2258.29 | Qty: 6 | Total: ₹13549.74
[2026-07-10 14:16:25] TRADE MATCHED: Ticker: RELIANCE | Buy Order: 1110 | Sell Order: 1286 | Price: ₹2257.04 | Qty: 1 | Total: ₹2257.04
[2026-07-10 14:16:27] TRADE MATCHED: Ticker: SUNPHARMA | Buy Order: 705 | Sell Order: 1288 | Price: ₹1058.89 | Qty: 4 | Total: ₹4235.56
[2026-07-10 14:16:27] TRADE MATCHED: Ticker: SUNPHARMA | Buy Order: 1085 | Sell Order: 1288 | Price: ₹1058.89 | Qty: 9 | Total: ₹9530.01
[2026-07-10 14:16:29] TRADE MATCHED: Ticker: SUNPHARMA | Buy Order: 1085 | Sell Order: 1289 | Price: ₹1058.89 | Qty: 2 | Total: ₹2117.78
[2026-07-10 14:16:29] TRADE MATCHED: Ticker: SUNPHARMA | Buy Order: 696 | Sell Order: 1289 | Price: ₹1058.40 | Qty: 4 | Total: ₹4233.60
[2026-07-10 14:16:29] TRADE MATCHED: Ticker: SUNPHARMA | Buy Order: 693 | Sell Order: 1289 | Price: ₹1058.27 | Qty: 7 | Total: ₹7407.89
[2026-07-10 14:16:29] TRADE MATCHED: Ticker: SUNPHARMA | Buy Order: 1255 | Sell Order: 1289 | Price: ₹1058.02 | Qty: 2 | Total: ₹2116.04
[2026-07-10 14:16:30] TRADE MATCHED: Ticker: SUNPHARMA | Buy Order: 1291 | Sell Order: 1221 | Price: ₹1067.62 | Qty: 8 | Total: ₹8540.96
[2026-07-10 14:16:30] TRADE MATCHED: Ticker: SUNPHARMA | Buy Order: 1291 | Sell Order: 1273 | Price: ₹1067.64 | Qty: 1 | Total: ₹1067.64
[2026-07-10 14:16:32] TRADE MATCHED: Ticker: SUNPHARMA | Buy Order: 1293 | Sell Order: 1273 | Price: ₹1067.64 | Qty: 1 | Total: ₹1067.64
[2026-07-10 14:16:33] TRADE MATCHED: Ticker: HDFCBANK | Buy Order: 1294 | Sell Order: 1284 | Price: ₹1577.84 | Qty: 10 | Total: ₹15778.40
[2026-07-10 14:16:35] TRADE MATCHED: Ticker: TATAMOTORS | Buy Order: 1296 | Sell Order: 1191 | Price: ₹627.19 | Qty: 10 | Total: ₹6271.90
[2026-07-10 14:16:37] TRADE MATCHED: Ticker: TCS | Buy Order: 715 | Sell Order: 1297 | Price: ₹3232.07 | Qty: 5 | Total: ₹16160.35
[2026-07-10 14:16:38] TRADE MATCHED: Ticker: TCS | Buy Order: 924 | Sell Order: 1297 | Price: ₹3230.13 | Qty: 8 | Total: ₹25841.04
[2026-07-10 14:16:40] TRADE MATCHED: Ticker: SUNPHARMA | Buy Order: 1299 | Sell Order: 1273 | Price: ₹1067.64 | Qty: 6 | Total: ₹6405.84
[2026-07-10 14:16:40] TRADE MATCHED: Ticker: SUNPHARMA | Buy Order: 1299 | Sell Order: 1155 | Price: ₹1067.75 | Qty: 6 | Total: ₹6406.50
[2026-07-10 14:16:41] TRADE MATCHED: Ticker: HDFCBANK | Buy Order: 1276 | Sell Order: 1300 | Price: ₹1572.78 | Qty: 12 | Total: ₹18873.36
[2026-07-10 14:16:45] TRADE MATCHED: Ticker: TCS | Buy Order: 924 | Sell Order: 1304 | Price: ₹3230.13 | Qty: 1 | Total: ₹3230.13
[2026-07-10 14:16:49] TRADE MATCHED: Ticker: RELIANCE | Buy Order: 1295 | Sell Order: 1306 | Price: ₹2277.91 | Qty: 1 | Total: ₹2277.91
[2026-07-10 14:16:52] TRADE MATCHED: Ticker: HDFCBANK | Buy Order: 1209 | Sell Order: 1309 | Price: ₹1572.27 | Qty: 9 | Total: ₹14150.43
[2026-07-10 14:16:53] TRADE MATCHED: Ticker: HDFCBANK | Buy Order: 1311 | Sell Order: 1284 | Price: ₹1577.84 | Qty: 1 | Total: ₹1577.84
[2026-07-10 14:16:54] TRADE MATCHED: Ticker: HDFCBANK | Buy Order: 1311 | Sell Order: 1058 | Price: ₹1589.48 | Qty: 9 | Total: ₹14305.32
[2026-07-10 14:16:54] TRADE MATCHED: Ticker: HDFCBANK | Buy Order: 1311 | Sell Order: 1201 | Price: ₹1592.60 | Qty: 4 | Total: ₹6370.40
[2026-07-10 14:16:54] TRADE MATCHED: Ticker: TATAMOTORS | Buy Order: 1261 | Sell Order: 1312 | Price: ₹623.92 | Qty: 6 | Total: ₹3743.52
[2026-07-10 14:16:59] TRADE MATCHED: Ticker: SUNPHARMA | Buy Order: 1315 | Sell Order: 1313 | Price: ₹1060.80 | Qty: 11 | Total: ₹11668.80
[2026-07-10 14:16:59] TRADE MATCHED: Ticker: SUNPHARMA | Buy Order: 1315 | Sell Order: 1155 | Price: ₹1067.75 | Qty: 4 | Total: ₹4271.00
[2026-07-10 14:17:00] TRADE MATCHED: Ticker: HDFCBANK | Buy Order: 1209 | Sell Order: 1317 | Price: ₹1572.27 | Qty: 2 | Total: ₹3144.54
[2026-07-10 14:17:00] TRADE MATCHED: Ticker: HDFCBANK | Buy Order: 1213 | Sell Order: 1317 | Price: ₹1564.69 | Qty: 2 | Total: ₹3129.38
[2026-07-10 14:17:07] TRADE MATCHED: Ticker: RELIANCE | Buy Order: 1322 | Sell Order: 1319 | Price: ₹2278.08 | Qty: 6 | Total: ₹13668.48
[2026-07-10 14:17:07] TRADE MATCHED: Ticker: HDFCBANK | Buy Order: 1213 | Sell Order: 1323 | Price: ₹1564.69 | Qty: 10 | Total: ₹15646.90
[2026-07-10 14:17:07] TRADE MATCHED: Ticker: HDFCBANK | Buy Order: 867 | Sell Order: 1323 | Price: ₹1561.52 | Qty: 3 | Total: ₹4684.56
[2026-07-10 14:17:12] TRADE MATCHED: Ticker: HDFCBANK | Buy Order: 1326 | Sell Order: 1321 | Price: ₹1583.75 | Qty: 7 | Total: ₹11086.25
[2026-07-10 14:17:14] TRADE MATCHED: Ticker: SUNPHARMA | Buy Order: 1327 | Sell Order: 1155 | Price: ₹1067.75 | Qty: 1 | Total: ₹1067.75
[2026-07-10 14:17:14] TRADE MATCHED: Ticker: SUNPHARMA | Buy Order: 1327 | Sell Order: 1303 | Price: ₹1068.79 | Qty: 5 | Total: ₹5343.95
[2026-07-10 14:17:14] TRADE MATCHED: Ticker: SUNPHARMA | Buy Order: 1327 | Sell Order: 1021 | Price: ₹1073.15 | Qty: 6 | Total: ₹6438.90
[2026-07-10 14:17:17] TRADE MATCHED: Ticker: RELIANCE | Buy Order: 1331 | Sell Order: 1319 | Price: ₹2278.08 | Qty: 1 | Total: ₹2278.08
[2026-07-10 14:17:18] TRADE MATCHED: Ticker: RELIANCE | Buy Order: 1331 | Sell Order: 1307 | Price: ₹2281.52 | Qty: 1 | Total: ₹2281.52
[2026-07-10 14:17:20] TRADE MATCHED: Ticker: HDFCBANK | Buy Order: 1332 | Sell Order: 1321 | Price: ₹1583.75 | Qty: 8 | Total: ₹12670.00
[2026-07-10 14:17:20] TRADE MATCHED: Ticker: HDFCBANK | Buy Order: 1332 | Sell Order: 1201 | Price: ₹1592.60 | Qty: 1 | Total: ₹1592.60
[2026-07-10 14:17:23] TRADE MATCHED: Ticker: RELIANCE | Buy Order: 1295 | Sell Order: 1335 | Price: ₹2277.91 | Qty: 7 | Total: ₹15945.37
[2026-07-10 14:17:32] TRADE MATCHED: Ticker: TCS | Buy Order: 924 | Sell Order: 1342 | Price: ₹3230.13 | Qty: 1 | Total: ₹3230.13
[2026-07-10 14:17:32] TRADE MATCHED: Ticker: TCS | Buy Order: 1218 | Sell Order: 1342 | Price: ₹3230.02 | Qty: 9 | Total: ₹29070.18
[2026-07-10 14:17:33] TRADE MATCHED: Ticker: TATAMOTORS | Buy Order: 1343 | Sell Order: 1308 | Price: ₹626.88 | Qty: 3 | Total: ₹1880.64
[2026-07-10 14:17:34] TRADE MATCHED: Ticker: TATAMOTORS | Buy Order: 1343 | Sell Order: 1191 | Price: ₹627.19 | Qty: 2 | Total: ₹1254.38
[2026-07-10 14:17:34] TRADE MATCHED: Ticker: RELIANCE | Buy Order: 1344 | Sell Order: 1307 | Price: ₹2281.52 | Qty: 6 | Total: ₹13689.12
[2026-07-10 14:17:38] TRADE MATCHED: Ticker: TCS | Buy Order: 1346 | Sell Order: 1282 | Price: ₹3233.32 | Qty: 3 | Total: ₹9699.96
[2026-07-10 14:17:38] TRADE MATCHED: Ticker: TATAMOTORS | Buy Order: 1347 | Sell Order: 1191 | Price: ₹627.19 | Qty: 1 | Total: ₹627.19
[2026-07-10 14:17:39] TRADE MATCHED: Ticker: TATAMOTORS | Buy Order: 1347 | Sell Order: 1096 | Price: ₹627.91 | Qty: 4 | Total: ₹2511.64
[2026-07-10 14:17:41] TRADE MATCHED: Ticker: SUNPHARMA | Buy Order: 1348 | Sell Order: 1339 | Price: ₹1059.56 | Qty: 6 | Total: ₹6357.36
[2026-07-10 14:17:43] TRADE MATCHED: Ticker: TCS | Buy Order: 1349 | Sell Order: 1282 | Price: ₹3233.32 | Qty: 6 | Total: ₹19399.92
[2026-07-10 14:17:44] TRADE MATCHED: Ticker: TATAMOTORS | Buy Order: 1325 | Sell Order: 1351 | Price: ₹622.06 | Qty: 1 | Total: ₹622.06
[2026-07-10 14:17:44] TRADE MATCHED: Ticker: TATAMOTORS | Buy Order: 1268 | Sell Order: 1351 | Price: ₹621.42 | Qty: 2 | Total: ₹1242.84
[2026-07-10 14:17:44] TRADE MATCHED: Ticker: TATAMOTORS | Buy Order: 525 | Sell Order: 1351 | Price: ₹617.83 | Qty: 2 | Total: ₹1235.66
[2026-07-10 14:17:45] TRADE MATCHED: Ticker: TATAMOTORS | Buy Order: 927 | Sell Order: 1351 | Price: ₹617.77 | Qty: 8 | Total: ₹4942.16
[2026-07-10 14:17:45] TRADE MATCHED: Ticker: TCS | Buy Order: 1352 | Sell Order: 1345 | Price: ₹3256.23 | Qty: 2 | Total: ₹6512.46
[2026-07-10 14:17:45] TRADE MATCHED: Ticker: TCS | Buy Order: 1352 | Sell Order: 1269 | Price: ₹3257.20 | Qty: 1 | Total: ₹3257.20
[2026-07-10 14:17:48] TRADE MATCHED: Ticker: RELIANCE | Buy Order: 1344 | Sell Order: 1353 | Price: ₹2283.86 | Qty: 4 | Total: ₹9135.44
[2026-07-10 14:17:48] TRADE MATCHED: Ticker: RELIANCE | Buy Order: 1295 | Sell Order: 1353 | Price: ₹2277.91 | Qty: 4 | Total: ₹9111.64
[2026-07-10 14:17:50] TRADE MATCHED: Ticker: HDFCBANK | Buy Order: 1355 | Sell Order: 1338 | Price: ₹1573.41 | Qty: 3 | Total: ₹4720.23
[2026-07-10 14:17:51] TRADE MATCHED: Ticker: RELIANCE | Buy Order: 1295 | Sell Order: 1356 | Price: ₹2277.91 | Qty: 2 | Total: ₹4555.82
[2026-07-10 14:17:53] TRADE MATCHED: Ticker: HDFCBANK | Buy Order: 1336 | Sell Order: 1357 | Price: ₹1569.71 | Qty: 2 | Total: ₹3139.42
[2026-07-10 14:17:53] TRADE MATCHED: Ticker: HDFCBANK | Buy Order: 867 | Sell Order: 1357 | Price: ₹1561.52 | Qty: 2 | Total: ₹3123.04
[2026-07-10 14:17:57] TRADE MATCHED: Ticker: RELIANCE | Buy Order: 1110 | Sell Order: 1362 | Price: ₹2257.04 | Qty: 9 | Total: ₹20313.36
[2026-07-10 14:18:00] TRADE MATCHED: Ticker: RELIANCE | Buy Order: 1110 | Sell Order: 1363 | Price: ₹2257.04 | Qty: 1 | Total: ₹2257.04
[2026-07-10 14:18:00] TRADE MATCHED: Ticker: RELIANCE | Buy Order: 371 | Sell Order: 1363 | Price: ₹2257.03 | Qty: 7 | Total: ₹15799.21
[2026-07-10 14:18:00] TRADE MATCHED: Ticker: RELIANCE | Buy Order: 408 | Sell Order: 1363 | Price: ₹2255.61 | Qty: 7 | Total: ₹15789.27
[2026-07-10 14:18:06] TRADE MATCHED: Ticker: SUNPHARMA | Buy Order: 1255 | Sell Order: 1368 | Price: ₹1058.02 | Qty: 11 | Total: ₹11638.22
[2026-07-10 14:18:07] TRADE MATCHED: Ticker: SUNPHARMA | Buy Order: 1369 | Sell Order: 1354 | Price: ₹1058.83 | Qty: 10 | Total: ₹10588.30
[2026-07-10 14:18:09] TRADE MATCHED: Ticker: TATAMOTORS | Buy Order: 1361 | Sell Order: 1371 | Price: ₹618.12 | Qty: 8 | Total: ₹4944.96
[2026-07-10 14:18:09] TRADE MATCHED: Ticker: HDFCBANK | Buy Order: 1372 | Sell Order: 1338 | Price: ₹1573.41 | Qty: 7 | Total: ₹11013.87
[2026-07-10 14:18:12] TRADE MATCHED: Ticker: RELIANCE | Buy Order: 1375 | Sell Order: 1356 | Price: ₹2268.13 | Qty: 2 | Total: ₹4536.26
[2026-07-10 14:18:14] TRADE MATCHED: Ticker: SUNPHARMA | Buy Order: 1377 | Sell Order: 1354 | Price: ₹1058.83 | Qty: 5 | Total: ₹5294.15
[2026-07-10 14:18:14] TRADE MATCHED: Ticker: SUNPHARMA | Buy Order: 1377 | Sell Order: 1339 | Price: ₹1059.56 | Qty: 7 | Total: ₹7416.92
[2026-07-10 14:18:15] TRADE MATCHED: Ticker: SUNPHARMA | Buy Order: 1377 | Sell Order: 1330 | Price: ₹1063.95 | Qty: 3 | Total: ₹3191.85
[2026-07-10 14:18:17] TRADE MATCHED: Ticker: TATAMOTORS | Buy Order: 1378 | Sell Order: 1096 | Price: ₹627.91 | Qty: 5 | Total: ₹3139.55
[2026-07-10 14:18:17] TRADE MATCHED: Ticker: TATAMOTORS | Buy Order: 1378 | Sell Order: 1210 | Price: ₹628.25 | Qty: 1 | Total: ₹628.25
[2026-07-10 14:18:22] TRADE MATCHED: Ticker: SUNPHARMA | Buy Order: 1383 | Sell Order: 1330 | Price: ₹1063.95 | Qty: 2 | Total: ₹2127.90
[2026-07-10 14:18:25] TRADE MATCHED: Ticker: SUNPHARMA | Buy Order: 1386 | Sell Order: 1341 | Price: ₹1067.26 | Qty: 12 | Total: ₹12807.12
[2026-07-10 14:18:26] TRADE MATCHED: Ticker: HDFCBANK | Buy Order: 1387 | Sell Order: 1340 | Price: ₹1578.13 | Qty: 1 | Total: ₹1578.13
[2026-07-10 14:18:29] TRADE MATCHED: Ticker: TATAMOTORS | Buy Order: 1391 | Sell Order: 1390 | Price: ₹623.56 | Qty: 7 | Total: ₹4364.92
[2026-07-10 14:18:33] TRADE MATCHED: Ticker: SUNPHARMA | Buy Order: 1392 | Sell Order: 1394 | Price: ₹1070.73 | Qty: 1 | Total: ₹1070.73
[2026-07-10 14:18:33] TRADE MATCHED: Ticker: SUNPHARMA | Buy Order: 1386 | Sell Order: 1394 | Price: ₹1067.46 | Qty: 3 | Total: ₹3202.38
[2026-07-10 14:18:33] TRADE MATCHED: Ticker: SUNPHARMA | Buy Order: 1383 | Sell Order: 1394 | Price: ₹1064.86 | Qty: 2 | Total: ₹2129.72
[2026-07-10 14:18:34] TRADE MATCHED: Ticker: TATAMOTORS | Buy Order: 1395 | Sell Order: 1390 | Price: ₹623.56 | Qty: 6 | Total: ₹3741.36
[2026-07-10 14:18:34] TRADE MATCHED: Ticker: TATAMOTORS | Buy Order: 1395 | Sell Order: 1210 | Price: ₹628.25 | Qty: 2 | Total: ₹1256.50
[2026-07-10 14:18:34] TRADE MATCHED: Ticker: TATAMOTORS | Buy Order: 1395 | Sell Order: 1389 | Price: ₹628.41 | Qty: 2 | Total: ₹1256.82
[2026-07-10 14:18:37] TRADE MATCHED: Ticker: TATAMOTORS | Buy Order: 1396 | Sell Order: 1389 | Price: ₹628.41 | Qty: 2 | Total: ₹1256.82
[2026-07-10 14:18:39] TRADE MATCHED: Ticker: HDFCBANK | Buy Order: 1385 | Sell Order: 1399 | Price: ₹1576.53 | Qty: 10 | Total: ₹15765.30
[2026-07-10 14:18:39] TRADE MATCHED: Ticker: HDFCBANK | Buy Order: 1380 | Sell Order: 1399 | Price: ₹1571.34 | Qty: 1 | Total: ₹1571.34
[2026-07-10 14:18:42] TRADE MATCHED: Ticker: HDFCBANK | Buy Order: 1380 | Sell Order: 1401 | Price: ₹1571.34 | Qty: 2 | Total: ₹3142.68
[2026-07-10 14:18:43] TRADE MATCHED: Ticker: SUNPHARMA | Buy Order: 1383 | Sell Order: 1402 | Price: ₹1064.86 | Qty: 7 | Total: ₹7454.02
[2026-07-10 14:18:43] TRADE MATCHED: Ticker: SUNPHARMA | Buy Order: 470 | Sell Order: 1402 | Price: ₹1057.97 | Qty: 2 | Total: ₹2115.94
[2026-07-10 14:18:43] TRADE MATCHED: Ticker: SUNPHARMA | Buy Order: 1181 | Sell Order: 1402 | Price: ₹1057.62 | Qty: 1 | Total: ₹1057.62
[2026-07-10 14:18:47] TRADE MATCHED: Ticker: TATAMOTORS | Buy Order: 1405 | Sell Order: 1389 | Price: ₹628.41 | Qty: 4 | Total: ₹2513.64
[2026-07-10 14:18:51] TRADE MATCHED: Ticker: HDFCBANK | Buy Order: 1409 | Sell Order: 1401 | Price: ₹1568.41 | Qty: 5 | Total: ₹7842.05
[2026-07-10 14:18:52] TRADE MATCHED: Ticker: RELIANCE | Buy Order: 1410 | Sell Order: 1356 | Price: ₹2268.13 | Qty: 1 | Total: ₹2268.13
[2026-07-10 14:18:52] TRADE MATCHED: Ticker: RELIANCE | Buy Order: 1410 | Sell Order: 1245 | Price: ₹2284.36 | Qty: 4 | Total: ₹9137.44
[2026-07-10 14:18:52] TRADE MATCHED: Ticker: RELIANCE | Buy Order: 1410 | Sell Order: 984 | Price: ₹2292.80 | Qty: 9 | Total: ₹20635.20
[2026-07-10 14:18:52] TRADE MATCHED: Ticker: TCS | Buy Order: 1411 | Sell Order: 1269 | Price: ₹3257.20 | Qty: 5 | Total: ₹16286.00
[2026-07-10 14:18:55] TRADE MATCHED: Ticker: RELIANCE | Buy Order: 1388 | Sell Order: 1412 | Price: ₹2264.77 | Qty: 6 | Total: ₹13588.62
[2026-07-10 14:18:55] TRADE MATCHED: Ticker: RELIANCE | Buy Order: 1376 | Sell Order: 1412 | Price: ₹2259.99 | Qty: 4 | Total: ₹9039.96
[2026-07-10 14:18:57] TRADE MATCHED: Ticker: HDFCBANK | Buy Order: 1409 | Sell Order: 1413 | Price: ₹1569.27 | Qty: 2 | Total: ₹3138.54
[2026-07-10 14:18:57] TRADE MATCHED: Ticker: HDFCBANK | Buy Order: 1400 | Sell Order: 1413 | Price: ₹1565.96 | Qty: 8 | Total: ₹12527.68
[2026-07-10 14:18:57] TRADE MATCHED: Ticker: HDFCBANK | Buy Order: 867 | Sell Order: 1413 | Price: ₹1561.52 | Qty: 2 | Total: ₹3123.04
[2026-07-10 14:19:09] TRADE MATCHED: Ticker: HDFCBANK | Buy Order: 867 | Sell Order: 1422 | Price: ₹1561.52 | Qty: 7 | Total: ₹10930.64
[2026-07-10 14:19:09] TRADE MATCHED: Ticker: HDFCBANK | Buy Order: 741 | Sell Order: 1422 | Price: ₹1560.73 | Qty: 7 | Total: ₹10925.11
[2026-07-10 14:19:11] TRADE MATCHED: Ticker: SUNPHARMA | Buy Order: 1424 | Sell Order: 1420 | Price: ₹1060.71 | Qty: 4 | Total: ₹4242.84
[2026-07-10 14:19:11] TRADE MATCHED: Ticker: RELIANCE | Buy Order: 1415 | Sell Order: 1425 | Price: ₹2278.51 | Qty: 2 | Total: ₹4557.02
[2026-07-10 14:19:14] TRADE MATCHED: Ticker: RELIANCE | Buy Order: 1415 | Sell Order: 1426 | Price: ₹2278.51 | Qty: 5 | Total: ₹11392.55
[2026-07-10 14:19:15] TRADE MATCHED: Ticker: SUNPHARMA | Buy Order: 1181 | Sell Order: 1427 | Price: ₹1057.62 | Qty: 2 | Total: ₹2115.24
[2026-07-10 14:19:15] TRADE MATCHED: Ticker: SUNPHARMA | Buy Order: 1237 | Sell Order: 1427 | Price: ₹1056.49 | Qty: 3 | Total: ₹3169.47
[2026-07-10 14:19:15] TRADE MATCHED: Ticker: SUNPHARMA | Buy Order: 1237 | Sell Order: 1428 | Price: ₹1056.49 | Qty: 2 | Total: ₹2112.98
[2026-07-10 14:19:21] TRADE MATCHED: Ticker: TATAMOTORS | Buy Order: 1434 | Sell Order: 1423 | Price: ₹623.03 | Qty: 8 | Total: ₹4984.24
[2026-07-10 14:19:21] TRADE MATCHED: Ticker: TATAMOTORS | Buy Order: 1434 | Sell Order: 1419 | Price: ₹623.24 | Qty: 1 | Total: ₹623.24
[2026-07-10 14:19:23] TRADE MATCHED: Ticker: SUNPHARMA | Buy Order: 1237 | Sell Order: 1435 | Price: ₹1056.49 | Qty: 3 | Total: ₹3169.47
[2026-07-10 14:19:23] TRADE MATCHED: Ticker: SUNPHARMA | Buy Order: 1145 | Sell Order: 1435 | Price: ₹1056.44 | Qty: 3 | Total: ₹3169.32
[2026-07-10 14:19:23] TRADE MATCHED: Ticker: SUNPHARMA | Buy Order: 762 | Sell Order: 1435 | Price: ₹1056.03 | Qty: 6 | Total: ₹6336.18
[2026-07-10 14:19:26] TRADE MATCHED: Ticker: RELIANCE | Buy Order: 1436 | Sell Order: 1426 | Price: ₹2273.18 | Qty: 2 | Total: ₹4546.36
[2026-07-10 14:19:26] TRADE MATCHED: Ticker: RELIANCE | Buy Order: 1376 | Sell Order: 1438 | Price: ₹2259.99 | Qty: 2 | Total: ₹4519.98
[2026-07-10 14:19:26] TRADE MATCHED: Ticker: RELIANCE | Buy Order: 1418 | Sell Order: 1438 | Price: ₹2259.71 | Qty: 1 | Total: ₹2259.71
[2026-07-10 14:19:26] TRADE MATCHED: Ticker: RELIANCE | Buy Order: 408 | Sell Order: 1438 | Price: ₹2255.61 | Qty: 2 | Total: ₹4511.22
[2026-07-10 14:19:30] TRADE MATCHED: Ticker: RELIANCE | Buy Order: 1439 | Sell Order: 1426 | Price: ₹2273.18 | Qty: 1 | Total: ₹2273.18
[2026-07-10 14:19:30] TRADE MATCHED: Ticker: RELIANCE | Buy Order: 1439 | Sell Order: 1433 | Price: ₹2273.36 | Qty: 2 | Total: ₹4546.72
[2026-07-10 14:19:30] TRADE MATCHED: Ticker: TATAMOTORS | Buy Order: 1441 | Sell Order: 1419 | Price: ₹623.24 | Qty: 5 | Total: ₹3116.20
[2026-07-10 14:19:34] TRADE MATCHED: Ticker: TATAMOTORS | Buy Order: 1403 | Sell Order: 1445 | Price: ₹621.88 | Qty: 3 | Total: ₹1865.64
[2026-07-10 14:19:39] TRADE MATCHED: Ticker: TATAMOTORS | Buy Order: 1448 | Sell Order: 1419 | Price: ₹623.24 | Qty: 2 | Total: ₹1246.48
[2026-07-10 14:19:44] TRADE MATCHED: Ticker: HDFCBANK | Buy Order: 1451 | Sell Order: 1404 | Price: ₹1572.37 | Qty: 5 | Total: ₹7861.85
[2026-07-10 14:19:46] TRADE MATCHED: Ticker: HDFCBANK | Buy Order: 1453 | Sell Order: 1404 | Price: ₹1572.37 | Qty: 1 | Total: ₹1572.37
[2026-07-10 14:19:51] TRADE MATCHED: Ticker: RELIANCE | Buy Order: 1439 | Sell Order: 1456 | Price: ₹2288.65 | Qty: 3 | Total: ₹6865.95
[2026-07-10 14:19:51] TRADE MATCHED: Ticker: HDFCBANK | Buy Order: 1457 | Sell Order: 1404 | Price: ₹1572.37 | Qty: 3 | Total: ₹4717.11
[2026-07-10 14:19:53] TRADE MATCHED: Ticker: TATAMOTORS | Buy Order: 1403 | Sell Order: 1458 | Price: ₹621.88 | Qty: 8 | Total: ₹4975.04
[2026-07-10 14:19:53] TRADE MATCHED: Ticker: TATAMOTORS | Buy Order: 1408 | Sell Order: 1458 | Price: ₹620.83 | Qty: 5 | Total: ₹3104.15
[2026-07-10 14:19:55] TRADE MATCHED: Ticker: SUNPHARMA | Buy Order: 762 | Sell Order: 1460 | Price: ₹1056.03 | Qty: 4 | Total: ₹4224.12
[2026-07-10 14:19:55] TRADE MATCHED: Ticker: SUNPHARMA | Buy Order: 1364 | Sell Order: 1460 | Price: ₹1055.86 | Qty: 2 | Total: ₹2111.72
[2026-07-10 14:19:55] TRADE MATCHED: Ticker: SUNPHARMA | Buy Order: 412 | Sell Order: 1460 | Price: ₹1055.61 | Qty: 6 | Total: ₹6333.66
[2026-07-10 14:19:56] TRADE MATCHED: Ticker: HDFCBANK | Buy Order: 1462 | Sell Order: 1404 | Price: ₹1572.37 | Qty: 4 | Total: ₹6289.48
[2026-07-10 14:19:59] TRADE MATCHED: Ticker: HDFCBANK | Buy Order: 1464 | Sell Order: 1340 | Price: ₹1578.13 | Qty: 5 | Total: ₹7890.65
[2026-07-10 14:20:00] TRADE MATCHED: Ticker: TCS | Buy Order: 1465 | Sell Order: 1269 | Price: ₹3257.20 | Qty: 2 | Total: ₹6514.40
[2026-07-10 14:20:00] TRADE MATCHED: Ticker: TCS | Buy Order: 1465 | Sell Order: 1384 | Price: ₹3267.48 | Qty: 2 | Total: ₹6534.96
[2026-07-10 14:20:02] TRADE MATCHED: Ticker: TCS | Buy Order: 1467 | Sell Order: 1384 | Price: ₹3267.48 | Qty: 2 | Total: ₹6534.96
[2026-07-10 14:20:04] TRADE MATCHED: Ticker: HDFCBANK | Buy Order: 1462 | Sell Order: 1469 | Price: ₹1573.27 | Qty: 2 | Total: ₹3146.54
[2026-07-10 14:20:04] TRADE MATCHED: Ticker: HDFCBANK | Buy Order: 1468 | Sell Order: 1469 | Price: ₹1562.71 | Qty: 7 | Total: ₹10938.97
[2026-07-10 14:20:05] TRADE MATCHED: Ticker: TCS | Buy Order: 1470 | Sell Order: 1384 | Price: ₹3267.48 | Qty: 9 | Total: ₹29407.32
[2026-07-10 14:20:05] TRADE MATCHED: Ticker: TCS | Buy Order: 1470 | Sell Order: 1253 | Price: ₹3270.63 | Qty: 1 | Total: ₹3270.63
[2026-07-10 14:20:05] TRADE MATCHED: Ticker: TATAMOTORS | Buy Order: 1408 | Sell Order: 1471 | Price: ₹620.83 | Qty: 1 | Total: ₹620.83
[2026-07-10 14:20:05] TRADE MATCHED: Ticker: TATAMOTORS | Buy Order: 1361 | Sell Order: 1471 | Price: ₹618.12 | Qty: 2 | Total: ₹1236.24
[2026-07-10 14:20:05] TRADE MATCHED: Ticker: TATAMOTORS | Buy Order: 1466 | Sell Order: 1471 | Price: ₹617.85 | Qty: 3 | Total: ₹1853.55
[2026-07-10 14:20:05] TRADE MATCHED: Ticker: TATAMOTORS | Buy Order: 927 | Sell Order: 1471 | Price: ₹617.77 | Qty: 5 | Total: ₹3088.85
[2026-07-10 14:20:07] TRADE MATCHED: Ticker: RELIANCE | Buy Order: 1472 | Sell Order: 1456 | Price: ₹2274.58 | Qty: 10 | Total: ₹22745.80
[2026-07-10 14:20:09] TRADE MATCHED: Ticker: RELIANCE | Buy Order: 1473 | Sell Order: 1437 | Price: ₹2291.25 | Qty: 13 | Total: ₹29786.25
[2026-07-10 14:20:11] TRADE MATCHED: Ticker: RELIANCE | Buy Order: 1472 | Sell Order: 1476 | Price: ₹2289.18 | Qty: 4 | Total: ₹9156.72
[2026-07-10 14:20:11] TRADE MATCHED: Ticker: TATAMOTORS | Buy Order: 1477 | Sell Order: 1419 | Price: ₹623.24 | Qty: 3 | Total: ₹1869.72
[2026-07-10 14:20:11] TRADE MATCHED: Ticker: TATAMOTORS | Buy Order: 1477 | Sell Order: 1389 | Price: ₹628.41 | Qty: 5 | Total: ₹3142.05
[2026-07-10 14:20:11] TRADE MATCHED: Ticker: TCS | Buy Order: 1475 | Sell Order: 1478 | Price: ₹3240.74 | Qty: 2 | Total: ₹6481.48
[2026-07-10 14:20:12] TRADE MATCHED: Ticker: TCS | Buy Order: 1218 | Sell Order: 1478 | Price: ₹3230.02 | Qty: 3 | Total: ₹9690.06
[2026-07-10 14:20:12] TRADE MATCHED: Ticker: TCS | Buy Order: 1195 | Sell Order: 1478 | Price: ₹3229.83 | Qty: 10 | Total: ₹32298.30
[2026-07-10 14:20:15] TRADE MATCHED: Ticker: TCS | Buy Order: 1479 | Sell Order: 1253 | Price: ₹3270.63 | Qty: 1 | Total: ₹3270.63
[2026-07-10 14:20:15] TRADE MATCHED: Ticker: TCS | Buy Order: 1479 | Sell Order: 1337 | Price: ₹3274.90 | Qty: 12 | Total: ₹39298.80
[2026-07-10 14:20:15] TRADE MATCHED: Ticker: TCS | Buy Order: 1479 | Sell Order: 1240 | Price: ₹3288.51 | Qty: 1 | Total: ₹3288.51
[2026-07-10 14:20:16] TRADE MATCHED: Ticker: SUNPHARMA | Buy Order: 412 | Sell Order: 1481 | Price: ₹1055.61 | Qty: 1 | Total: ₹1055.61
[2026-07-10 14:20:16] TRADE MATCHED: Ticker: SUNPHARMA | Buy Order: 1075 | Sell Order: 1481 | Price: ₹1054.70 | Qty: 8 | Total: ₹8437.60
[2026-07-10 14:20:18] TRADE MATCHED: Ticker: SUNPHARMA | Buy Order: 1483 | Sell Order: 1420 | Price: ₹1060.71 | Qty: 1 | Total: ₹1060.71
[2026-07-10 14:20:18] TRADE MATCHED: Ticker: SUNPHARMA | Buy Order: 1483 | Sell Order: 1449 | Price: ₹1063.39 | Qty: 3 | Total: ₹3190.17
[2026-07-10 14:20:28] TRADE MATCHED: Ticker: SUNPHARMA | Buy Order: 1490 | Sell Order: 1449 | Price: ₹1063.39 | Qty: 5 | Total: ₹5316.95
[2026-07-10 14:20:38] TRADE MATCHED: Ticker: TATAMOTORS | Buy Order: 1497 | Sell Order: 1484 | Price: ₹629.11 | Qty: 2 | Total: ₹1258.22
[2026-07-10 14:20:38] TRADE MATCHED: Ticker: SUNPHARMA | Buy Order: 1498 | Sell Order: 1495 | Price: ₹1058.21 | Qty: 2 | Total: ₹2116.42
[2026-07-10 14:20:41] TRADE MATCHED: Ticker: TATAMOTORS | Buy Order: 1500 | Sell Order: 1484 | Price: ₹629.11 | Qty: 12 | Total: ₹7549.32
[2026-07-10 14:20:41] TRADE MATCHED: Ticker: TATAMOTORS | Buy Order: 1500 | Sell Order: 1114 | Price: ₹630.35 | Qty: 1 | Total: ₹630.35
[2026-07-10 14:20:41] TRADE MATCHED: Ticker: TATAMOTORS | Buy Order: 1501 | Sell Order: 1114 | Price: ₹630.35 | Qty: 1 | Total: ₹630.35
[2026-07-10 14:20:41] TRADE MATCHED: Ticker: TATAMOTORS | Buy Order: 1501 | Sell Order: 1039 | Price: ₹632.80 | Qty: 1 | Total: ₹632.80
[2026-07-10 14:20:45] TRADE MATCHED: Ticker: TATAMOTORS | Buy Order: 1477 | Sell Order: 1504 | Price: ₹629.00 | Qty: 5 | Total: ₹3145.00
[2026-07-10 14:20:45] TRADE MATCHED: Ticker: TATAMOTORS | Buy Order: 1503 | Sell Order: 1504 | Price: ₹627.61 | Qty: 1 | Total: ₹627.61
[2026-07-10 14:20:48] TRADE MATCHED: Ticker: SUNPHARMA | Buy Order: 1506 | Sell Order: 1495 | Price: ₹1058.21 | Qty: 6 | Total: ₹6349.26
[2026-07-10 14:20:50] TRADE MATCHED: Ticker: SUNPHARMA | Buy Order: 1506 | Sell Order: 1508 | Price: ₹1060.26 | Qty: 1 | Total: ₹1060.26
[2026-07-10 14:20:50] TRADE MATCHED: Ticker: SUNPHARMA | Buy Order: 1075 | Sell Order: 1508 | Price: ₹1054.70 | Qty: 3 | Total: ₹3164.10
[2026-07-10 14:20:52] TRADE MATCHED: Ticker: SUNPHARMA | Buy Order: 1075 | Sell Order: 1511 | Price: ₹1054.70 | Qty: 3 | Total: ₹3164.10
[2026-07-10 14:20:52] TRADE MATCHED: Ticker: SUNPHARMA | Buy Order: 640 | Sell Order: 1511 | Price: ₹1054.42 | Qty: 6 | Total: ₹6326.52
[2026-07-10 14:20:52] TRADE MATCHED: Ticker: SUNPHARMA | Buy Order: 1287 | Sell Order: 1511 | Price: ₹1054.11 | Qty: 6 | Total: ₹6324.66
[2026-07-10 14:21:01] TRADE MATCHED: Ticker: RELIANCE | Buy Order: 1519 | Sell Order: 1476 | Price: ₹2283.25 | Qty: 4 | Total: ₹9133.00
[2026-07-10 14:21:05] TRADE MATCHED: Ticker: SUNPHARMA | Buy Order: 1287 | Sell Order: 1521 | Price: ₹1054.11 | Qty: 6 | Total: ₹6324.66
[2026-07-10 14:21:06] TRADE MATCHED: Ticker: SUNPHARMA | Buy Order: 1140 | Sell Order: 1521 | Price: ₹1053.84 | Qty: 6 | Total: ₹6323.04
[2026-07-10 14:21:10] TRADE MATCHED: Ticker: TATAMOTORS | Buy Order: 1524 | Sell Order: 1039 | Price: ₹632.80 | Qty: 2 | Total: ₹1265.60
[2026-07-10 14:21:10] TRADE MATCHED: Ticker: TATAMOTORS | Buy Order: 1524 | Sell Order: 1509 | Price: ₹634.16 | Qty: 6 | Total: ₹3804.96
[2026-07-10 14:21:10] TRADE MATCHED: Ticker: TATAMOTORS | Buy Order: 1524 | Sell Order: 1487 | Price: ₹634.42 | Qty: 2 | Total: ₹1268.84
[2026-07-10 14:21:10] TRADE MATCHED: Ticker: TATAMOTORS | Buy Order: 1524 | Sell Order: 1045 | Price: ₹634.80 | Qty: 1 | Total: ₹634.80
[2026-07-10 14:21:10] TRADE MATCHED: Ticker: TATAMOTORS | Buy Order: 1525 | Sell Order: 1045 | Price: ₹634.80 | Qty: 9 | Total: ₹5713.20
[2026-07-10 14:21:13] TRADE MATCHED: Ticker: SUNPHARMA | Buy Order: 874 | Sell Order: 1527 | Price: ₹1053.76 | Qty: 10 | Total: ₹10537.60
[2026-07-10 14:21:14] TRADE MATCHED: Ticker: TATAMOTORS | Buy Order: 1528 | Sell Order: 1529 | Price: ₹630.41 | Qty: 4 | Total: ₹2521.64
[2026-07-10 14:21:14] TRADE MATCHED: Ticker: TATAMOTORS | Buy Order: 1513 | Sell Order: 1529 | Price: ₹629.94 | Qty: 2 | Total: ₹1259.88
[2026-07-10 14:21:17] TRADE MATCHED: Ticker: HDFCBANK | Buy Order: 1468 | Sell Order: 1530 | Price: ₹1562.71 | Qty: 4 | Total: ₹6250.84
[2026-07-10 14:21:17] TRADE MATCHED: Ticker: HDFCBANK | Buy Order: 741 | Sell Order: 1530 | Price: ₹1560.73 | Qty: 8 | Total: ₹12485.84
[2026-07-10 14:21:17] TRADE MATCHED: Ticker: HDFCBANK | Buy Order: 467 | Sell Order: 1530 | Price: ₹1560.66 | Qty: 3 | Total: ₹4681.98
[2026-07-10 14:21:19] TRADE MATCHED: Ticker: SUNPHARMA | Buy Order: 1262 | Sell Order: 1532 | Price: ₹1053.41 | Qty: 9 | Total: ₹9480.69
[2026-07-10 14:21:20] TRADE MATCHED: Ticker: TCS | Buy Order: 1516 | Sell Order: 1533 | Price: ₹3266.72 | Qty: 9 | Total: ₹29400.48
[2026-07-10 14:21:21] TRADE MATCHED: Ticker: RELIANCE | Buy Order: 1534 | Sell Order: 1476 | Price: ₹2283.25 | Qty: 3 | Total: ₹6849.75
[2026-07-10 14:21:27] TRADE MATCHED: Ticker: SUNPHARMA | Buy Order: 1262 | Sell Order: 1539 | Price: ₹1053.41 | Qty: 6 | Total: ₹6320.46
[2026-07-10 14:21:27] TRADE MATCHED: Ticker: SUNPHARMA | Buy Order: 1310 | Sell Order: 1539 | Price: ₹1053.37 | Qty: 3 | Total: ₹3160.11
[2026-07-10 14:21:32] TRADE MATCHED: Ticker: HDFCBANK | Buy Order: 1544 | Sell Order: 1536 | Price: ₹1562.10 | Qty: 6 | Total: ₹9372.60
[2026-07-10 14:21:33] TRADE MATCHED: Ticker: HDFCBANK | Buy Order: 1545 | Sell Order: 1536 | Price: ₹1562.10 | Qty: 8 | Total: ₹12496.80
[2026-07-10 14:21:34] TRADE MATCHED: Ticker: HDFCBANK | Buy Order: 1545 | Sell Order: 1541 | Price: ₹1570.29 | Qty: 1 | Total: ₹1570.29
[2026-07-10 14:21:34] TRADE MATCHED: Ticker: TCS | Buy Order: 1492 | Sell Order: 1546 | Price: ₹3241.09 | Qty: 3 | Total: ₹9723.27
[2026-07-10 14:21:34] TRADE MATCHED: Ticker: TCS | Buy Order: 1195 | Sell Order: 1546 | Price: ₹3229.83 | Qty: 1 | Total: ₹3229.83
[2026-07-10 14:21:34] TRADE MATCHED: Ticker: TCS | Buy Order: 1139 | Sell Order: 1546 | Price: ₹3227.66 | Qty: 9 | Total: ₹29048.94
[2026-07-10 14:21:47] TRADE MATCHED: Ticker: TATAMOTORS | Buy Order: 1513 | Sell Order: 1556 | Price: ₹629.94 | Qty: 1 | Total: ₹629.94
[2026-07-10 14:21:47] TRADE MATCHED: Ticker: TATAMOTORS | Buy Order: 1555 | Sell Order: 1556 | Price: ₹629.90 | Qty: 1 | Total: ₹629.90
[2026-07-10 14:21:50] TRADE MATCHED: Ticker: HDFCBANK | Buy Order: 467 | Sell Order: 1558 | Price: ₹1560.66 | Qty: 4 | Total: ₹6242.64
[2026-07-10 14:21:52] TRADE MATCHED: Ticker: HDFCBANK | Buy Order: 467 | Sell Order: 1560 | Price: ₹1560.66 | Qty: 2 | Total: ₹3121.32
[2026-07-10 14:21:52] TRADE MATCHED: Ticker: HDFCBANK | Buy Order: 1514 | Sell Order: 1560 | Price: ₹1560.07 | Qty: 7 | Total: ₹10920.49
[2026-07-10 14:21:56] TRADE MATCHED: Ticker: SUNPHARMA | Buy Order: 1565 | Sell Order: 1557 | Price: ₹1053.98 | Qty: 5 | Total: ₹5269.90
[2026-07-10 14:21:57] TRADE MATCHED: Ticker: SUNPHARMA | Buy Order: 1565 | Sell Order: 1449 | Price: ₹1063.39 | Qty: 5 | Total: ₹5316.95
[2026-07-10 14:21:59] TRADE MATCHED: Ticker: RELIANCE | Buy Order: 1474 | Sell Order: 1566 | Price: ₹2276.02 | Qty: 4 | Total: ₹9104.08
[2026-07-10 14:22:00] TRADE MATCHED: Ticker: SUNPHARMA | Buy Order: 1565 | Sell Order: 1567 | Price: ₹1064.16 | Qty: 3 | Total: ₹3192.48
[2026-07-10 14:22:00] TRADE MATCHED: Ticker: SUNPHARMA | Buy Order: 1310 | Sell Order: 1567 | Price: ₹1053.37 | Qty: 6 | Total: ₹6320.22
[2026-07-10 14:22:01] TRADE MATCHED: Ticker: RELIANCE | Buy Order: 1568 | Sell Order: 1476 | Price: ₹2283.25 | Qty: 3 | Total: ₹6849.75
[2026-07-10 14:22:01] TRADE MATCHED: Ticker: RELIANCE | Buy Order: 1568 | Sell Order: 1486 | Price: ₹2290.77 | Qty: 6 | Total: ₹13744.62
[2026-07-10 14:22:07] TRADE MATCHED: Ticker: TATAMOTORS | Buy Order: 1555 | Sell Order: 1573 | Price: ₹629.90 | Qty: 5 | Total: ₹3149.50
[2026-07-10 14:22:11] TRADE MATCHED: Ticker: RELIANCE | Buy Order: 1474 | Sell Order: 1577 | Price: ₹2276.02 | Qty: 1 | Total: ₹2276.02
[2026-07-10 14:22:12] TRADE MATCHED: Ticker: RELIANCE | Buy Order: 1520 | Sell Order: 1577 | Price: ₹2275.64 | Qty: 5 | Total: ₹11378.20
[2026-07-10 14:22:13] TRADE MATCHED: Ticker: TATAMOTORS | Buy Order: 1578 | Sell Order: 1535 | Price: ₹633.29 | Qty: 4 | Total: ₹2533.16
[2026-07-10 14:22:13] TRADE MATCHED: Ticker: TATAMOTORS | Buy Order: 1578 | Sell Order: 1549 | Price: ₹634.14 | Qty: 10 | Total: ₹6341.40
[2026-07-10 14:22:16] TRADE MATCHED: Ticker: TATAMOTORS | Buy Order: 1580 | Sell Order: 1549 | Price: ₹634.14 | Qty: 3 | Total: ₹1902.42
[2026-07-10 14:22:16] TRADE MATCHED: Ticker: TATAMOTORS | Buy Order: 1580 | Sell Order: 1045 | Price: ₹634.80 | Qty: 1 | Total: ₹634.80
[2026-07-10 14:22:17] TRADE MATCHED: Ticker: TATAMOTORS | Buy Order: 1580 | Sell Order: 970 | Price: ₹635.12 | Qty: 3 | Total: ₹1905.36
[2026-07-10 14:22:19] TRADE MATCHED: Ticker: RELIANCE | Buy Order: 1520 | Sell Order: 1582 | Price: ₹2275.64 | Qty: 4 | Total: ₹9102.56
[2026-07-10 14:22:19] TRADE MATCHED: Ticker: RELIANCE | Buy Order: 1505 | Sell Order: 1582 | Price: ₹2270.58 | Qty: 10 | Total: ₹22705.80
[2026-07-10 14:22:21] TRADE MATCHED: Ticker: TCS | Buy Order: 865 | Sell Order: 1584 | Price: ₹3223.84 | Qty: 9 | Total: ₹29014.56
[2026-07-10 14:22:25] TRADE MATCHED: Ticker: HDFCBANK | Buy Order: 1229 | Sell Order: 1586 | Price: ₹1560.04 | Qty: 9 | Total: ₹14040.36
[2026-07-10 14:22:33] TRADE MATCHED: Ticker: RELIANCE | Buy Order: 1505 | Sell Order: 1592 | Price: ₹2270.58 | Qty: 4 | Total: ₹9082.32
[2026-07-10 14:22:33] TRADE MATCHED: Ticker: RELIANCE | Buy Order: 1450 | Sell Order: 1592 | Price: ₹2264.43 | Qty: 2 | Total: ₹4528.86
[2026-07-10 14:22:37] TRADE MATCHED: Ticker: TCS | Buy Order: 1596 | Sell Order: 1572 | Price: ₹3238.52 | Qty: 6 | Total: ₹19431.12
[2026-07-10 14:22:37] TRADE MATCHED: Ticker: TCS | Buy Order: 1596 | Sell Order: 1590 | Price: ₹3239.94 | Qty: 2 | Total: ₹6479.88
[2026-07-10 14:22:38] TRADE MATCHED: Ticker: TATAMOTORS | Buy Order: 1555 | Sell Order: 1597 | Price: ₹629.90 | Qty: 2 | Total: ₹1259.80
[2026-07-10 14:22:38] TRADE MATCHED: Ticker: TATAMOTORS | Buy Order: 1538 | Sell Order: 1597 | Price: ₹629.42 | Qty: 6 | Total: ₹3776.52
[2026-07-10 14:22:39] TRADE MATCHED: Ticker: TCS | Buy Order: 1089 | Sell Order: 1598 | Price: ₹3223.26 | Qty: 5 | Total: ₹16116.30
[2026-07-10 14:22:39] TRADE MATCHED: Ticker: TCS | Buy Order: 1574 | Sell Order: 1598 | Price: ₹3216.87 | Qty: 6 | Total: ₹19301.22
[2026-07-10 14:22:39] TRADE MATCHED: Ticker: TCS | Buy Order: 943 | Sell Order: 1598 | Price: ₹3212.52 | Qty: 3 | Total: ₹9637.56
[2026-07-10 14:22:41] TRADE MATCHED: Ticker: HDFCBANK | Buy Order: 1599 | Sell Order: 1541 | Price: ₹1570.29 | Qty: 5 | Total: ₹7851.45
[2026-07-10 14:22:42] TRADE MATCHED: Ticker: SUNPHARMA | Buy Order: 1581 | Sell Order: 1600 | Price: ₹1057.21 | Qty: 13 | Total: ₹13743.73
[2026-07-10 14:22:42] TRADE MATCHED: Ticker: SUNPHARMA | Buy Order: 1310 | Sell Order: 1600 | Price: ₹1053.37 | Qty: 2 | Total: ₹2106.74
[2026-07-10 14:22:43] TRADE MATCHED: Ticker: SUNPHARMA | Buy Order: 1310 | Sell Order: 1601 | Price: ₹1053.37 | Qty: 4 | Total: ₹4213.48
[2026-07-10 14:22:43] TRADE MATCHED: Ticker: SUNPHARMA | Buy Order: 1382 | Sell Order: 1601 | Price: ₹1052.18 | Qty: 1 | Total: ₹1052.18
[2026-07-10 14:22:43] TRADE MATCHED: Ticker: TATAMOTORS | Buy Order: 1602 | Sell Order: 970 | Price: ₹635.12 | Qty: 6 | Total: ₹3810.72
[2026-07-10 14:22:45] TRADE MATCHED: Ticker: RELIANCE | Buy Order: 1594 | Sell Order: 1603 | Price: ₹2284.17 | Qty: 10 | Total: ₹22841.70
[2026-07-10 14:22:45] TRADE MATCHED: Ticker: RELIANCE | Buy Order: 1450 | Sell Order: 1603 | Price: ₹2264.43 | Qty: 5 | Total: ₹11322.15
[2026-07-10 14:22:46] TRADE MATCHED: Ticker: TATAMOTORS | Buy Order: 1604 | Sell Order: 1244 | Price: ₹635.12 | Qty: 12 | Total: ₹7621.44
[2026-07-10 14:22:47] TRADE MATCHED: Ticker: RELIANCE | Buy Order: 1605 | Sell Order: 1486 | Price: ₹2290.77 | Qty: 7 | Total: ₹16035.39
[2026-07-10 14:22:47] TRADE MATCHED: Ticker: RELIANCE | Buy Order: 1605 | Sell Order: 1437 | Price: ₹2291.25 | Qty: 2 | Total: ₹4582.50
[2026-07-10 14:22:47] TRADE MATCHED: Ticker: RELIANCE | Buy Order: 1605 | Sell Order: 1431 | Price: ₹2291.95 | Qty: 2 | Total: ₹4583.90
[2026-07-10 14:22:52] TRADE MATCHED: Ticker: SUNPHARMA | Buy Order: 1382 | Sell Order: 1609 | Price: ₹1052.18 | Qty: 7 | Total: ₹7365.26
[2026-07-10 14:22:52] TRADE MATCHED: Ticker: TCS | Buy Order: 1610 | Sell Order: 1590 | Price: ₹3239.94 | Qty: 5 | Total: ₹16199.70
[2026-07-10 14:22:52] TRADE MATCHED: Ticker: TCS | Buy Order: 1610 | Sell Order: 1595 | Price: ₹3240.87 | Qty: 7 | Total: ₹22686.09
[2026-07-10 14:22:56] TRADE MATCHED: Ticker: SUNPHARMA | Buy Order: 1613 | Sell Order: 1611 | Price: ₹1054.73 | Qty: 7 | Total: ₹7383.11
[2026-07-10 14:22:59] TRADE MATCHED: Ticker: TCS | Buy Order: 1615 | Sell Order: 1553 | Price: ₹3244.10 | Qty: 4 | Total: ₹12976.40
[2026-07-10 14:22:59] TRADE MATCHED: Ticker: TCS | Buy Order: 1615 | Sell Order: 1588 | Price: ₹3246.74 | Qty: 8 | Total: ₹25973.92
[2026-07-10 14:22:59] TRADE MATCHED: Ticker: RELIANCE | Buy Order: 1606 | Sell Order: 1616 | Price: ₹2287.41 | Qty: 1 | Total: ₹2287.41
[2026-07-10 14:23:02] TRADE MATCHED: Ticker: TCS | Buy Order: 1617 | Sell Order: 1588 | Price: ₹3246.74 | Qty: 4 | Total: ₹12986.96
[2026-07-10 14:23:02] TRADE MATCHED: Ticker: TCS | Buy Order: 1617 | Sell Order: 1533 | Price: ₹3247.20 | Qty: 5 | Total: ₹16236.00
[2026-07-10 14:23:04] TRADE MATCHED: Ticker: TCS | Buy Order: 1620 | Sell Order: 1533 | Price: ₹3247.20 | Qty: 1 | Total: ₹3247.20
[2026-07-10 14:23:04] TRADE MATCHED: Ticker: TCS | Buy Order: 1620 | Sell Order: 1554 | Price: ₹3250.40 | Qty: 8 | Total: ₹26003.20
[2026-07-10 14:23:04] TRADE MATCHED: Ticker: TCS | Buy Order: 1620 | Sell Order: 1579 | Price: ₹3257.72 | Qty: 5 | Total: ₹16288.60
[2026-07-10 14:23:08] TRADE MATCHED: Ticker: SUNPHARMA | Buy Order: 1622 | Sell Order: 1611 | Price: ₹1054.73 | Qty: 8 | Total: ₹8437.84
[2026-07-10 14:23:08] TRADE MATCHED: Ticker: SUNPHARMA | Buy Order: 1622 | Sell Order: 1608 | Price: ₹1066.50 | Qty: 2 | Total: ₹2133.00
[2026-07-10 14:23:13] TRADE MATCHED: Ticker: HDFCBANK | Buy Order: 1229 | Sell Order: 1625 | Price: ₹1560.04 | Qty: 2 | Total: ₹3120.08
[2026-07-10 14:23:13] TRADE MATCHED: Ticker: HDFCBANK | Buy Order: 1127 | Sell Order: 1625 | Price: ₹1559.92 | Qty: 7 | Total: ₹10919.44
[2026-07-10 14:23:13] TRADE MATCHED: Ticker: HDFCBANK | Buy Order: 1407 | Sell Order: 1625 | Price: ₹1559.67 | Qty: 4 | Total: ₹6238.68
[2026-07-10 14:23:13] TRADE MATCHED: Ticker: HDFCBANK | Buy Order: 1407 | Sell Order: 1627 | Price: ₹1559.67 | Qty: 1 | Total: ₹1559.67
[2026-07-10 14:23:14] TRADE MATCHED: Ticker: HDFCBANK | Buy Order: 1461 | Sell Order: 1627 | Price: ₹1559.42 | Qty: 13 | Total: ₹20272.46
[2026-07-10 14:23:14] TRADE MATCHED: Ticker: HDFCBANK | Buy Order: 742 | Sell Order: 1627 | Price: ₹1558.84 | Qty: 1 | Total: ₹1558.84
[2026-07-10 14:23:16] TRADE MATCHED: Ticker: TCS | Buy Order: 1621 | Sell Order: 1628 | Price: ₹3214.29 | Qty: 6 | Total: ₹19285.74
[2026-07-10 14:23:23] TRADE MATCHED: Ticker: HDFCBANK | Buy Order: 742 | Sell Order: 1634 | Price: ₹1558.84 | Qty: 3 | Total: ₹4676.52
[2026-07-10 14:23:25] TRADE MATCHED: Ticker: TCS | Buy Order: 1621 | Sell Order: 1635 | Price: ₹3214.29 | Qty: 4 | Total: ₹12857.16
[2026-07-10 14:23:25] TRADE MATCHED: Ticker: TCS | Buy Order: 1301 | Sell Order: 1635 | Price: ₹3209.52 | Qty: 10 | Total: ₹32095.20
[2026-07-10 14:23:29] TRADE MATCHED: Ticker: HDFCBANK | Buy Order: 1639 | Sell Order: 1633 | Price: ₹1568.14 | Qty: 4 | Total: ₹6272.56
[2026-07-10 14:23:29] TRADE MATCHED: Ticker: HDFCBANK | Buy Order: 1639 | Sell Order: 1569 | Price: ₹1574.45 | Qty: 3 | Total: ₹4723.35
[2026-07-10 14:23:37] TRADE MATCHED: Ticker: TCS | Buy Order: 1644 | Sell Order: 1629 | Price: ₹3218.04 | Qty: 7 | Total: ₹22526.28
[2026-07-10 14:23:37] TRADE MATCHED: Ticker: TCS | Buy Order: 1644 | Sell Order: 1579 | Price: ₹3257.72 | Qty: 5 | Total: ₹16288.60
[2026-07-10 14:23:38] TRADE MATCHED: Ticker: TATAMOTORS | Buy Order: 1538 | Sell Order: 1645 | Price: ₹629.42 | Qty: 1 | Total: ₹629.42
[2026-07-10 14:23:39] TRADE MATCHED: Ticker: SUNPHARMA | Buy Order: 1382 | Sell Order: 1646 | Price: ₹1052.18 | Qty: 3 | Total: ₹3156.54
[2026-07-10 14:23:41] TRADE MATCHED: Ticker: TATAMOTORS | Buy Order: 1647 | Sell Order: 1612 | Price: ₹630.26 | Qty: 11 | Total: ₹6932.86
[2026-07-10 14:23:43] TRADE MATCHED: Ticker: SUNPHARMA | Buy Order: 1648 | Sell Order: 1638 | Price: ₹1061.54 | Qty: 5 | Total: ₹5307.70
[2026-07-10 14:23:44] TRADE MATCHED: Ticker: TATAMOTORS | Buy Order: 1649 | Sell Order: 1612 | Price: ₹630.26 | Qty: 1 | Total: ₹630.26
[2026-07-10 14:23:49] TRADE MATCHED: Ticker: TATAMOTORS | Buy Order: 1649 | Sell Order: 1653 | Price: ₹630.26 | Qty: 7 | Total: ₹4411.82
[2026-07-10 14:23:49] TRADE MATCHED: Ticker: TATAMOTORS | Buy Order: 1538 | Sell Order: 1653 | Price: ₹629.42 | Qty: 4 | Total: ₹2517.68
[2026-07-10 14:23:49] TRADE MATCHED: Ticker: TATAMOTORS | Buy Order: 1571 | Sell Order: 1653 | Price: ₹628.17 | Qty: 2 | Total: ₹1256.34
[2026-07-10 14:23:52] TRADE MATCHED: Ticker: HDFCBANK | Buy Order: 1655 | Sell Order: 1650 | Price: ₹1571.41 | Qty: 6 | Total: ₹9428.46
[2026-07-10 14:23:52] TRADE MATCHED: Ticker: HDFCBANK | Buy Order: 1655 | Sell Order: 1569 | Price: ₹1574.45 | Qty: 8 | Total: ₹12595.60
[2026-07-10 14:23:53] TRADE MATCHED: Ticker: TCS | Buy Order: 1656 | Sell Order: 1579 | Price: ₹3257.72 | Qty: 5 | Total: ₹16288.60
[2026-07-10 14:23:55] TRADE MATCHED: Ticker: TCS | Buy Order: 1658 | Sell Order: 1657 | Price: ₹3254.92 | Qty: 6 | Total: ₹19529.52
[2026-07-10 14:24:02] TRADE MATCHED: Ticker: TATAMOTORS | Buy Order: 1571 | Sell Order: 1663 | Price: ₹628.17 | Qty: 7 | Total: ₹4397.19
[2026-07-10 14:24:02] TRADE MATCHED: Ticker: TATAMOTORS | Buy Order: 1503 | Sell Order: 1663 | Price: ₹627.61 | Qty: 4 | Total: ₹2510.44
[2026-07-10 14:24:02] TRADE MATCHED: Ticker: RELIANCE | Buy Order: 1662 | Sell Order: 1431 | Price: ₹2291.95 | Qty: 4 | Total: ₹9167.80
[2026-07-10 14:24:03] TRADE MATCHED: Ticker: RELIANCE | Buy Order: 1662 | Sell Order: 1290 | Price: ₹2293.33 | Qty: 1 | Total: ₹2293.33
[2026-07-10 14:24:07] TRADE MATCHED: Ticker: HDFCBANK | Buy Order: 1667 | Sell Order: 1569 | Price: ₹1574.45 | Qty: 3 | Total: ₹4723.35
[2026-07-10 14:24:08] TRADE MATCHED: Ticker: TCS | Buy Order: 1668 | Sell Order: 1564 | Price: ₹3261.96 | Qty: 12 | Total: ₹39143.52
[2026-07-10 14:24:10] TRADE MATCHED: Ticker: TCS | Buy Order: 1670 | Sell Order: 1564 | Price: ₹3261.96 | Qty: 3 | Total: ₹9785.88
[2026-07-10 14:24:11] TRADE MATCHED: Ticker: TCS | Buy Order: 1670 | Sell Order: 1661 | Price: ₹3262.51 | Qty: 4 | Total: ₹13050.04
[2026-07-10 14:24:11] TRADE MATCHED: Ticker: HDFCBANK | Buy Order: 1641 | Sell Order: 1671 | Price: ₹1567.71 | Qty: 2 | Total: ₹3135.42
[2026-07-10 14:24:12] TRADE MATCHED: Ticker: HDFCBANK | Buy Order: 1543 | Sell Order: 1671 | Price: ₹1556.68 | Qty: 6 | Total: ₹9340.08
[2026-07-10 14:24:12] TRADE MATCHED: Ticker: HDFCBANK | Buy Order: 719 | Sell Order: 1671 | Price: ₹1554.37 | Qty: 2 | Total: ₹3108.74
[2026-07-10 14:24:22] TRADE MATCHED: Ticker: TCS | Buy Order: 1099 | Sell Order: 1679 | Price: ₹3208.15 | Qty: 2 | Total: ₹6416.30
[2026-07-10 14:24:24] TRADE MATCHED: Ticker: RELIANCE | Buy Order: 1606 | Sell Order: 1680 | Price: ₹2287.41 | Qty: 1 | Total: ₹2287.41
[2026-07-10 14:24:27] TRADE MATCHED: Ticker: RELIANCE | Buy Order: 1682 | Sell Order: 1290 | Price: ₹2293.33 | Qty: 7 | Total: ₹16053.31
[2026-07-10 14:24:29] TRADE MATCHED: Ticker: SUNPHARMA | Buy Order: 1674 | Sell Order: 1683 | Price: ₹1060.71 | Qty: 3 | Total: ₹3182.13
[2026-07-10 14:24:29] TRADE MATCHED: Ticker: SUNPHARMA | Buy Order: 1382 | Sell Order: 1683 | Price: ₹1052.18 | Qty: 1 | Total: ₹1052.18
[2026-07-10 14:24:29] TRADE MATCHED: Ticker: RELIANCE | Buy Order: 1685 | Sell Order: 1290 | Price: ₹2293.33 | Qty: 2 | Total: ₹4586.66
[2026-07-10 14:24:29] TRADE MATCHED: Ticker: RELIANCE | Buy Order: 1685 | Sell Order: 1271 | Price: ₹2294.68 | Qty: 3 | Total: ₹6884.04
[2026-07-10 14:24:29] TRADE MATCHED: Ticker: RELIANCE | Buy Order: 1685 | Sell Order: 1124 | Price: ₹2296.23 | Qty: 6 | Total: ₹13777.38
[2026-07-10 14:24:29] TRADE MATCHED: Ticker: RELIANCE | Buy Order: 1685 | Sell Order: 1429 | Price: ₹2296.26 | Qty: 1 | Total: ₹2296.26
[2026-07-10 14:24:32] TRADE MATCHED: Ticker: HDFCBANK | Buy Order: 719 | Sell Order: 1687 | Price: ₹1554.37 | Qty: 5 | Total: ₹7771.85
[2026-07-10 14:24:32] TRADE MATCHED: Ticker: RELIANCE | Buy Order: 1688 | Sell Order: 1429 | Price: ₹2296.26 | Qty: 1 | Total: ₹2296.26
[2026-07-10 14:24:32] TRADE MATCHED: Ticker: RELIANCE | Buy Order: 1688 | Sell Order: 1454 | Price: ₹2297.89 | Qty: 3 | Total: ₹6893.67
[2026-07-10 14:24:35] TRADE MATCHED: Ticker: TCS | Buy Order: 1689 | Sell Order: 1686 | Price: ₹3217.71 | Qty: 10 | Total: ₹32177.10
[2026-07-10 14:24:39] TRADE MATCHED: Ticker: RELIANCE | Buy Order: 1692 | Sell Order: 1454 | Price: ₹2297.89 | Qty: 3 | Total: ₹6893.67
[2026-07-10 14:24:47] TRADE MATCHED: Ticker: TATAMOTORS | Buy Order: 1503 | Sell Order: 1699 | Price: ₹627.61 | Qty: 1 | Total: ₹627.61
[2026-07-10 14:24:50] TRADE MATCHED: Ticker: TCS | Buy Order: 1099 | Sell Order: 1700 | Price: ₹3208.15 | Qty: 2 | Total: ₹6416.30
[2026-07-10 14:24:52] TRADE MATCHED: Ticker: TATAMOTORS | Buy Order: 1503 | Sell Order: 1702 | Price: ₹627.61 | Qty: 2 | Total: ₹1255.22
[2026-07-10 14:24:52] TRADE MATCHED: Ticker: RELIANCE | Buy Order: 1606 | Sell Order: 1703 | Price: ₹2287.41 | Qty: 2 | Total: ₹4574.82
[2026-07-10 14:24:52] TRADE MATCHED: Ticker: RELIANCE | Buy Order: 1696 | Sell Order: 1703 | Price: ₹2274.62 | Qty: 6 | Total: ₹13647.72
[2026-07-10 14:24:59] TRADE MATCHED: Ticker: TCS | Buy Order: 1099 | Sell Order: 1708 | Price: ₹3208.15 | Qty: 1 | Total: ₹3208.15
[2026-07-10 14:25:01] TRADE MATCHED: Ticker: HDFCBANK | Buy Order: 719 | Sell Order: 1710 | Price: ₹1554.37 | Qty: 1 | Total: ₹1554.37
[2026-07-10 14:25:08] TRADE MATCHED: Ticker: TCS | Buy Order: 1715 | Sell Order: 1695 | Price: ₹3213.97 | Qty: 12 | Total: ₹38567.64
[2026-07-10 14:25:08] TRADE MATCHED: Ticker: TCS | Buy Order: 1715 | Sell Order: 1686 | Price: ₹3217.71 | Qty: 1 | Total: ₹3217.71
[2026-07-10 14:25:08] TRADE MATCHED: Ticker: RELIANCE | Buy Order: 1696 | Sell Order: 1716 | Price: ₹2274.62 | Qty: 1 | Total: ₹2274.62
[2026-07-10 14:25:08] TRADE MATCHED: Ticker: RELIANCE | Buy Order: 1450 | Sell Order: 1716 | Price: ₹2264.43 | Qty: 1 | Total: ₹2264.43
[2026-07-10 14:25:15] TRADE MATCHED: Ticker: TATAMOTORS | Buy Order: 1721 | Sell Order: 1697 | Price: ₹631.65 | Qty: 2 | Total: ₹1263.30
[2026-07-10 14:25:17] TRADE MATCHED: Ticker: RELIANCE | Buy Order: 1623 | Sell Order: 1723 | Price: ₹2261.53 | Qty: 2 | Total: ₹4523.06
[2026-07-10 14:25:20] TRADE MATCHED: Ticker: SUNPHARMA | Buy Order: 1079 | Sell Order: 1724 | Price: ₹1050.99 | Qty: 2 | Total: ₹2101.98
[2026-07-10 14:25:20] TRADE MATCHED: Ticker: SUNPHARMA | Buy Order: 1414 | Sell Order: 1724 | Price: ₹1050.50 | Qty: 2 | Total: ₹2101.00
[2026-07-10 14:25:20] TRADE MATCHED: Ticker: SUNPHARMA | Buy Order: 424 | Sell Order: 1724 | Price: ₹1050.41 | Qty: 3 | Total: ₹3151.23
[2026-07-10 14:25:20] TRADE MATCHED: Ticker: SUNPHARMA | Buy Order: 1659 | Sell Order: 1724 | Price: ₹1049.57 | Qty: 6 | Total: ₹6297.42
[2026-07-10 14:25:23] TRADE MATCHED: Ticker: SUNPHARMA | Buy Order: 1726 | Sell Order: 1691 | Price: ₹1053.76 | Qty: 5 | Total: ₹5268.80
[2026-07-10 14:25:23] TRADE MATCHED: Ticker: TCS | Buy Order: 1727 | Sell Order: 1711 | Price: ₹3255.14 | Qty: 9 | Total: ₹29296.26
[2026-07-10 14:25:26] TRADE MATCHED: Ticker: RELIANCE | Buy Order: 1623 | Sell Order: 1730 | Price: ₹2261.53 | Qty: 1 | Total: ₹2261.53
[2026-07-10 14:25:26] TRADE MATCHED: Ticker: RELIANCE | Buy Order: 1489 | Sell Order: 1730 | Price: ₹2256.08 | Qty: 1 | Total: ₹2256.08
[2026-07-10 14:25:26] TRADE MATCHED: Ticker: RELIANCE | Buy Order: 408 | Sell Order: 1730 | Price: ₹2255.61 | Qty: 4 | Total: ₹9022.44
[2026-07-10 14:25:26] TRADE MATCHED: Ticker: RELIANCE | Buy Order: 1328 | Sell Order: 1730 | Price: ₹2254.89 | Qty: 8 | Total: ₹18039.12
[2026-07-10 14:25:29] TRADE MATCHED: Ticker: SUNPHARMA | Buy Order: 1731 | Sell Order: 1713 | Price: ₹1057.67 | Qty: 1 | Total: ₹1057.67
[2026-07-10 14:25:29] TRADE MATCHED: Ticker: SUNPHARMA | Buy Order: 1731 | Sell Order: 1638 | Price: ₹1061.54 | Qty: 5 | Total: ₹5307.70
[2026-07-10 14:25:29] TRADE MATCHED: Ticker: SUNPHARMA | Buy Order: 1731 | Sell Order: 1652 | Price: ₹1062.32 | Qty: 1 | Total: ₹1062.32
[2026-07-10 14:25:29] TRADE MATCHED: Ticker: SUNPHARMA | Buy Order: 1731 | Sell Order: 1608 | Price: ₹1066.50 | Qty: 3 | Total: ₹3199.50
[2026-07-10 14:25:30] TRADE MATCHED: Ticker: TATAMOTORS | Buy Order: 1503 | Sell Order: 1732 | Price: ₹627.61 | Qty: 4 | Total: ₹2510.44
[2026-07-10 14:25:30] TRADE MATCHED: Ticker: TATAMOTORS | Buy Order: 1488 | Sell Order: 1732 | Price: ₹625.76 | Qty: 6 | Total: ₹3754.56
[2026-07-10 14:25:34] TRADE MATCHED: Ticker: TATAMOTORS | Buy Order: 1735 | Sell Order: 1697 | Price: ₹631.65 | Qty: 1 | Total: ₹631.65
[2026-07-10 14:25:37] TRADE MATCHED: Ticker: TATAMOTORS | Buy Order: 1735 | Sell Order: 1739 | Price: ₹633.47 | Qty: 2 | Total: ₹1266.94
[2026-07-10 14:25:38] TRADE MATCHED: Ticker: HDFCBANK | Buy Order: 1740 | Sell Order: 1722 | Price: ₹1557.35 | Qty: 4 | Total: ₹6229.40
[2026-07-10 14:25:39] TRADE MATCHED: Ticker: HDFCBANK | Buy Order: 1740 | Sell Order: 1741 | Price: ₹1559.00 | Qty: 1 | Total: ₹1559.00
[2026-07-10 14:25:40] TRADE MATCHED: Ticker: HDFCBANK | Buy Order: 719 | Sell Order: 1741 | Price: ₹1554.37 | Qty: 3 | Total: ₹4663.11
[2026-07-10 14:25:40] TRADE MATCHED: Ticker: HDFCBANK | Buy Order: 1562 | Sell Order: 1741 | Price: ₹1554.21 | Qty: 2 | Total: ₹3108.42
[2026-07-10 14:25:40] TRADE MATCHED: Ticker: HDFCBANK | Buy Order: 816 | Sell Order: 1741 | Price: ₹1553.69 | Qty: 5 | Total: ₹7768.45
[2026-07-10 14:25:40] TRADE MATCHED: Ticker: HDFCBANK | Buy Order: 1510 | Sell Order: 1741 | Price: ₹1553.69 | Qty: 2 | Total: ₹3107.38
[2026-07-10 14:25:44] TRADE MATCHED: Ticker: SUNPHARMA | Buy Order: 1744 | Sell Order: 1737 | Price: ₹1056.81 | Qty: 3 | Total: ₹3170.43
[2026-07-10 14:25:44] TRADE MATCHED: Ticker: RELIANCE | Buy Order: 1328 | Sell Order: 1745 | Price: ₹2254.89 | Qty: 1 | Total: ₹2254.89
[2026-07-10 14:25:44] TRADE MATCHED: Ticker: RELIANCE | Buy Order: 1003 | Sell Order: 1745 | Price: ₹2254.38 | Qty: 11 | Total: ₹24798.18
[2026-07-10 14:25:49] TRADE MATCHED: Ticker: TATAMOTORS | Buy Order: 1748 | Sell Order: 1618 | Price: ₹633.55 | Qty: 1 | Total: ₹633.55
[2026-07-10 14:25:49] TRADE MATCHED: Ticker: HDFCBANK | Buy Order: 1749 | Sell Order: 1717 | Price: ₹1566.56 | Qty: 1 | Total: ₹1566.56
[2026-07-10 14:25:51] TRADE MATCHED: Ticker: RELIANCE | Buy Order: 1750 | Sell Order: 1716 | Price: ₹2262.52 | Qty: 10 | Total: ₹22625.20
[2026-07-10 14:25:56] TRADE MATCHED: Ticker: RELIANCE | Buy Order: 1753 | Sell Order: 1716 | Price: ₹2262.52 | Qty: 1 | Total: ₹2262.52
[2026-07-10 14:25:56] TRADE MATCHED: Ticker: SUNPHARMA | Buy Order: 1659 | Sell Order: 1754 | Price: ₹1049.57 | Qty: 2 | Total: ₹2099.14
[2026-07-10 14:25:56] TRADE MATCHED: Ticker: SUNPHARMA | Buy Order: 1324 | Sell Order: 1754 | Price: ₹1047.19 | Qty: 1 | Total: ₹1047.19
[2026-07-10 14:25:56] TRADE MATCHED: Ticker: SUNPHARMA | Buy Order: 1704 | Sell Order: 1754 | Price: ₹1046.56 | Qty: 2 | Total: ₹2093.12
[2026-07-10 14:25:56] TRADE MATCHED: Ticker: SUNPHARMA | Buy Order: 886 | Sell Order: 1754 | Price: ₹1046.32 | Qty: 6 | Total: ₹6277.92
[2026-07-10 14:26:02] TRADE MATCHED: Ticker: TCS | Buy Order: 1099 | Sell Order: 1760 | Price: ₹3208.15 | Qty: 5 | Total: ₹16040.75
[2026-07-10 14:26:02] TRADE MATCHED: Ticker: TCS | Buy Order: 1143 | Sell Order: 1760 | Price: ₹3207.87 | Qty: 1 | Total: ₹3207.87
[2026-07-10 14:26:05] TRADE MATCHED: Ticker: TCS | Buy Order: 1690 | Sell Order: 1761 | Price: ₹3207.06 | Qty: 4 | Total: ₹12828.24
[2026-07-10 14:26:05] TRADE MATCHED: Ticker: TCS | Buy Order: 1211 | Sell Order: 1761 | Price: ₹3205.01 | Qty: 5 | Total: ₹16025.05
[2026-07-10 14:26:11] TRADE MATCHED: Ticker: HDFCBANK | Buy Order: 1765 | Sell Order: 1717 | Price: ₹1566.56 | Qty: 6 | Total: ₹9399.36
[2026-07-10 14:26:11] TRADE MATCHED: Ticker: SUNPHARMA | Buy Order: 886 | Sell Order: 1766 | Price: ₹1046.32 | Qty: 2 | Total: ₹2092.64
[2026-07-10 14:26:11] TRADE MATCHED: Ticker: SUNPHARMA | Buy Order: 1088 | Sell Order: 1766 | Price: ₹1046.00 | Qty: 3 | Total: ₹3138.00
[2026-07-10 14:26:11] TRADE MATCHED: Ticker: SUNPHARMA | Buy Order: 1707 | Sell Order: 1766 | Price: ₹1045.45 | Qty: 2 | Total: ₹2090.90
[2026-07-10 14:26:18] TRADE MATCHED: Ticker: HDFCBANK | Buy Order: 1771 | Sell Order: 1717 | Price: ₹1566.56 | Qty: 1 | Total: ₹1566.56
[2026-07-10 14:26:20] TRADE MATCHED: Ticker: SUNPHARMA | Buy Order: 1707 | Sell Order: 1772 | Price: ₹1045.45 | Qty: 2 | Total: ₹2090.90
[2026-07-10 14:26:20] TRADE MATCHED: Ticker: SUNPHARMA | Buy Order: 1676 | Sell Order: 1772 | Price: ₹1044.81 | Qty: 3 | Total: ₹3134.43
[2026-07-10 14:26:20] TRADE MATCHED: Ticker: SUNPHARMA | Buy Order: 1157 | Sell Order: 1772 | Price: ₹1043.69 | Qty: 2 | Total: ₹2087.38
[2026-07-10 14:26:20] TRADE MATCHED: Ticker: HDFCBANK | Buy Order: 1771 | Sell Order: 1773 | Price: ₹1567.97 | Qty: 5 | Total: ₹7839.85
[2026-07-10 14:26:21] TRADE MATCHED: Ticker: HDFCBANK | Buy Order: 1763 | Sell Order: 1773 | Price: ₹1558.99 | Qty: 1 | Total: ₹1558.99
[2026-07-10 14:26:22] TRADE MATCHED: Ticker: RELIANCE | Buy Order: 1753 | Sell Order: 1774 | Price: ₹2282.91 | Qty: 7 | Total: ₹15980.37
[2026-07-10 14:26:25] TRADE MATCHED: Ticker: SUNPHARMA | Buy Order: 1157 | Sell Order: 1778 | Price: ₹1043.69 | Qty: 12 | Total: ₹12524.28
[2026-07-10 14:26:25] TRADE MATCHED: Ticker: SUNPHARMA | Buy Order: 1758 | Sell Order: 1778 | Price: ₹1042.85 | Qty: 3 | Total: ₹3128.55
[2026-07-10 14:26:28] TRADE MATCHED: Ticker: TCS | Buy Order: 1211 | Sell Order: 1780 | Price: ₹3205.01 | Qty: 10 | Total: ₹32050.10
[2026-07-10 14:26:28] TRADE MATCHED: Ticker: TCS | Buy Order: 1169 | Sell Order: 1780 | Price: ₹3202.02 | Qty: 1 | Total: ₹3202.02
[2026-07-10 14:26:35] TRADE MATCHED: Ticker: SUNPHARMA | Buy Order: 1758 | Sell Order: 1786 | Price: ₹1042.85 | Qty: 8 | Total: ₹8342.80
[2026-07-10 14:26:37] TRADE MATCHED: Ticker: RELIANCE | Buy Order: 1788 | Sell Order: 1774 | Price: ₹2255.20 | Qty: 2 | Total: ₹4510.40
[2026-07-10 14:26:39] TRADE MATCHED: Ticker: TATAMOTORS | Buy Order: 1735 | Sell Order: 1791 | Price: ₹633.47 | Qty: 2 | Total: ₹1266.94
[2026-07-10 14:26:39] TRADE MATCHED: Ticker: HDFCBANK | Buy Order: 1783 | Sell Order: 1792 | Price: ₹1572.19 | Qty: 1 | Total: ₹1572.19
[2026-07-10 14:26:39] TRADE MATCHED: Ticker: HDFCBANK | Buy Order: 1763 | Sell Order: 1792 | Price: ₹1558.99 | Qty: 6 | Total: ₹9353.94
[2026-07-10 14:26:50] TRADE MATCHED: Ticker: TATAMOTORS | Buy Order: 1735 | Sell Order: 1801 | Price: ₹633.47 | Qty: 6 | Total: ₹3800.82
[2026-07-10 14:26:52] TRADE MATCHED: Ticker: SUNPHARMA | Buy Order: 1802 | Sell Order: 1770 | Price: ₹1049.90 | Qty: 2 | Total: ₹2099.80
[2026-07-10 14:26:52] TRADE MATCHED: Ticker: SUNPHARMA | Buy Order: 1803 | Sell Order: 1770 | Price: ₹1049.90 | Qty: 6 | Total: ₹6299.40
[2026-07-10 14:26:57] TRADE MATCHED: Ticker: SUNPHARMA | Buy Order: 1806 | Sell Order: 1770 | Price: ₹1049.90 | Qty: 6 | Total: ₹6299.40
[2026-07-10 14:26:58] TRADE MATCHED: Ticker: TCS | Buy Order: 1795 | Sell Order: 1807 | Price: ₹3223.07 | Qty: 7 | Total: ₹22561.49
[2026-07-10 14:26:58] TRADE MATCHED: Ticker: TCS | Buy Order: 1805 | Sell Order: 1807 | Price: ₹3222.10 | Qty: 6 | Total: ₹19332.60
[2026-07-10 14:27:01] TRADE MATCHED: Ticker: TATAMOTORS | Buy Order: 1775 | Sell Order: 1810 | Price: ₹626.22 | Qty: 2 | Total: ₹1252.44
[2026-07-10 14:27:02] TRADE MATCHED: Ticker: RELIANCE | Buy Order: 1811 | Sell Order: 1774 | Price: ₹2255.20 | Qty: 2 | Total: ₹4510.40
[2026-07-10 14:27:05] TRADE MATCHED: Ticker: RELIANCE | Buy Order: 1003 | Sell Order: 1814 | Price: ₹2254.38 | Qty: 2 | Total: ₹4508.76
[2026-07-10 14:27:05] TRADE MATCHED: Ticker: RELIANCE | Buy Order: 1365 | Sell Order: 1814 | Price: ₹2254.23 | Qty: 3 | Total: ₹6762.69
[2026-07-10 14:27:05] TRADE MATCHED: Ticker: RELIANCE | Buy Order: 1393 | Sell Order: 1814 | Price: ₹2254.03 | Qty: 3 | Total: ₹6762.09
[2026-07-10 14:27:08] TRADE MATCHED: Ticker: RELIANCE | Buy Order: 1816 | Sell Order: 1774 | Price: ₹2255.20 | Qty: 1 | Total: ₹2255.20
[2026-07-10 14:27:08] TRADE MATCHED: Ticker: RELIANCE | Buy Order: 1816 | Sell Order: 1797 | Price: ₹2259.40 | Qty: 2 | Total: ₹4518.80
[2026-07-10 14:27:08] TRADE MATCHED: Ticker: RELIANCE | Buy Order: 1816 | Sell Order: 1809 | Price: ₹2265.35 | Qty: 4 | Total: ₹9061.40
[2026-07-10 14:27:08] TRADE MATCHED: Ticker: RELIANCE | Buy Order: 1816 | Sell Order: 1784 | Price: ₹2270.08 | Qty: 6 | Total: ₹13620.48
[2026-07-10 14:27:09] TRADE MATCHED: Ticker: SUNPHARMA | Buy Order: 1818 | Sell Order: 1796 | Price: ₹1052.33 | Qty: 8 | Total: ₹8418.64
[2026-07-10 14:27:14] TRADE MATCHED: Ticker: SUNPHARMA | Buy Order: 1820 | Sell Order: 1796 | Price: ₹1052.33 | Qty: 1 | Total: ₹1052.33
[2026-07-10 14:27:16] TRADE MATCHED: Ticker: HDFCBANK | Buy Order: 1822 | Sell Order: 1799 | Price: ₹1562.16 | Qty: 8 | Total: ₹12497.28
[2026-07-10 14:27:19] TRADE MATCHED: Ticker: TCS | Buy Order: 1824 | Sell Order: 1825 | Price: ₹3234.15 | Qty: 8 | Total: ₹25873.20
[2026-07-10 14:27:22] TRADE MATCHED: Ticker: SUNPHARMA | Buy Order: 1826 | Sell Order: 1796 | Price: ₹1052.33 | Qty: 6 | Total: ₹6313.98
[2026-07-10 14:27:24] TRADE MATCHED: Ticker: HDFCBANK | Buy Order: 1822 | Sell Order: 1829 | Price: ₹1573.11 | Qty: 1 | Total: ₹1573.11
[2026-07-10 14:27:24] TRADE MATCHED: Ticker: TCS | Buy Order: 1830 | Sell Order: 1804 | Price: ₹3234.74 | Qty: 8 | Total: ₹25877.92
[2026-07-10 14:27:25] TRADE MATCHED: Ticker: HDFCBANK | Buy Order: 1822 | Sell Order: 1831 | Price: ₹1573.11 | Qty: 3 | Total: ₹4719.33
[2026-07-10 14:27:26] TRADE MATCHED: Ticker: SUNPHARMA | Buy Order: 1826 | Sell Order: 1832 | Price: ₹1052.88 | Qty: 4 | Total: ₹4211.52
[2026-07-10 14:27:26] TRADE MATCHED: Ticker: SUNPHARMA | Buy Order: 1806 | Sell Order: 1832 | Price: ₹1050.54 | Qty: 1 | Total: ₹1050.54
[2026-07-10 14:27:29] TRADE MATCHED: Ticker: TCS | Buy Order: 1824 | Sell Order: 1834 | Price: ₹3234.15 | Qty: 4 | Total: ₹12936.60
[2026-07-10 14:27:31] TRADE MATCHED: Ticker: TATAMOTORS | Buy Order: 1835 | Sell Order: 1833 | Price: ₹627.95 | Qty: 8 | Total: ₹5023.60
[2026-07-10 14:27:31] TRADE MATCHED: Ticker: TATAMOTORS | Buy Order: 1835 | Sell Order: 1618 | Price: ₹633.55 | Qty: 3 | Total: ₹1900.65
[2026-07-10 14:27:32] TRADE MATCHED: Ticker: SUNPHARMA | Buy Order: 1806 | Sell Order: 1836 | Price: ₹1050.54 | Qty: 6 | Total: ₹6303.24
[2026-07-10 14:27:32] TRADE MATCHED: Ticker: TATAMOTORS | Buy Order: 1837 | Sell Order: 1618 | Price: ₹633.55 | Qty: 2 | Total: ₹1267.10
[2026-07-10 14:27:32] TRADE MATCHED: Ticker: TATAMOTORS | Buy Order: 1837 | Sell Order: 1684 | Price: ₹633.76 | Qty: 1 | Total: ₹633.76
[2026-07-10 14:27:37] TRADE MATCHED: Ticker: SUNPHARMA | Buy Order: 1828 | Sell Order: 1840 | Price: ₹1046.66 | Qty: 2 | Total: ₹2093.32
[2026-07-10 14:27:39] TRADE MATCHED: Ticker: TCS | Buy Order: 1824 | Sell Order: 1841 | Price: ₹3234.15 | Qty: 1 | Total: ₹3234.15
[2026-07-10 14:27:42] TRADE MATCHED: Ticker: TATAMOTORS | Buy Order: 1844 | Sell Order: 1843 | Price: ₹628.68 | Qty: 1 | Total: ₹628.68
[2026-07-10 14:27:45] TRADE MATCHED: Ticker: RELIANCE | Buy Order: 1845 | Sell Order: 1784 | Price: ₹2270.08 | Qty: 8 | Total: ₹18160.64
[2026-07-10 14:27:45] TRADE MATCHED: Ticker: HDFCBANK | Buy Order: 1846 | Sell Order: 1779 | Price: ₹1573.51 | Qty: 2 | Total: ₹3147.02
[2026-07-10 14:27:50] TRADE MATCHED: Ticker: TATAMOTORS | Buy Order: 1775 | Sell Order: 1850 | Price: ₹626.22 | Qty: 9 | Total: ₹5635.98
[2026-07-10 14:27:52] TRADE MATCHED: Ticker: HDFCBANK | Buy Order: 1822 | Sell Order: 1851 | Price: ₹1573.11 | Qty: 3 | Total: ₹4719.33
[2026-07-10 14:27:52] TRADE MATCHED: Ticker: HDFCBANK | Buy Order: 1838 | Sell Order: 1851 | Price: ₹1566.69 | Qty: 10 | Total: ₹15666.90
[2026-07-10 14:27:54] TRADE MATCHED: Ticker: SUNPHARMA | Buy Order: 1828 | Sell Order: 1854 | Price: ₹1046.66 | Qty: 10 | Total: ₹10466.60
[2026-07-10 14:27:59] TRADE MATCHED: Ticker: RELIANCE | Buy Order: 1393 | Sell Order: 1858 | Price: ₹2254.03 | Qty: 1 | Total: ₹2254.03
[2026-07-10 14:28:02] TRADE MATCHED: Ticker: SUNPHARMA | Buy Order: 1860 | Sell Order: 1854 | Price: ₹1046.40 | Qty: 4 | Total: ₹4185.60
[2026-07-10 14:28:02] TRADE MATCHED: Ticker: SUNPHARMA | Buy Order: 1860 | Sell Order: 1836 | Price: ₹1050.24 | Qty: 3 | Total: ₹3150.72
[2026-07-10 14:28:02] TRADE MATCHED: Ticker: SUNPHARMA | Buy Order: 1860 | Sell Order: 1852 | Price: ₹1050.28 | Qty: 2 | Total: ₹2100.56
[2026-07-10 14:28:02] TRADE MATCHED: Ticker: TATAMOTORS | Buy Order: 1861 | Sell Order: 1850 | Price: ₹624.79 | Qty: 4 | Total: ₹2499.16
[2026-07-10 14:28:04] TRADE MATCHED: Ticker: SUNPHARMA | Buy Order: 1863 | Sell Order: 1852 | Price: ₹1050.28 | Qty: 7 | Total: ₹7351.96
[2026-07-10 14:28:06] TRADE MATCHED: Ticker: TATAMOTORS | Buy Order: 1540 | Sell Order: 1864 | Price: ₹624.41 | Qty: 13 | Total: ₹8117.33
[2026-07-10 14:28:06] TRADE MATCHED: Ticker: TATAMOTORS | Buy Order: 1734 | Sell Order: 1864 | Price: ₹620.75 | Qty: 2 | Total: ₹1241.50
[2026-07-10 14:28:10] TRADE MATCHED: Ticker: RELIANCE | Buy Order: 1393 | Sell Order: 1867 | Price: ₹2254.03 | Qty: 5 | Total: ₹11270.15
[2026-07-10 14:28:10] TRADE MATCHED: Ticker: SUNPHARMA | Buy Order: 1868 | Sell Order: 1852 | Price: ₹1050.28 | Qty: 6 | Total: ₹6301.68
[2026-07-10 14:28:10] TRADE MATCHED: Ticker: SUNPHARMA | Buy Order: 1868 | Sell Order: 1847 | Price: ₹1054.90 | Qty: 8 | Total: ₹8439.20
[2026-07-10 14:28:11] TRADE MATCHED: Ticker: RELIANCE | Buy Order: 1869 | Sell Order: 1849 | Price: ₹2261.66 | Qty: 2 | Total: ₹4523.32
[2026-07-10 14:28:11] TRADE MATCHED: Ticker: RELIANCE | Buy Order: 1869 | Sell Order: 1857 | Price: ₹2264.24 | Qty: 3 | Total: ₹6792.72
[2026-07-10 14:28:13] TRADE MATCHED: Ticker: RELIANCE | Buy Order: 1416 | Sell Order: 1870 | Price: ₹2254.02 | Qty: 5 | Total: ₹11270.10
[2026-07-10 14:28:15] TRADE MATCHED: Ticker: RELIANCE | Buy Order: 1872 | Sell Order: 1857 | Price: ₹2264.24 | Qty: 5 | Total: ₹11321.20
[2026-07-10 14:28:15] TRADE MATCHED: Ticker: RELIANCE | Buy Order: 1872 | Sell Order: 1784 | Price: ₹2270.08 | Qty: 1 | Total: ₹2270.08
[2026-07-10 14:28:15] TRADE MATCHED: Ticker: RELIANCE | Buy Order: 1872 | Sell Order: 1812 | Price: ₹2279.63 | Qty: 6 | Total: ₹13677.78
[2026-07-10 14:28:20] TRADE MATCHED: Ticker: TATAMOTORS | Buy Order: 1876 | Sell Order: 1850 | Price: ₹624.79 | Qty: 1 | Total: ₹624.79
[2026-07-10 14:28:20] TRADE MATCHED: Ticker: TATAMOTORS | Buy Order: 1876 | Sell Order: 1866 | Price: ₹626.69 | Qty: 8 | Total: ₹5013.52
[2026-07-10 14:28:27] TRADE MATCHED: Ticker: SUNPHARMA | Buy Order: 1883 | Sell Order: 1847 | Price: ₹1054.90 | Qty: 1 | Total: ₹1054.90
[2026-07-10 14:28:27] TRADE MATCHED: Ticker: SUNPHARMA | Buy Order: 1883 | Sell Order: 1737 | Price: ₹1056.81 | Qty: 2 | Total: ₹2113.62
[2026-07-10 14:28:27] TRADE MATCHED: Ticker: SUNPHARMA | Buy Order: 1883 | Sell Order: 1736 | Price: ₹1056.96 | Qty: 11 | Total: ₹11626.56
[2026-07-10 14:28:28] TRADE MATCHED: Ticker: TCS | Buy Order: 1884 | Sell Order: 1862 | Price: ₹3226.11 | Qty: 3 | Total: ₹9678.33
[2026-07-10 14:28:30] TRADE MATCHED: Ticker: HDFCBANK | Buy Order: 1838 | Sell Order: 1888 | Price: ₹1566.69 | Qty: 5 | Total: ₹7833.45
[2026-07-10 14:28:31] TRADE MATCHED: Ticker: HDFCBANK | Buy Order: 1763 | Sell Order: 1888 | Price: ₹1558.99 | Qty: 7 | Total: ₹10912.93
[2026-07-10 14:28:36] TRADE MATCHED: Ticker: TATAMOTORS | Buy Order: 1892 | Sell Order: 1891 | Price: ₹625.43 | Qty: 8 | Total: ₹5003.44
[2026-07-10 14:28:41] TRADE MATCHED: Ticker: TCS | Buy Order: 1895 | Sell Order: 1886 | Price: ₹3222.81 | Qty: 12 | Total: ₹38673.72
[2026-07-10 14:28:45] TRADE MATCHED: Ticker: HDFCBANK | Buy Order: 1893 | Sell Order: 1899 | Price: ₹1562.60 | Qty: 7 | Total: ₹10938.20
[2026-07-10 14:28:49] TRADE MATCHED: Ticker: TCS | Buy Order: 1805 | Sell Order: 1902 | Price: ₹3222.10 | Qty: 3 | Total: ₹9666.30
[2026-07-10 14:28:49] TRADE MATCHED: Ticker: TCS | Buy Order: 1900 | Sell Order: 1902 | Price: ₹3215.86 | Qty: 1 | Total: ₹3215.86
[2026-07-10 14:28:53] TRADE MATCHED: Ticker: SUNPHARMA | Buy Order: 1905 | Sell Order: 1901 | Price: ₹1053.62 | Qty: 8 | Total: ₹8428.96
[2026-07-10 14:28:55] TRADE MATCHED: Ticker: RELIANCE | Buy Order: 1906 | Sell Order: 1898 | Price: ₹2263.02 | Qty: 1 | Total: ₹2263.02
[2026-07-10 14:29:00] TRADE MATCHED: Ticker: HDFCBANK | Buy Order: 1893 | Sell Order: 1909 | Price: ₹1562.60 | Qty: 5 | Total: ₹7813.00
[2026-07-10 14:29:00] TRADE MATCHED: Ticker: HDFCBANK | Buy Order: 1763 | Sell Order: 1909 | Price: ₹1558.99 | Qty: 1 | Total: ₹1558.99
[2026-07-10 14:29:02] TRADE MATCHED: Ticker: TCS | Buy Order: 1900 | Sell Order: 1912 | Price: ₹3215.86 | Qty: 11 | Total: ₹35374.46
[2026-07-10 14:29:02] TRADE MATCHED: Ticker: TCS | Buy Order: 1782 | Sell Order: 1912 | Price: ₹3211.53 | Qty: 2 | Total: ₹6423.06
[2026-07-10 14:29:02] TRADE MATCHED: Ticker: TCS | Buy Order: 1169 | Sell Order: 1912 | Price: ₹3202.02 | Qty: 1 | Total: ₹3202.02
[2026-07-10 14:29:03] TRADE MATCHED: Ticker: SUNPHARMA | Buy Order: 1913 | Sell Order: 1901 | Price: ₹1053.62 | Qty: 2 | Total: ₹2107.24
[2026-07-10 14:29:04] TRADE MATCHED: Ticker: SUNPHARMA | Buy Order: 1913 | Sell Order: 1736 | Price: ₹1056.96 | Qty: 4 | Total: ₹4227.84
[2026-07-10 14:29:04] TRADE MATCHED: Ticker: SUNPHARMA | Buy Order: 1913 | Sell Order: 1848 | Price: ₹1059.26 | Qty: 4 | Total: ₹4237.04
[2026-07-10 14:29:05] TRADE MATCHED: Ticker: RELIANCE | Buy Order: 1915 | Sell Order: 1880 | Price: ₹2278.32 | Qty: 10 | Total: ₹22783.20
[2026-07-10 14:29:09] TRADE MATCHED: Ticker: TATAMOTORS | Buy Order: 1919 | Sell Order: 1891 | Price: ₹625.43 | Qty: 1 | Total: ₹625.43
[2026-07-10 14:29:10] TRADE MATCHED: Ticker: TATAMOTORS | Buy Order: 1919 | Sell Order: 1885 | Price: ₹625.51 | Qty: 1 | Total: ₹625.51
[2026-07-10 14:29:10] TRADE MATCHED: Ticker: TATAMOTORS | Buy Order: 1919 | Sell Order: 1887 | Price: ₹626.10 | Qty: 1 | Total: ₹626.10
[2026-07-10 14:29:10] TRADE MATCHED: Ticker: TCS | Buy Order: 1729 | Sell Order: 1918 | Price: ₹3201.24 | Qty: 4 | Total: ₹12804.96
[2026-07-10 14:29:10] TRADE MATCHED: Ticker: TCS | Buy Order: 1161 | Sell Order: 1918 | Price: ₹3200.37 | Qty: 1 | Total: ₹3200.37
[2026-07-10 14:29:23] TRADE MATCHED: Ticker: TCS | Buy Order: 1928 | Sell Order: 1914 | Price: ₹3212.97 | Qty: 10 | Total: ₹32129.70
[2026-07-10 14:29:25] TRADE MATCHED: Ticker: HDFCBANK | Buy Order: 1930 | Sell Order: 1927 | Price: ₹1554.40 | Qty: 2 | Total: ₹3108.80
[2026-07-10 14:29:28] TRADE MATCHED: Ticker: RELIANCE | Buy Order: 1416 | Sell Order: 1933 | Price: ₹2254.02 | Qty: 4 | Total: ₹9016.08
[2026-07-10 14:29:28] TRADE MATCHED: Ticker: RELIANCE | Buy Order: 1164 | Sell Order: 1933 | Price: ₹2253.24 | Qty: 6 | Total: ₹13519.44
[2026-07-10 14:29:30] TRADE MATCHED: Ticker: TATAMOTORS | Buy Order: 1934 | Sell Order: 1935 | Price: ₹625.53 | Qty: 6 | Total: ₹3753.18
[2026-07-10 14:29:30] TRADE MATCHED: Ticker: TATAMOTORS | Buy Order: 1877 | Sell Order: 1935 | Price: ₹625.33 | Qty: 2 | Total: ₹1250.66
[2026-07-10 14:29:30] TRADE MATCHED: Ticker: HDFCBANK | Buy Order: 1936 | Sell Order: 1927 | Price: ₹1554.40 | Qty: 1 | Total: ₹1554.40
[2026-07-10 14:29:34] TRADE MATCHED: Ticker: HDFCBANK | Buy Order: 1939 | Sell Order: 1927 | Price: ₹1554.40 | Qty: 3 | Total: ₹4663.20
[2026-07-10 14:29:35] TRADE MATCHED: Ticker: SUNPHARMA | Buy Order: 1881 | Sell Order: 1941 | Price: ₹1050.34 | Qty: 11 | Total: ₹11553.74
[2026-07-10 14:29:35] TRADE MATCHED: Ticker: SUNPHARMA | Buy Order: 1917 | Sell Order: 1941 | Price: ₹1049.89 | Qty: 1 | Total: ₹1049.89
[2026-07-10 14:29:44] TRADE MATCHED: Ticker: HDFCBANK | Buy Order: 1946 | Sell Order: 1927 | Price: ₹1554.40 | Qty: 1 | Total: ₹1554.40
[2026-07-10 14:29:46] TRADE MATCHED: Ticker: RELIANCE | Buy Order: 297 | Sell Order: 1948 | Price: ₹2251.68 | Qty: 1 | Total: ₹2251.68
[2026-07-10 14:29:48] TRADE MATCHED: Ticker: TCS | Buy Order: 1161 | Sell Order: 1950 | Price: ₹3200.37 | Qty: 3 | Total: ₹9601.11
[2026-07-10 14:29:48] TRADE MATCHED: Ticker: TCS | Buy Order: 1417 | Sell Order: 1950 | Price: ₹3199.41 | Qty: 12 | Total: ₹38392.92
[2026-07-10 14:29:51] TRADE MATCHED: Ticker: SUNPHARMA | Buy Order: 1947 | Sell Order: 1951 | Price: ₹1053.91 | Qty: 4 | Total: ₹4215.64
[2026-07-10 14:29:51] TRADE MATCHED: Ticker: TATAMOTORS | Buy Order: 1952 | Sell Order: 1887 | Price: ₹626.10 | Qty: 4 | Total: ₹2504.40
[2026-07-10 14:29:51] TRADE MATCHED: Ticker: HDFCBANK | Buy Order: 1510 | Sell Order: 1953 | Price: ₹1553.69 | Qty: 11 | Total: ₹17090.59
[2026-07-10 14:29:54] TRADE MATCHED: Ticker: RELIANCE | Buy Order: 1954 | Sell Order: 1948 | Price: ₹2251.50 | Qty: 4 | Total: ₹9006.00
[2026-07-10 14:29:55] TRADE MATCHED: Ticker: HDFCBANK | Buy Order: 1510 | Sell Order: 1955 | Price: ₹1553.69 | Qty: 1 | Total: ₹1553.69
[2026-07-10 14:29:56] TRADE MATCHED: Ticker: HDFCBANK | Buy Order: 1510 | Sell Order: 1956 | Price: ₹1553.69 | Qty: 1 | Total: ₹1553.69
[2026-07-10 14:30:02] TRADE MATCHED: Ticker: RELIANCE | Buy Order: 1961 | Sell Order: 1948 | Price: ₹2251.50 | Qty: 2 | Total: ₹4503.00
[2026-07-10 14:30:03] TRADE MATCHED: Ticker: HDFCBANK | Buy Order: 1878 | Sell Order: 1963 | Price: ₹1552.09 | Qty: 5 | Total: ₹7760.45
[2026-07-10 14:30:05] TRADE MATCHED: Ticker: HDFCBANK | Buy Order: 1964 | Sell Order: 1927 | Price: ₹1554.40 | Qty: 1 | Total: ₹1554.40
[2026-07-10 14:30:05] TRADE MATCHED: Ticker: HDFCBANK | Buy Order: 1964 | Sell Order: 1921 | Price: ₹1556.76 | Qty: 5 | Total: ₹7783.80
[2026-07-10 14:30:13] TRADE MATCHED: Ticker: HDFCBANK | Buy Order: 1878 | Sell Order: 1970 | Price: ₹1552.09 | Qty: 7 | Total: ₹10864.63
[2026-07-10 14:30:14] TRADE MATCHED: Ticker: SUNPHARMA | Buy Order: 1917 | Sell Order: 1972 | Price: ₹1049.89 | Qty: 1 | Total: ₹1049.89
[2026-07-10 14:30:14] TRADE MATCHED: Ticker: SUNPHARMA | Buy Order: 1894 | Sell Order: 1972 | Price: ₹1045.85 | Qty: 6 | Total: ₹6275.10
[2026-07-10 14:30:16] TRADE MATCHED: Ticker: TCS | Buy Order: 1417 | Sell Order: 1973 | Price: ₹3199.41 | Qty: 1 | Total: ₹3199.41
[2026-07-10 14:30:16] TRADE MATCHED: Ticker: TCS | Buy Order: 1266 | Sell Order: 1973 | Price: ₹3196.11 | Qty: 4 | Total: ₹12784.44
[2026-07-10 14:30:18] TRADE MATCHED: Ticker: TCS | Buy Order: 1266 | Sell Order: 1975 | Price: ₹3196.11 | Qty: 2 | Total: ₹6392.22
[2026-07-10 14:30:18] TRADE MATCHED: Ticker: RELIANCE | Buy Order: 1976 | Sell Order: 1948 | Price: ₹2251.50 | Qty: 3 | Total: ₹6754.50
[2026-07-10 14:30:18] TRADE MATCHED: Ticker: RELIANCE | Buy Order: 1976 | Sell Order: 1945 | Price: ₹2262.30 | Qty: 5 | Total: ₹11311.50
[2026-07-10 14:30:20] TRADE MATCHED: Ticker: TATAMOTORS | Buy Order: 1977 | Sell Order: 1887 | Price: ₹626.10 | Qty: 3 | Total: ₹1878.30
[2026-07-10 14:30:20] TRADE MATCHED: Ticker: TATAMOTORS | Buy Order: 1977 | Sell Order: 1940 | Price: ₹626.13 | Qty: 10 | Total: ₹6261.30
[2026-07-10 14:30:20] TRADE MATCHED: Ticker: TATAMOTORS | Buy Order: 1977 | Sell Order: 1949 | Price: ₹628.33 | Qty: 2 | Total: ₹1256.66
[2026-07-10 14:30:22] TRADE MATCHED: Ticker: TATAMOTORS | Buy Order: 1978 | Sell Order: 1949 | Price: ₹628.33 | Qty: 4 | Total: ₹2513.32
[2026-07-10 14:30:22] TRADE MATCHED: Ticker: TATAMOTORS | Buy Order: 1978 | Sell Order: 1889 | Price: ₹628.40 | Qty: 5 | Total: ₹3142.00
[2026-07-10 14:30:23] TRADE MATCHED: Ticker: HDFCBANK | Buy Order: 1979 | Sell Order: 1921 | Price: ₹1556.76 | Qty: 4 | Total: ₹6227.04
[2026-07-10 14:30:24] TRADE MATCHED: Ticker: TCS | Buy Order: 1266 | Sell Order: 1981 | Price: ₹3196.11 | Qty: 5 | Total: ₹15980.55
[2026-07-10 14:30:26] TRADE MATCHED: Ticker: TATAMOTORS | Buy Order: 1877 | Sell Order: 1983 | Price: ₹625.33 | Qty: 7 | Total: ₹4377.31
[2026-07-10 14:30:28] TRADE MATCHED: Ticker: RELIANCE | Buy Order: 1984 | Sell Order: 1880 | Price: ₹2278.32 | Qty: 3 | Total: ₹6834.96
[2026-07-10 14:30:28] TRADE MATCHED: Ticker: RELIANCE | Buy Order: 1984 | Sell Order: 1812 | Price: ₹2279.63 | Qty: 1 | Total: ₹2279.63
[2026-07-10 14:30:29] TRADE MATCHED: Ticker: SUNPHARMA | Buy Order: 1985 | Sell Order: 1974 | Price: ₹1047.15 | Qty: 1 | Total: ₹1047.15
[2026-07-10 14:30:30] TRADE MATCHED: Ticker: TCS | Buy Order: 1986 | Sell Order: 1982 | Price: ₹3198.60 | Qty: 2 | Total: ₹6397.20
[2026-07-10 14:30:37] TRADE MATCHED: Ticker: TATAMOTORS | Buy Order: 1991 | Sell Order: 1889 | Price: ₹628.40 | Qty: 8 | Total: ₹5027.20
[2026-07-10 14:30:37] TRADE MATCHED: Ticker: TATAMOTORS | Buy Order: 1991 | Sell Order: 1843 | Price: ₹628.68 | Qty: 5 | Total: ₹3143.40
[2026-07-10 14:30:37] TRADE MATCHED: Ticker: RELIANCE | Buy Order: 1976 | Sell Order: 1992 | Price: ₹2263.03 | Qty: 2 | Total: ₹4526.06
[2026-07-10 14:30:39] TRADE MATCHED: Ticker: TCS | Buy Order: 1095 | Sell Order: 1993 | Price: ₹3190.94 | Qty: 5 | Total: ₹15954.70
[2026-07-10 14:30:39] TRADE MATCHED: Ticker: TCS | Buy Order: 1873 | Sell Order: 1993 | Price: ₹3190.11 | Qty: 2 | Total: ₹6380.22
[2026-07-10 14:30:44] TRADE MATCHED: Ticker: HDFCBANK | Buy Order: 1878 | Sell Order: 1998 | Price: ₹1552.09 | Qty: 2 | Total: ₹3104.18
[2026-07-10 14:30:45] TRADE MATCHED: Ticker: HDFCBANK | Buy Order: 1010 | Sell Order: 1998 | Price: ₹1551.51 | Qty: 2 | Total: ₹3103.02
[2026-07-10 14:30:45] TRADE MATCHED: Ticker: HDFCBANK | Buy Order: 1903 | Sell Order: 1998 | Price: ₹1550.91 | Qty: 5 | Total: ₹7754.55
[2026-07-10 14:30:45] TRADE MATCHED: Ticker: HDFCBANK | Buy Order: 390 | Sell Order: 1998 | Price: ₹1550.78 | Qty: 2 | Total: ₹3101.56
[2026-07-10 14:30:45] TRADE MATCHED: Ticker: HDFCBANK | Buy Order: 1008 | Sell Order: 1998 | Price: ₹1550.30 | Qty: 1 | Total: ₹1550.30
[2026-07-10 14:30:45] TRADE MATCHED: Ticker: HDFCBANK | Buy Order: 878 | Sell Order: 1998 | Price: ₹1549.72 | Qty: 3 | Total: ₹4649.16
[2026-07-10 14:30:46] TRADE MATCHED: Ticker: TATAMOTORS | Buy Order: 1877 | Sell Order: 2000 | Price: ₹625.33 | Qty: 2 | Total: ₹1250.66
[2026-07-10 14:30:46] TRADE MATCHED: Ticker: TATAMOTORS | Buy Order: 1959 | Sell Order: 2000 | Price: ₹623.61 | Qty: 5 | Total: ₹3118.05
[2026-07-10 14:30:50] TRADE MATCHED: Ticker: TATAMOTORS | Buy Order: 2004 | Sell Order: 1843 | Price: ₹628.68 | Qty: 4 | Total: ₹2514.72
[2026-07-10 14:30:51] TRADE MATCHED: Ticker: TATAMOTORS | Buy Order: 2004 | Sell Order: 1916 | Price: ₹629.64 | Qty: 7 | Total: ₹4407.48
[2026-07-10 14:30:51] TRADE MATCHED: Ticker: TATAMOTORS | Buy Order: 2004 | Sell Order: 1684 | Price: ₹633.76 | Qty: 1 | Total: ₹633.76
[2026-07-10 14:30:55] TRADE MATCHED: Ticker: SUNPHARMA | Buy Order: 2007 | Sell Order: 1999 | Price: ₹1046.95 | Qty: 3 | Total: ₹3140.85
[2026-07-10 14:30:57] TRADE MATCHED: Ticker: HDFCBANK | Buy Order: 878 | Sell Order: 2008 | Price: ₹1549.72 | Qty: 7 | Total: ₹10848.04
[2026-07-10 14:30:58] TRADE MATCHED: Ticker: TCS | Buy Order: 1873 | Sell Order: 2009 | Price: ₹3190.11 | Qty: 4 | Total: ₹12760.44
[2026-07-10 14:30:58] TRADE MATCHED: Ticker: TCS | Buy Order: 1278 | Sell Order: 2009 | Price: ₹3189.71 | Qty: 6 | Total: ₹19138.26
[2026-07-10 14:30:58] TRADE MATCHED: Ticker: TCS | Buy Order: 1785 | Sell Order: 2009 | Price: ₹3189.60 | Qty: 1 | Total: ₹3189.60
[2026-07-10 14:31:03] TRADE MATCHED: Ticker: RELIANCE | Buy Order: 1976 | Sell Order: 2014 | Price: ₹2263.03 | Qty: 5 | Total: ₹11315.15
[2026-07-10 14:31:03] TRADE MATCHED: Ticker: RELIANCE | Buy Order: 1493 | Sell Order: 2014 | Price: ₹2251.20 | Qty: 6 | Total: ₹13507.20
[2026-07-10 14:31:05] TRADE MATCHED: Ticker: RELIANCE | Buy Order: 2017 | Sell Order: 1839 | Price: ₹2279.91 | Qty: 1 | Total: ₹2279.91
[2026-07-10 14:31:07] TRADE MATCHED: Ticker: HDFCBANK | Buy Order: 2019 | Sell Order: 1921 | Price: ₹1556.76 | Qty: 4 | Total: ₹6227.04
[2026-07-10 14:31:10] TRADE MATCHED: Ticker: TCS | Buy Order: 1785 | Sell Order: 2021 | Price: ₹3189.60 | Qty: 4 | Total: ₹12758.40
[2026-07-10 14:31:10] TRADE MATCHED: Ticker: TCS | Buy Order: 1333 | Sell Order: 2021 | Price: ₹3188.32 | Qty: 2 | Total: ₹6376.64
[2026-07-10 14:31:10] TRADE MATCHED: Ticker: TCS | Buy Order: 1853 | Sell Order: 2021 | Price: ₹3186.66 | Qty: 3 | Total: ₹9559.98
[2026-07-10 14:31:14] TRADE MATCHED: Ticker: RELIANCE | Buy Order: 2024 | Sell Order: 1839 | Price: ₹2279.91 | Qty: 6 | Total: ₹13679.46
[2026-07-10 14:31:15] TRADE MATCHED: Ticker: SUNPHARMA | Buy Order: 2026 | Sell Order: 1999 | Price: ₹1046.95 | Qty: 3 | Total: ₹3140.85
[2026-07-10 14:31:16] TRADE MATCHED: Ticker: SUNPHARMA | Buy Order: 1894 | Sell Order: 2027 | Price: ₹1045.85 | Qty: 6 | Total: ₹6275.10
[2026-07-10 14:31:16] TRADE MATCHED: Ticker: SUNPHARMA | Buy Order: 1758 | Sell Order: 2027 | Price: ₹1042.85 | Qty: 2 | Total: ₹2085.70
[2026-07-10 14:31:17] TRADE MATCHED: Ticker: SUNPHARMA | Buy Order: 2028 | Sell Order: 1999 | Price: ₹1046.95 | Qty: 8 | Total: ₹8375.60
[2026-07-10 14:31:17] TRADE MATCHED: Ticker: SUNPHARMA | Buy Order: 2028 | Sell Order: 1974 | Price: ₹1047.15 | Qty: 3 | Total: ₹3141.45
[2026-07-10 14:31:19] TRADE MATCHED: Ticker: SUNPHARMA | Buy Order: 2029 | Sell Order: 1974 | Price: ₹1047.15 | Qty: 5 | Total: ₹5235.75
[2026-07-10 14:31:19] TRADE MATCHED: Ticker: SUNPHARMA | Buy Order: 2029 | Sell Order: 1989 | Price: ₹1047.54 | Qty: 8 | Total: ₹8380.32
[2026-07-10 14:31:23] TRADE MATCHED: Ticker: HDFCBANK | Buy Order: 2019 | Sell Order: 2033 | Price: ₹1572.08 | Qty: 9 | Total: ₹14148.72
[2026-07-10 14:31:26] TRADE MATCHED: Ticker: TCS | Buy Order: 1853 | Sell Order: 2036 | Price: ₹3186.66 | Qty: 4 | Total: ₹12746.64
[2026-07-10 14:31:27] TRADE MATCHED: Ticker: HDFCBANK | Buy Order: 2011 | Sell Order: 2037 | Price: ₹1553.19 | Qty: 1 | Total: ₹1553.19
[2026-07-10 14:31:31] TRADE MATCHED: Ticker: TATAMOTORS | Buy Order: 2030 | Sell Order: 2040 | Price: ₹631.21 | Qty: 3 | Total: ₹1893.63
[2026-07-10 14:31:32] TRADE MATCHED: Ticker: TCS | Buy Order: 1853 | Sell Order: 2041 | Price: ₹3186.66 | Qty: 7 | Total: ₹22306.62
[2026-07-10 14:31:32] TRADE MATCHED: Ticker: TCS | Buy Order: 2005 | Sell Order: 2041 | Price: ₹3186.41 | Qty: 3 | Total: ₹9559.23
[2026-07-10 14:31:34] TRADE MATCHED: Ticker: SUNPHARMA | Buy Order: 2043 | Sell Order: 1989 | Price: ₹1047.54 | Qty: 2 | Total: ₹2095.08
[2026-07-10 14:31:47] TRADE MATCHED: Ticker: SUNPHARMA | Buy Order: 2050 | Sell Order: 2047 | Price: ₹1046.54 | Qty: 8 | Total: ₹8372.32
[2026-07-10 14:31:47] TRADE MATCHED: Ticker: SUNPHARMA | Buy Order: 2050 | Sell Order: 1989 | Price: ₹1047.54 | Qty: 2 | Total: ₹2095.08
[2026-07-10 14:31:48] TRADE MATCHED: Ticker: SUNPHARMA | Buy Order: 2050 | Sell Order: 1923 | Price: ₹1055.15 | Qty: 3 | Total: ₹3165.45
[2026-07-10 14:31:48] TRADE MATCHED: Ticker: RELIANCE | Buy Order: 2051 | Sell Order: 2042 | Price: ₹2262.05 | Qty: 8 | Total: ₹18096.40
[2026-07-10 14:31:50] TRADE MATCHED: Ticker: HDFCBANK | Buy Order: 2054 | Sell Order: 2033 | Price: ₹1564.52 | Qty: 1 | Total: ₹1564.52
[2026-07-10 14:31:50] TRADE MATCHED: Ticker: HDFCBANK | Buy Order: 2054 | Sell Order: 1779 | Price: ₹1573.51 | Qty: 5 | Total: ₹7867.55
[2026-07-10 14:31:58] TRADE MATCHED: Ticker: RELIANCE | Buy Order: 2058 | Sell Order: 2046 | Price: ₹2266.16 | Qty: 1 | Total: ₹2266.16
[2026-07-10 14:31:59] TRADE MATCHED: Ticker: TCS | Buy Order: 2005 | Sell Order: 2059 | Price: ₹3186.41 | Qty: 1 | Total: ₹3186.41
[2026-07-10 14:32:00] TRADE MATCHED: Ticker: TCS | Buy Order: 1937 | Sell Order: 2059 | Price: ₹3185.42 | Qty: 3 | Total: ₹9556.26
[2026-07-10 14:32:16] TRADE MATCHED: Ticker: TCS | Buy Order: 2068 | Sell Order: 2072 | Price: ₹3194.56 | Qty: 10 | Total: ₹31945.60
[2026-07-10 14:32:16] TRADE MATCHED: Ticker: TCS | Buy Order: 1937 | Sell Order: 2072 | Price: ₹3185.42 | Qty: 1 | Total: ₹3185.42
[2026-07-10 14:32:17] TRADE MATCHED: Ticker: TCS | Buy Order: 1937 | Sell Order: 2074 | Price: ₹3185.42 | Qty: 1 | Total: ₹3185.42
[2026-07-10 14:32:17] TRADE MATCHED: Ticker: TCS | Buy Order: 1067 | Sell Order: 2074 | Price: ₹3184.16 | Qty: 9 | Total: ₹28657.44
[2026-07-10 14:32:17] TRADE MATCHED: Ticker: TCS | Buy Order: 1808 | Sell Order: 2074 | Price: ₹3183.74 | Qty: 4 | Total: ₹12734.96
[2026-07-10 14:32:19] TRADE MATCHED: Ticker: HDFCBANK | Buy Order: 2075 | Sell Order: 2066 | Price: ₹1555.04 | Qty: 7 | Total: ₹10885.28
[2026-07-10 14:32:21] TRADE MATCHED: Ticker: TCS | Buy Order: 2012 | Sell Order: 2077 | Price: ₹3177.40 | Qty: 3 | Total: ₹9532.20
[2026-07-10 14:32:25] TRADE MATCHED: Ticker: TCS | Buy Order: 2012 | Sell Order: 2080 | Price: ₹3177.40 | Qty: 3 | Total: ₹9532.20
[2026-07-10 14:32:28] TRADE MATCHED: Ticker: TCS | Buy Order: 2012 | Sell Order: 2082 | Price: ₹3177.40 | Qty: 1 | Total: ₹3177.40
[2026-07-10 14:32:28] TRADE MATCHED: Ticker: TCS | Buy Order: 2078 | Sell Order: 2082 | Price: ₹3174.84 | Qty: 3 | Total: ₹9524.52
[2026-07-10 14:32:28] TRADE MATCHED: Ticker: HDFCBANK | Buy Order: 2083 | Sell Order: 2066 | Price: ₹1555.04 | Qty: 8 | Total: ₹12440.32
[2026-07-10 14:32:28] TRADE MATCHED: Ticker: HDFCBANK | Buy Order: 2083 | Sell Order: 2055 | Price: ₹1566.50 | Qty: 1 | Total: ₹1566.50
[2026-07-10 14:32:29] TRADE MATCHED: Ticker: RELIANCE | Buy Order: 2051 | Sell Order: 2084 | Price: ₹2262.39 | Qty: 2 | Total: ₹4524.78
[2026-07-10 14:32:30] TRADE MATCHED: Ticker: RELIANCE | Buy Order: 2051 | Sell Order: 2085 | Price: ₹2262.39 | Qty: 1 | Total: ₹2262.39
[2026-07-10 14:32:31] TRADE MATCHED: Ticker: RELIANCE | Buy Order: 2073 | Sell Order: 2087 | Price: ₹2259.25 | Qty: 1 | Total: ₹2259.25
[2026-07-10 14:32:32] TRADE MATCHED: Ticker: TCS | Buy Order: 2078 | Sell Order: 2088 | Price: ₹3174.84 | Qty: 8 | Total: ₹25398.72
[2026-07-10 14:32:36] TRADE MATCHED: Ticker: SUNPHARMA | Buy Order: 2091 | Sell Order: 1923 | Price: ₹1055.15 | Qty: 11 | Total: ₹11606.65
[2026-07-10 14:32:36] TRADE MATCHED: Ticker: SUNPHARMA | Buy Order: 2091 | Sell Order: 1848 | Price: ₹1059.26 | Qty: 3 | Total: ₹3177.78
[2026-07-10 14:32:37] TRADE MATCHED: Ticker: TATAMOTORS | Buy Order: 2020 | Sell Order: 2092 | Price: ₹627.00 | Qty: 2 | Total: ₹1254.00
[2026-07-10 14:32:40] TRADE MATCHED: Ticker: HDFCBANK | Buy Order: 2095 | Sell Order: 2055 | Price: ₹1566.50 | Qty: 9 | Total: ₹14098.50
[2026-07-10 14:32:41] TRADE MATCHED: Ticker: SUNPHARMA | Buy Order: 2096 | Sell Order: 1848 | Price: ₹1059.26 | Qty: 1 | Total: ₹1059.26
[2026-07-10 14:32:41] TRADE MATCHED: Ticker: SUNPHARMA | Buy Order: 2096 | Sell Order: 1842 | Price: ₹1060.01 | Qty: 3 | Total: ₹3180.03
[2026-07-10 14:32:42] TRADE MATCHED: Ticker: SUNPHARMA | Buy Order: 2096 | Sell Order: 2097 | Price: ₹1060.96 | Qty: 9 | Total: ₹9548.64
[2026-07-10 14:32:43] TRADE MATCHED: Ticker: SUNPHARMA | Buy Order: 2096 | Sell Order: 2098 | Price: ₹1060.96 | Qty: 2 | Total: ₹2121.92
[2026-07-10 14:32:43] TRADE MATCHED: Ticker: SUNPHARMA | Buy Order: 2063 | Sell Order: 2098 | Price: ₹1054.85 | Qty: 4 | Total: ₹4219.40
[2026-07-10 14:32:46] TRADE MATCHED: Ticker: RELIANCE | Buy Order: 2100 | Sell Order: 2046 | Price: ₹2266.16 | Qty: 5 | Total: ₹11330.80
[2026-07-10 14:32:46] TRADE MATCHED: Ticker: RELIANCE | Buy Order: 2100 | Sell Order: 1839 | Price: ₹2279.91 | Qty: 4 | Total: ₹9119.64
[2026-07-10 14:32:47] TRADE MATCHED: Ticker: SUNPHARMA | Buy Order: 2063 | Sell Order: 2102 | Price: ₹1054.85 | Qty: 10 | Total: ₹10548.50
[2026-07-10 14:32:47] TRADE MATCHED: Ticker: SUNPHARMA | Buy Order: 1758 | Sell Order: 2102 | Price: ₹1042.85 | Qty: 2 | Total: ₹2085.70
[2026-07-10 14:32:47] TRADE MATCHED: Ticker: SUNPHARMA | Buy Order: 1776 | Sell Order: 2102 | Price: ₹1042.34 | Qty: 1 | Total: ₹1042.34
[2026-07-10 14:32:50] TRADE MATCHED: Ticker: TCS | Buy Order: 2103 | Sell Order: 1982 | Price: ₹3198.60 | Qty: 9 | Total: ₹28787.40
[2026-07-10 14:32:51] TRADE MATCHED: Ticker: TCS | Buy Order: 2103 | Sell Order: 2062 | Price: ₹3201.69 | Qty: 2 | Total: ₹6403.38
[2026-07-10 14:32:57] TRADE MATCHED: Ticker: HDFCBANK | Buy Order: 2108 | Sell Order: 2055 | Price: ₹1566.50 | Qty: 3 | Total: ₹4699.50
[2026-07-10 14:32:57] TRADE MATCHED: Ticker: HDFCBANK | Buy Order: 2108 | Sell Order: 1779 | Price: ₹1573.51 | Qty: 3 | Total: ₹4720.53
[2026-07-10 14:32:57] TRADE MATCHED: Ticker: HDFCBANK | Buy Order: 2108 | Sell Order: 1871 | Price: ₹1574.00 | Qty: 1 | Total: ₹1574.00
[2026-07-10 14:32:59] TRADE MATCHED: Ticker: TCS | Buy Order: 2109 | Sell Order: 2062 | Price: ₹3201.69 | Qty: 9 | Total: ₹28815.21
[2026-07-10 14:33:09] TRADE MATCHED: Ticker: RELIANCE | Buy Order: 2116 | Sell Order: 2110 | Price: ₹2268.77 | Qty: 4 | Total: ₹9075.08
[2026-07-10 14:33:09] TRADE MATCHED: Ticker: TATAMOTORS | Buy Order: 2117 | Sell Order: 2040 | Price: ₹631.07 | Qty: 8 | Total: ₹5048.56
[2026-07-10 14:33:10] TRADE MATCHED: Ticker: TCS | Buy Order: 2118 | Sell Order: 2062 | Price: ₹3201.69 | Qty: 1 | Total: ₹3201.69
[2026-07-10 14:33:10] TRADE MATCHED: Ticker: TCS | Buy Order: 2118 | Sell Order: 2089 | Price: ₹3202.76 | Qty: 2 | Total: ₹6405.52
[2026-07-10 14:33:10] TRADE MATCHED: Ticker: TCS | Buy Order: 2118 | Sell Order: 1944 | Price: ₹3203.86 | Qty: 2 | Total: ₹6407.72
[2026-07-10 14:33:14] TRADE MATCHED: Ticker: TATAMOTORS | Buy Order: 2093 | Sell Order: 2122 | Price: ₹629.95 | Qty: 11 | Total: ₹6929.45
[2026-07-10 14:33:15] TRADE MATCHED: Ticker: TATAMOTORS | Buy Order: 2020 | Sell Order: 2122 | Price: ₹627.00 | Qty: 2 | Total: ₹1254.00
[2026-07-10 14:33:15] TRADE MATCHED: Ticker: TATAMOTORS | Buy Order: 2079 | Sell Order: 2122 | Price: ₹626.88 | Qty: 1 | Total: ₹626.88
[2026-07-10 14:33:17] TRADE MATCHED: Ticker: TCS | Buy Order: 2120 | Sell Order: 2124 | Price: ₹3201.66 | Qty: 10 | Total: ₹32016.60
[2026-07-10 14:33:20] TRADE MATCHED: Ticker: TCS | Buy Order: 2126 | Sell Order: 1944 | Price: ₹3203.86 | Qty: 4 | Total: ₹12815.44
[2026-07-10 14:33:25] TRADE MATCHED: Ticker: TCS | Buy Order: 2128 | Sell Order: 2056 | Price: ₹3204.18 | Qty: 7 | Total: ₹22429.26
[2026-07-10 14:33:25] TRADE MATCHED: Ticker: TCS | Buy Order: 2128 | Sell Order: 2106 | Price: ₹3205.66 | Qty: 2 | Total: ₹6411.32
[2026-07-10 14:33:28] TRADE MATCHED: Ticker: TATAMOTORS | Buy Order: 2131 | Sell Order: 2052 | Price: ₹631.63 | Qty: 1 | Total: ₹631.63
[2026-07-10 14:33:28] TRADE MATCHED: Ticker: TATAMOTORS | Buy Order: 2131 | Sell Order: 2045 | Price: ₹632.31 | Qty: 3 | Total: ₹1896.93
[2026-07-10 14:33:30] TRADE MATCHED: Ticker: HDFCBANK | Buy Order: 2134 | Sell Order: 1871 | Price: ₹1574.00 | Qty: 5 | Total: ₹7870.00
[2026-07-10 14:33:31] TRADE MATCHED: Ticker: TCS | Buy Order: 2113 | Sell Order: 2135 | Price: ₹3201.30 | Qty: 1 | Total: ₹3201.30
[2026-07-10 14:33:39] TRADE MATCHED: Ticker: TCS | Buy Order: 2119 | Sell Order: 2140 | Price: ₹3196.10 | Qty: 2 | Total: ₹6392.20
[2026-07-10 14:33:39] TRADE MATCHED: Ticker: TCS | Buy Order: 2078 | Sell Order: 2140 | Price: ₹3174.84 | Qty: 2 | Total: ₹6349.68
[2026-07-10 14:33:39] TRADE MATCHED: Ticker: HDFCBANK | Buy Order: 2094 | Sell Order: 2141 | Price: ₹1561.65 | Qty: 2 | Total: ₹3123.30
[2026-07-10 14:33:41] TRADE MATCHED: Ticker: TATAMOTORS | Buy Order: 2079 | Sell Order: 2142 | Price: ₹626.88 | Qty: 4 | Total: ₹2507.52
[2026-07-10 14:33:42] TRADE MATCHED: Ticker: SUNPHARMA | Buy Order: 2115 | Sell Order: 2143 | Price: ₹1053.74 | Qty: 2 | Total: ₹2107.48
[2026-07-10 14:33:42] TRADE MATCHED: Ticker: SUNPHARMA | Buy Order: 2105 | Sell Order: 2143 | Price: ₹1049.23 | Qty: 3 | Total: ₹3147.69
[2026-07-10 14:33:42] TRADE MATCHED: Ticker: RELIANCE | Buy Order: 2073 | Sell Order: 2144 | Price: ₹2259.25 | Qty: 4 | Total: ₹9037.00
[2026-07-10 14:33:46] TRADE MATCHED: Ticker: SUNPHARMA | Buy Order: 2146 | Sell Order: 2035 | Price: ₹1061.68 | Qty: 7 | Total: ₹7431.76
[2026-07-10 14:33:52] TRADE MATCHED: Ticker: TATAMOTORS | Buy Order: 2079 | Sell Order: 2151 | Price: ₹626.88 | Qty: 1 | Total: ₹626.88
[2026-07-10 14:33:55] TRADE MATCHED: Ticker: RELIANCE | Buy Order: 2154 | Sell Order: 2110 | Price: ₹2268.77 | Qty: 11 | Total: ₹24956.47
[2026-07-10 14:34:00] TRADE MATCHED: Ticker: TCS | Buy Order: 2158 | Sell Order: 2150 | Price: ₹3182.49 | Qty: 5 | Total: ₹15912.45
[2026-07-10 14:34:02] TRADE MATCHED: Ticker: HDFCBANK | Buy Order: 2094 | Sell Order: 2159 | Price: ₹1561.65 | Qty: 3 | Total: ₹4684.95
[2026-07-10 14:34:03] TRADE MATCHED: Ticker: TCS | Buy Order: 1547 | Sell Order: 2160 | Price: ₹3174.53 | Qty: 7 | Total: ₹22221.71
[2026-07-10 14:34:03] TRADE MATCHED: Ticker: TCS | Buy Order: 1207 | Sell Order: 2160 | Price: ₹3173.89 | Qty: 1 | Total: ₹3173.89
[2026-07-10 14:34:04] TRADE MATCHED: Ticker: SUNPHARMA | Buy Order: 2155 | Sell Order: 2161 | Price: ₹1055.28 | Qty: 1 | Total: ₹1055.28
[2026-07-10 14:34:06] TRADE MATCHED: Ticker: SUNPHARMA | Buy Order: 2155 | Sell Order: 2162 | Price: ₹1055.28 | Qty: 8 | Total: ₹8442.24
[2026-07-10 14:34:08] TRADE MATCHED: Ticker: TATAMOTORS | Buy Order: 2104 | Sell Order: 2165 | Price: ₹625.01 | Qty: 8 | Total: ₹5000.08
[2026-07-10 14:34:14] TRADE MATCHED: Ticker: HDFCBANK | Buy Order: 2011 | Sell Order: 2170 | Price: ₹1553.19 | Qty: 8 | Total: ₹12425.52
[2026-07-10 14:34:15] TRADE MATCHED: Ticker: HDFCBANK | Buy Order: 2171 | Sell Order: 2159 | Price: ₹1555.13 | Qty: 5 | Total: ₹7775.65
[2026-07-10 14:34:15] TRADE MATCHED: Ticker: HDFCBANK | Buy Order: 2171 | Sell Order: 2136 | Price: ₹1562.03 | Qty: 8 | Total: ₹12496.24
[2026-07-10 14:34:15] TRADE MATCHED: Ticker: HDFCBANK | Buy Order: 2171 | Sell Order: 1871 | Price: ₹1574.00 | Qty: 1 | Total: ₹1574.00
[2026-07-10 14:34:19] TRADE MATCHED: Ticker: TCS | Buy Order: 1207 | Sell Order: 2173 | Price: ₹3173.89 | Qty: 3 | Total: ₹9521.67
[2026-07-10 14:34:20] TRADE MATCHED: Ticker: TCS | Buy Order: 1207 | Sell Order: 2174 | Price: ₹3173.89 | Qty: 9 | Total: ₹28565.01
[2026-07-10 14:34:21] TRADE MATCHED: Ticker: TCS | Buy Order: 1279 | Sell Order: 2174 | Price: ₹3172.18 | Qty: 2 | Total: ₹6344.36
[2026-07-10 14:34:25] TRADE MATCHED: Ticker: HDFCBANK | Buy Order: 2177 | Sell Order: 1871 | Price: ₹1574.00 | Qty: 1 | Total: ₹1574.00
[2026-07-10 14:34:25] TRADE MATCHED: Ticker: HDFCBANK | Buy Order: 2177 | Sell Order: 2006 | Price: ₹1574.41 | Qty: 2 | Total: ₹3148.82
[2026-07-10 14:34:26] TRADE MATCHED: Ticker: SUNPHARMA | Buy Order: 2163 | Sell Order: 2178 | Price: ₹1058.95 | Qty: 1 | Total: ₹1058.95
[2026-07-10 14:34:26] TRADE MATCHED: Ticker: SUNPHARMA | Buy Order: 2125 | Sell Order: 2178 | Price: ₹1048.60 | Qty: 6 | Total: ₹6291.60
[2026-07-10 14:34:31] TRADE MATCHED: Ticker: TCS | Buy Order: 2182 | Sell Order: 2150 | Price: ₹3182.49 | Qty: 1 | Total: ₹3182.49
[2026-07-10 14:34:31] TRADE MATCHED: Ticker: TCS | Buy Order: 2182 | Sell Order: 2172 | Price: ₹3184.97 | Qty: 4 | Total: ₹12739.88
[2026-07-10 14:34:35] TRADE MATCHED: Ticker: TCS | Buy Order: 1279 | Sell Order: 2185 | Price: ₹3172.18 | Qty: 1 | Total: ₹3172.18
[2026-07-10 14:34:35] TRADE MATCHED: Ticker: HDFCBANK | Buy Order: 2186 | Sell Order: 2006 | Price: ₹1574.41 | Qty: 1 | Total: ₹1574.41
[2026-07-10 14:34:35] TRADE MATCHED: Ticker: HDFCBANK | Buy Order: 2186 | Sell Order: 1630 | Price: ₹1576.34 | Qty: 12 | Total: ₹18916.08
[2026-07-10 14:34:38] TRADE MATCHED: Ticker: HDFCBANK | Buy Order: 2011 | Sell Order: 2187 | Price: ₹1553.19 | Qty: 2 | Total: ₹3106.38
[2026-07-10 14:34:41] TRADE MATCHED: Ticker: TATAMOTORS | Buy Order: 2189 | Sell Order: 2151 | Price: ₹626.08 | Qty: 2 | Total: ₹1252.16
[2026-07-10 14:34:41] TRADE MATCHED: Ticker: TATAMOTORS | Buy Order: 2189 | Sell Order: 2184 | Price: ₹627.41 | Qty: 7 | Total: ₹4391.87
[2026-07-10 14:34:41] TRADE MATCHED: Ticker: HDFCBANK | Buy Order: 2011 | Sell Order: 2190 | Price: ₹1553.19 | Qty: 1 | Total: ₹1553.19
[2026-07-10 14:34:42] TRADE MATCHED: Ticker: HDFCBANK | Buy Order: 2133 | Sell Order: 2190 | Price: ₹1553.00 | Qty: 2 | Total: ₹3106.00
[2026-07-10 14:34:45] TRADE MATCHED: Ticker: SUNPHARMA | Buy Order: 2125 | Sell Order: 2192 | Price: ₹1048.60 | Qty: 2 | Total: ₹2097.20
[2026-07-10 14:34:45] TRADE MATCHED: Ticker: SUNPHARMA | Buy Order: 2149 | Sell Order: 2192 | Price: ₹1042.61 | Qty: 2 | Total: ₹2085.22
[2026-07-10 14:34:45] TRADE MATCHED: Ticker: SUNPHARMA | Buy Order: 1776 | Sell Order: 2192 | Price: ₹1042.34 | Qty: 2 | Total: ₹2084.68
[2026-07-10 14:34:45] TRADE MATCHED: Ticker: SUNPHARMA | Buy Order: 2070 | Sell Order: 2192 | Price: ₹1042.28 | Qty: 2 | Total: ₹2084.56
[2026-07-10 14:34:50] TRADE MATCHED: Ticker: HDFCBANK | Buy Order: 2133 | Sell Order: 2198 | Price: ₹1553.00 | Qty: 10 | Total: ₹15530.00
[2026-07-10 14:34:53] TRADE MATCHED: Ticker: RELIANCE | Buy Order: 2154 | Sell Order: 2199 | Price: ₹2286.27 | Qty: 2 | Total: ₹4572.54
[2026-07-10 14:34:53] TRADE MATCHED: Ticker: HDFCBANK | Buy Order: 2133 | Sell Order: 2200 | Price: ₹1553.00 | Qty: 1 | Total: ₹1553.00
[2026-07-10 14:34:53] TRADE MATCHED: Ticker: HDFCBANK | Buy Order: 2180 | Sell Order: 2200 | Price: ₹1551.42 | Qty: 10 | Total: ₹15514.20
[2026-07-10 14:34:53] TRADE MATCHED: Ticker: HDFCBANK | Buy Order: 2111 | Sell Order: 2200 | Price: ₹1550.72 | Qty: 1 | Total: ₹1550.72
[2026-07-10 14:34:55] TRADE MATCHED: Ticker: SUNPHARMA | Buy Order: 2070 | Sell Order: 2203 | Price: ₹1042.28 | Qty: 4 | Total: ₹4169.12
[2026-07-10 14:34:57] TRADE MATCHED: Ticker: SUNPHARMA | Buy Order: 2070 | Sell Order: 2204 | Price: ₹1042.28 | Qty: 8 | Total: ₹8338.24
[2026-07-10 14:34:57] TRADE MATCHED: Ticker: SUNPHARMA | Buy Order: 348 | Sell Order: 2204 | Price: ₹1042.25 | Qty: 2 | Total: ₹2084.50
[2026-07-10 14:34:59] TRADE MATCHED: Ticker: TCS | Buy Order: 2206 | Sell Order: 2196 | Price: ₹3192.75 | Qty: 11 | Total: ₹35120.25
[2026-07-10 14:34:59] TRADE MATCHED: Ticker: TCS | Buy Order: 2206 | Sell Order: 2106 | Price: ₹3205.66 | Qty: 4 | Total: ₹12822.64
[2026-07-10 14:35:00] TRADE MATCHED: Ticker: RELIANCE | Buy Order: 2207 | Sell Order: 2205 | Price: ₹2280.79 | Qty: 12 | Total: ₹27369.48
[2026-07-10 14:35:00] TRADE MATCHED: Ticker: RELIANCE | Buy Order: 2207 | Sell Order: 2199 | Price: ₹2282.25 | Qty: 2 | Total: ₹4564.50
[2026-07-10 14:35:03] TRADE MATCHED: Ticker: SUNPHARMA | Buy Order: 2210 | Sell Order: 2193 | Price: ₹1044.14 | Qty: 4 | Total: ₹4176.56
[2026-07-10 14:35:03] TRADE MATCHED: Ticker: SUNPHARMA | Buy Order: 2210 | Sell Order: 2208 | Price: ₹1053.55 | Qty: 4 | Total: ₹4214.20
[2026-07-10 14:35:03] TRADE MATCHED: Ticker: SUNPHARMA | Buy Order: 2210 | Sell Order: 2156 | Price: ₹1059.37 | Qty: 5 | Total: ₹5296.85
[2026-07-10 14:35:07] TRADE MATCHED: Ticker: RELIANCE | Buy Order: 2181 | Sell Order: 2213 | Price: ₹2280.26 | Qty: 12 | Total: ₹27363.12
[2026-07-10 14:35:07] TRADE MATCHED: Ticker: RELIANCE | Buy Order: 2188 | Sell Order: 2213 | Price: ₹2269.99 | Qty: 2 | Total: ₹4539.98
[2026-07-10 14:35:10] TRADE MATCHED: Ticker: HDFCBANK | Buy Order: 2215 | Sell Order: 1630 | Price: ₹1576.34 | Qty: 2 | Total: ₹3152.68
[2026-07-10 14:35:11] TRADE MATCHED: Ticker: HDFCBANK | Buy Order: 2215 | Sell Order: 2209 | Price: ₹1576.93 | Qty: 9 | Total: ₹14192.37
[2026-07-10 14:35:11] TRADE MATCHED: Ticker: SUNPHARMA | Buy Order: 2216 | Sell Order: 2157 | Price: ₹1061.11 | Qty: 1 | Total: ₹1061.11
[2026-07-10 14:35:15] TRADE MATCHED: Ticker: TCS | Buy Order: 2218 | Sell Order: 2214 | Price: ₹3173.33 | Qty: 2 | Total: ₹6346.66
[2026-07-10 14:35:16] TRADE MATCHED: Ticker: HDFCBANK | Buy Order: 2219 | Sell Order: 2209 | Price: ₹1576.93 | Qty: 6 | Total: ₹9461.58
[2026-07-10 14:35:16] TRADE MATCHED: Ticker: HDFCBANK | Buy Order: 2219 | Sell Order: 1576 | Price: ₹1577.58 | Qty: 8 | Total: ₹12620.64
[2026-07-10 14:35:19] TRADE MATCHED: Ticker: RELIANCE | Buy Order: 2188 | Sell Order: 2221 | Price: ₹2269.99 | Qty: 13 | Total: ₹29509.87
[2026-07-10 14:35:19] TRADE MATCHED: Ticker: RELIANCE | Buy Order: 2073 | Sell Order: 2221 | Price: ₹2259.25 | Qty: 1 | Total: ₹2259.25
[2026-07-10 14:35:20] TRADE MATCHED: Ticker: TATAMOTORS | Buy Order: 2222 | Sell Order: 2045 | Price: ₹632.31 | Qty: 9 | Total: ₹5690.79
[2026-07-10 14:35:22] TRADE MATCHED: Ticker: HDFCBANK | Buy Order: 2223 | Sell Order: 1576 | Price: ₹1577.58 | Qty: 2 | Total: ₹3155.16
[2026-07-10 14:35:22] TRADE MATCHED: Ticker: HDFCBANK | Buy Order: 2223 | Sell Order: 1340 | Price: ₹1578.13 | Qty: 5 | Total: ₹7890.65
[2026-07-10 14:35:22] TRADE MATCHED: Ticker: RELIANCE | Buy Order: 2224 | Sell Order: 2199 | Price: ₹2282.25 | Qty: 4 | Total: ₹9129.00
[2026-07-10 14:35:26] TRADE MATCHED: Ticker: RELIANCE | Buy Order: 2224 | Sell Order: 2226 | Price: ₹2282.60 | Qty: 1 | Total: ₹2282.60
[2026-07-10 14:35:27] TRADE MATCHED: Ticker: HDFCBANK | Buy Order: 2220 | Sell Order: 2228 | Price: ₹1572.73 | Qty: 6 | Total: ₹9436.38
[2026-07-10 14:35:28] TRADE MATCHED: Ticker: HDFCBANK | Buy Order: 2229 | Sell Order: 2228 | Price: ₹1569.91 | Qty: 5 | Total: ₹7849.55
[2026-07-10 14:35:31] TRADE MATCHED: Ticker: SUNPHARMA | Buy Order: 2210 | Sell Order: 2231 | Price: ₹1060.96 | Qty: 2 | Total: ₹2121.92
[2026-07-10 14:35:32] TRADE MATCHED: Ticker: SUNPHARMA | Buy Order: 2232 | Sell Order: 2231 | Price: ₹1047.34 | Qty: 4 | Total: ₹4189.36
[2026-07-10 14:35:33] TRADE MATCHED: Ticker: TATAMOTORS | Buy Order: 2233 | Sell Order: 1684 | Price: ₹633.76 | Qty: 6 | Total: ₹3802.56
[2026-07-10 14:35:33] TRADE MATCHED: Ticker: TATAMOTORS | Buy Order: 2233 | Sell Order: 2002 | Price: ₹633.97 | Qty: 2 | Total: ₹1267.94
[2026-07-10 14:35:36] TRADE MATCHED: Ticker: TCS | Buy Order: 2236 | Sell Order: 2214 | Price: ₹3173.33 | Qty: 2 | Total: ₹6346.66
[2026-07-10 14:35:36] TRADE MATCHED: Ticker: TCS | Buy Order: 2236 | Sell Order: 2106 | Price: ₹3205.66 | Qty: 4 | Total: ₹12822.64
[2026-07-10 14:35:40] TRADE MATCHED: Ticker: SUNPHARMA | Buy Order: 2239 | Sell Order: 2237 | Price: ₹1045.27 | Qty: 1 | Total: ₹1045.27
[2026-07-10 14:35:40] TRADE MATCHED: Ticker: SUNPHARMA | Buy Order: 2239 | Sell Order: 2231 | Price: ₹1047.34 | Qty: 3 | Total: ₹3142.02
[2026-07-10 14:35:41] TRADE MATCHED: Ticker: SUNPHARMA | Buy Order: 2239 | Sell Order: 2157 | Price: ₹1061.11 | Qty: 7 | Total: ₹7427.77
[2026-07-10 14:35:44] TRADE MATCHED: Ticker: RELIANCE | Buy Order: 2224 | Sell Order: 2241 | Price: ₹2282.60 | Qty: 2 | Total: ₹4565.20
[2026-07-10 14:35:46] TRADE MATCHED: Ticker: HDFCBANK | Buy Order: 2244 | Sell Order: 1340 | Price: ₹1578.13 | Qty: 3 | Total: ₹4734.39
[2026-07-10 14:35:46] TRADE MATCHED: Ticker: HDFCBANK | Buy Order: 2244 | Sell Order: 2049 | Price: ₹1578.48 | Qty: 7 | Total: ₹11049.36
[2026-07-10 14:35:49] TRADE MATCHED: Ticker: TCS | Buy Order: 2169 | Sell Order: 2245 | Price: ₹3168.76 | Qty: 1 | Total: ₹3168.76
[2026-07-10 14:35:51] TRADE MATCHED: Ticker: SUNPHARMA | Buy Order: 2242 | Sell Order: 2247 | Price: ₹1048.03 | Qty: 5 | Total: ₹5240.15
[2026-07-10 14:35:51] TRADE MATCHED: Ticker: SUNPHARMA | Buy Order: 348 | Sell Order: 2247 | Price: ₹1042.25 | Qty: 1 | Total: ₹1042.25
[2026-07-10 14:35:55] TRADE MATCHED: Ticker: TATAMOTORS | Buy Order: 2251 | Sell Order: 2002 | Price: ₹633.97 | Qty: 5 | Total: ₹3169.85
[2026-07-10 14:35:55] TRADE MATCHED: Ticker: TATAMOTORS | Buy Order: 2251 | Sell Order: 2057 | Price: ₹634.24 | Qty: 10 | Total: ₹6342.40
[2026-07-10 14:36:00] TRADE MATCHED: Ticker: RELIANCE | Buy Order: 2256 | Sell Order: 2255 | Price: ₹2259.38 | Qty: 3 | Total: ₹6778.14
[2026-07-10 14:36:04] TRADE MATCHED: Ticker: RELIANCE | Buy Order: 2259 | Sell Order: 2255 | Price: ₹2259.38 | Qty: 4 | Total: ₹9037.52
[2026-07-10 14:36:04] TRADE MATCHED: Ticker: RELIANCE | Buy Order: 2259 | Sell Order: 1762 | Price: ₹2286.65 | Qty: 3 | Total: ₹6859.95
[2026-07-10 14:36:05] TRADE MATCHED: Ticker: RELIANCE | Buy Order: 2259 | Sell Order: 1756 | Price: ₹2286.83 | Qty: 8 | Total: ₹18294.64
[2026-07-10 14:36:07] TRADE MATCHED: Ticker: SUNPHARMA | Buy Order: 2258 | Sell Order: 2262 | Price: ₹1053.40 | Qty: 7 | Total: ₹7373.80
[2026-07-10 14:36:13] TRADE MATCHED: Ticker: SUNPHARMA | Buy Order: 2263 | Sell Order: 2268 | Price: ₹1060.87 | Qty: 1 | Total: ₹1060.87
[2026-07-10 14:36:17] TRADE MATCHED: Ticker: HDFCBANK | Buy Order: 2244 | Sell Order: 2270 | Price: ₹1578.79 | Qty: 1 | Total: ₹1578.79
[2026-07-10 14:36:17] TRADE MATCHED: Ticker: HDFCBANK | Buy Order: 2248 | Sell Order: 2270 | Price: ₹1578.29 | Qty: 3 | Total: ₹4734.87
[2026-07-10 14:36:17] TRADE MATCHED: Ticker: TCS | Buy Order: 2169 | Sell Order: 2272 | Price: ₹3168.76 | Qty: 2 | Total: ₹6337.52
[2026-07-10 14:36:21] TRADE MATCHED: Ticker: SUNPHARMA | Buy Order: 2263 | Sell Order: 2275 | Price: ₹1060.87 | Qty: 4 | Total: ₹4243.48
[2026-07-10 14:36:25] TRADE MATCHED: Ticker: TCS | Buy Order: 2278 | Sell Order: 2273 | Price: ₹3185.05 | Qty: 11 | Total: ₹35035.55
[2026-07-10 14:36:26] TRADE MATCHED: Ticker: TCS | Buy Order: 2279 | Sell Order: 2273 | Price: ₹3185.05 | Qty: 1 | Total: ₹3185.05
[2026-07-10 14:36:27] TRADE MATCHED: Ticker: TCS | Buy Order: 2279 | Sell Order: 2264 | Price: ₹3188.40 | Qty: 2 | Total: ₹6376.80
[2026-07-10 14:36:29] TRADE MATCHED: Ticker: RELIANCE | Buy Order: 2280 | Sell Order: 2261 | Price: ₹2272.54 | Qty: 9 | Total: ₹20452.86
[2026-07-10 14:36:29] TRADE MATCHED: Ticker: TATAMOTORS | Buy Order: 2222 | Sell Order: 2282 | Price: ₹633.10 | Qty: 1 | Total: ₹633.10
[2026-07-10 14:36:29] TRADE MATCHED: Ticker: TATAMOTORS | Buy Order: 2249 | Sell Order: 2282 | Price: ₹632.10 | Qty: 9 | Total: ₹5688.90
[2026-07-10 14:36:34] TRADE MATCHED: Ticker: TCS | Buy Order: 2283 | Sell Order: 2264 | Price: ₹3188.40 | Qty: 5 | Total: ₹15942.00
[2026-07-10 14:36:34] TRADE MATCHED: Ticker: TCS | Buy Order: 2283 | Sell Order: 2240 | Price: ₹3195.73 | Qty: 3 | Total: ₹9587.19
[2026-07-10 14:36:34] TRADE MATCHED: Ticker: TCS | Buy Order: 2283 | Sell Order: 2106 | Price: ₹3205.66 | Qty: 1 | Total: ₹3205.66
[2026-07-10 14:36:34] TRADE MATCHED: Ticker: TCS | Buy Order: 2283 | Sell Order: 2099 | Price: ₹3206.83 | Qty: 1 | Total: ₹3206.83
[2026-07-10 14:36:41] TRADE MATCHED: Ticker: HDFCBANK | Buy Order: 2248 | Sell Order: 2290 | Price: ₹1578.29 | Qty: 3 | Total: ₹4734.87
[2026-07-10 14:36:41] TRADE MATCHED: Ticker: HDFCBANK | Buy Order: 2229 | Sell Order: 2290 | Price: ₹1570.95 | Qty: 4 | Total: ₹6283.80
[2026-07-10 14:36:45] TRADE MATCHED: Ticker: TATAMOTORS | Buy Order: 2289 | Sell Order: 2292 | Price: ₹632.42 | Qty: 2 | Total: ₹1264.84
[2026-07-10 14:36:47] TRADE MATCHED: Ticker: RELIANCE | Buy Order: 2295 | Sell Order: 2265 | Price: ₹2282.12 | Qty: 4 | Total: ₹9128.48
[2026-07-10 14:36:47] TRADE MATCHED: Ticker: RELIANCE | Buy Order: 2295 | Sell Order: 1756 | Price: ₹2286.83 | Qty: 1 | Total: ₹2286.83
[2026-07-10 14:36:47] TRADE MATCHED: Ticker: RELIANCE | Buy Order: 2295 | Sell Order: 1709 | Price: ₹2292.14 | Qty: 4 | Total: ₹9168.56
[2026-07-10 14:36:49] TRADE MATCHED: Ticker: SUNPHARMA | Buy Order: 2296 | Sell Order: 2157 | Price: ₹1061.11 | Qty: 2 | Total: ₹2122.22
[2026-07-10 14:36:49] TRADE MATCHED: Ticker: SUNPHARMA | Buy Order: 2296 | Sell Order: 2035 | Price: ₹1061.68 | Qty: 1 | Total: ₹1061.68
[2026-07-10 14:36:50] TRADE MATCHED: Ticker: SUNPHARMA | Buy Order: 2296 | Sell Order: 2147 | Price: ₹1061.98 | Qty: 6 | Total: ₹6371.88
[2026-07-10 14:36:50] TRADE MATCHED: Ticker: SUNPHARMA | Buy Order: 2296 | Sell Order: 1911 | Price: ₹1062.81 | Qty: 4 | Total: ₹4251.24
[2026-07-10 14:36:51] TRADE MATCHED: Ticker: HDFCBANK | Buy Order: 2299 | Sell Order: 1542 | Price: ₹1580.25 | Qty: 13 | Total: ₹20543.25
[2026-07-10 14:36:57] TRADE MATCHED: Ticker: HDFCBANK | Buy Order: 2305 | Sell Order: 1542 | Price: ₹1580.25 | Qty: 1 | Total: ₹1580.25
[2026-07-10 14:36:57] TRADE MATCHED: Ticker: HDFCBANK | Buy Order: 2305 | Sell Order: 1523 | Price: ₹1580.42 | Qty: 1 | Total: ₹1580.42
[2026-07-10 14:36:58] TRADE MATCHED: Ticker: HDFCBANK | Buy Order: 2305 | Sell Order: 1548 | Price: ₹1580.89 | Qty: 3 | Total: ₹4742.67
[2026-07-10 14:37:01] TRADE MATCHED: Ticker: RELIANCE | Buy Order: 2308 | Sell Order: 1709 | Price: ₹2292.14 | Qty: 2 | Total: ₹4584.28
[2026-07-10 14:37:01] TRADE MATCHED: Ticker: RELIANCE | Buy Order: 2308 | Sell Order: 2235 | Price: ₹2294.88 | Qty: 8 | Total: ₹18359.04
[2026-07-10 14:37:04] TRADE MATCHED: Ticker: TCS | Buy Order: 2310 | Sell Order: 2099 | Price: ₹3206.83 | Qty: 3 | Total: ₹9620.49
[2026-07-10 14:37:06] TRADE MATCHED: Ticker: TATAMOTORS | Buy Order: 2289 | Sell Order: 2312 | Price: ₹632.42 | Qty: 10 | Total: ₹6324.20
[2026-07-10 14:37:06] TRADE MATCHED: Ticker: TATAMOTORS | Buy Order: 2249 | Sell Order: 2312 | Price: ₹632.10 | Qty: 3 | Total: ₹1896.30
[2026-07-10 14:37:07] TRADE MATCHED: Ticker: RELIANCE | Buy Order: 2313 | Sell Order: 2309 | Price: ₹2293.56 | Qty: 4 | Total: ₹9174.24
[2026-07-10 14:37:07] TRADE MATCHED: Ticker: RELIANCE | Buy Order: 2313 | Sell Order: 2235 | Price: ₹2294.88 | Qty: 1 | Total: ₹2294.88
[2026-07-10 14:37:08] TRADE MATCHED: Ticker: RELIANCE | Buy Order: 2313 | Sell Order: 2064 | Price: ₹2295.62 | Qty: 5 | Total: ₹11478.10
[2026-07-10 14:37:09] TRADE MATCHED: Ticker: TATAMOTORS | Buy Order: 2314 | Sell Order: 2057 | Price: ₹634.24 | Qty: 3 | Total: ₹1902.72
[2026-07-10 14:37:09] TRADE MATCHED: Ticker: TATAMOTORS | Buy Order: 2314 | Sell Order: 2287 | Price: ₹634.54 | Qty: 5 | Total: ₹3172.70
[2026-07-10 14:37:09] TRADE MATCHED: Ticker: TATAMOTORS | Buy Order: 2314 | Sell Order: 1244 | Price: ₹635.12 | Qty: 1 | Total: ₹635.12
[2026-07-10 14:37:09] TRADE MATCHED: Ticker: TATAMOTORS | Buy Order: 2314 | Sell Order: 2254 | Price: ₹635.26 | Qty: 4 | Total: ₹2541.04
[2026-07-10 14:37:09] TRADE MATCHED: Ticker: HDFCBANK | Buy Order: 2315 | Sell Order: 1548 | Price: ₹1580.89 | Qty: 2 | Total: ₹3161.78
[2026-07-10 14:37:12] TRADE MATCHED: Ticker: TATAMOTORS | Buy Order: 2249 | Sell Order: 2318 | Price: ₹632.10 | Qty: 2 | Total: ₹1264.20
[2026-07-10 14:37:12] TRADE MATCHED: Ticker: TATAMOTORS | Buy Order: 2189 | Sell Order: 2318 | Price: ₹631.57 | Qty: 4 | Total: ₹2526.28
[2026-07-10 14:37:16] TRADE MATCHED: Ticker: TATAMOTORS | Buy Order: 2320 | Sell Order: 2254 | Price: ₹635.26 | Qty: 3 | Total: ₹1905.78
[2026-07-10 14:37:16] TRADE MATCHED: Ticker: TATAMOTORS | Buy Order: 2320 | Sell Order: 2302 | Price: ₹635.71 | Qty: 8 | Total: ₹5085.68
[2026-07-10 14:37:16] TRADE MATCHED: Ticker: TATAMOTORS | Buy Order: 2320 | Sell Order: 2179 | Price: ₹635.92 | Qty: 1 | Total: ₹635.92
[2026-07-10 14:37:16] TRADE MATCHED: Ticker: HDFCBANK | Buy Order: 2321 | Sell Order: 1548 | Price: ₹1580.89 | Qty: 3 | Total: ₹4742.67
[2026-07-10 14:37:17] TRADE MATCHED: Ticker: SUNPHARMA | Buy Order: 2263 | Sell Order: 2322 | Price: ₹1060.87 | Qty: 1 | Total: ₹1060.87
[2026-07-10 14:37:18] TRADE MATCHED: Ticker: RELIANCE | Buy Order: 2280 | Sell Order: 2323 | Price: ₹2282.00 | Qty: 1 | Total: ₹2282.00
[2026-07-10 14:37:20] TRADE MATCHED: Ticker: HDFCBANK | Buy Order: 2325 | Sell Order: 1548 | Price: ₹1580.89 | Qty: 2 | Total: ₹3161.78
[2026-07-10 14:37:20] TRADE MATCHED: Ticker: HDFCBANK | Buy Order: 2325 | Sell Order: 2277 | Price: ₹1582.27 | Qty: 10 | Total: ₹15822.70
[2026-07-10 14:37:23] TRADE MATCHED: Ticker: TCS | Buy Order: 2169 | Sell Order: 2327 | Price: ₹3168.76 | Qty: 4 | Total: ₹12675.04
[2026-07-10 14:37:23] TRADE MATCHED: Ticker: TCS | Buy Order: 1789 | Sell Order: 2327 | Price: ₹3167.77 | Qty: 10 | Total: ₹31677.70
[2026-07-10 14:37:28] TRADE MATCHED: Ticker: RELIANCE | Buy Order: 2280 | Sell Order: 2331 | Price: ₹2282.00 | Qty: 4 | Total: ₹9128.00
[2026-07-10 14:37:32] TRADE MATCHED: Ticker: HDFCBANK | Buy Order: 2334 | Sell Order: 2277 | Price: ₹1582.27 | Qty: 3 | Total: ₹4746.81
[2026-07-10 14:37:32] TRADE MATCHED: Ticker: HDFCBANK | Buy Order: 2334 | Sell Order: 1996 | Price: ₹1582.48 | Qty: 2 | Total: ₹3164.96
[2026-07-10 14:37:32] TRADE MATCHED: Ticker: RELIANCE | Buy Order: 2335 | Sell Order: 2064 | Price: ₹2295.62 | Qty: 10 | Total: ₹22956.20
[2026-07-10 14:37:32] TRADE MATCHED: Ticker: RELIANCE | Buy Order: 2335 | Sell Order: 1454 | Price: ₹2297.89 | Qty: 1 | Total: ₹2297.89
[2026-07-10 14:37:32] TRADE MATCHED: Ticker: RELIANCE | Buy Order: 2335 | Sell Order: 1277 | Price: ₹2298.03 | Qty: 4 | Total: ₹9192.12
[2026-07-10 14:37:36] TRADE MATCHED: Ticker: SUNPHARMA | Buy Order: 2263 | Sell Order: 2337 | Price: ₹1060.87 | Qty: 8 | Total: ₹8486.96
[2026-07-10 14:37:41] TRADE MATCHED: Ticker: SUNPHARMA | Buy Order: 2341 | Sell Order: 2297 | Price: ₹1063.29 | Qty: 2 | Total: ₹2126.58
[2026-07-10 14:37:42] TRADE MATCHED: Ticker: HDFCBANK | Buy Order: 2334 | Sell Order: 2342 | Price: ₹1582.75 | Qty: 3 | Total: ₹4748.25
[2026-07-10 14:37:42] TRADE MATCHED: Ticker: HDFCBANK | Buy Order: 2229 | Sell Order: 2342 | Price: ₹1570.95 | Qty: 3 | Total: ₹4712.85
[2026-07-10 14:37:47] TRADE MATCHED: Ticker: HDFCBANK | Buy Order: 2346 | Sell Order: 2342 | Price: ₹1569.87 | Qty: 4 | Total: ₹6279.48
[2026-07-10 14:37:47] TRADE MATCHED: Ticker: HDFCBANK | Buy Order: 2346 | Sell Order: 2238 | Price: ₹1583.40 | Qty: 5 | Total: ₹7917.00
[2026-07-10 14:37:49] TRADE MATCHED: Ticker: TCS | Buy Order: 2349 | Sell Order: 2326 | Price: ₹3194.98 | Qty: 4 | Total: ₹12779.92
[2026-07-10 14:37:50] TRADE MATCHED: Ticker: HDFCBANK | Buy Order: 2298 | Sell Order: 2350 | Price: ₹1561.02 | Qty: 5 | Total: ₹7805.10
[2026-07-10 14:37:52] TRADE MATCHED: Ticker: SUNPHARMA | Buy Order: 2351 | Sell Order: 2297 | Price: ₹1063.29 | Qty: 4 | Total: ₹4253.16
[2026-07-10 14:37:52] TRADE MATCHED: Ticker: SUNPHARMA | Buy Order: 2351 | Sell Order: 1793 | Price: ₹1063.30 | Qty: 3 | Total: ₹3189.90
[2026-07-10 14:37:53] TRADE MATCHED: Ticker: TCS | Buy Order: 2349 | Sell Order: 2352 | Price: ₹3202.74 | Qty: 7 | Total: ₹22419.18
[2026-07-10 14:37:55] TRADE MATCHED: Ticker: TCS | Buy Order: 2336 | Sell Order: 2354 | Price: ₹3183.55 | Qty: 5 | Total: ₹15917.75
[2026-07-10 14:37:55] TRADE MATCHED: Ticker: TCS | Buy Order: 1789 | Sell Order: 2354 | Price: ₹3167.77 | Qty: 2 | Total: ₹6335.54
[2026-07-10 14:37:59] TRADE MATCHED: Ticker: TATAMOTORS | Buy Order: 2357 | Sell Order: 2340 | Price: ₹635.67 | Qty: 3 | Total: ₹1907.01
[2026-07-10 14:38:00] TRADE MATCHED: Ticker: SUNPHARMA | Buy Order: 2358 | Sell Order: 1793 | Price: ₹1063.30 | Qty: 4 | Total: ₹4253.20
[2026-07-10 14:38:06] TRADE MATCHED: Ticker: HDFCBANK | Buy Order: 2362 | Sell Order: 2350 | Price: ₹1555.05 | Qty: 6 | Total: ₹9330.30
[2026-07-10 14:38:06] TRADE MATCHED: Ticker: HDFCBANK | Buy Order: 2362 | Sell Order: 2360 | Price: ₹1566.86 | Qty: 3 | Total: ₹4700.58
[2026-07-10 14:38:06] TRADE MATCHED: Ticker: TATAMOTORS | Buy Order: 2363 | Sell Order: 2340 | Price: ₹635.67 | Qty: 7 | Total: ₹4449.69
[2026-07-10 14:38:10] TRADE MATCHED: Ticker: HDFCBANK | Buy Order: 2365 | Sell Order: 2360 | Price: ₹1566.86 | Qty: 9 | Total: ₹14101.74
[2026-07-10 14:38:14] TRADE MATCHED: Ticker: RELIANCE | Buy Order: 2368 | Sell Order: 1277 | Price: ₹2298.03 | Qty: 7 | Total: ₹16086.21
[2026-07-10 14:38:14] TRADE MATCHED: Ticker: RELIANCE | Buy Order: 2368 | Sell Order: 1455 | Price: ₹2300.91 | Qty: 4 | Total: ₹9203.64
[2026-07-10 14:43:51] TRADE MATCHED: Ticker: TCS | Buy Order: 2001 | Sell Order: 2375 | Price: ₹3166.53 | Qty: 3 | Total: ₹9499.59
[2026-07-10 14:43:58] TRADE MATCHED: Ticker: RELIANCE | Buy Order: 2377 | Sell Order: 2380 | Price: ₹2297.82 | Qty: 1 | Total: ₹2297.82
[2026-07-10 14:53:45] TRADE MATCHED: Ticker: TATAMOTORS | Buy Order: 2328 | Sell Order: 2384 | Price: ₹635.16 | Qty: 6 | Total: ₹3810.96
[2026-07-10 14:53:50] TRADE MATCHED: Ticker: TCS | Buy Order: 2376 | Sell Order: 2388 | Price: ₹3198.91 | Qty: 7 | Total: ₹22392.37
[2026-07-10 14:53:53] TRADE MATCHED: Ticker: RELIANCE | Buy Order: 2390 | Sell Order: 1455 | Price: ₹2300.91 | Qty: 1 | Total: ₹2300.91
[2026-07-10 14:53:54] TRADE MATCHED: Ticker: RELIANCE | Buy Order: 2390 | Sell Order: 2269 | Price: ₹2300.97 | Qty: 8 | Total: ₹18407.76
[2026-07-10 14:53:57] TRADE MATCHED: Ticker: RELIANCE | Buy Order: 2383 | Sell Order: 2393 | Price: ₹2299.26 | Qty: 11 | Total: ₹25291.86
[2026-07-10 14:53:57] TRADE MATCHED: Ticker: RELIANCE | Buy Order: 2377 | Sell Order: 2393 | Price: ₹2297.82 | Qty: 2 | Total: ₹4595.64
[2026-07-10 14:53:57] TRADE MATCHED: Ticker: TCS | Buy Order: 2001 | Sell Order: 2392 | Price: ₹3166.53 | Qty: 1 | Total: ₹3166.53
[2026-07-10 14:54:00] TRADE MATCHED: Ticker: HDFCBANK | Buy Order: 2395 | Sell Order: 2373 | Price: ₹1566.79 | Qty: 7 | Total: ₹10967.53
[2026-07-10 14:54:01] TRADE MATCHED: Ticker: SUNPHARMA | Buy Order: 2396 | Sell Order: 2367 | Price: ₹1063.28 | Qty: 11 | Total: ₹11696.08
[2026-07-10 14:54:01] TRADE MATCHED: Ticker: SUNPHARMA | Buy Order: 2396 | Sell Order: 1793 | Price: ₹1063.30 | Qty: 1 | Total: ₹1063.30
[2026-07-10 14:54:01] TRADE MATCHED: Ticker: SUNPHARMA | Buy Order: 2396 | Sell Order: 1965 | Price: ₹1064.01 | Qty: 2 | Total: ₹2128.02
[2026-07-10 14:54:07] TRADE MATCHED: Ticker: HDFCBANK | Buy Order: 2402 | Sell Order: 2373 | Price: ₹1566.79 | Qty: 2 | Total: ₹3133.58
[2026-07-10 14:54:07] TRADE MATCHED: Ticker: HDFCBANK | Buy Order: 2402 | Sell Order: 2360 | Price: ₹1566.86 | Qty: 2 | Total: ₹3133.72
[2026-07-10 14:54:07] TRADE MATCHED: Ticker: HDFCBANK | Buy Order: 2402 | Sell Order: 2348 | Price: ₹1572.79 | Qty: 6 | Total: ₹9436.74
[2026-07-10 14:54:07] TRADE MATCHED: Ticker: HDFCBANK | Buy Order: 2402 | Sell Order: 2361 | Price: ₹1574.49 | Qty: 3 | Total: ₹4723.47
[2026-07-10 14:54:07] TRADE MATCHED: Ticker: HDFCBANK | Buy Order: 2402 | Sell Order: 2379 | Price: ₹1579.50 | Qty: 2 | Total: ₹3159.00
[2026-07-10 14:54:08] TRADE MATCHED: Ticker: TCS | Buy Order: 2403 | Sell Order: 2388 | Price: ₹3182.71 | Qty: 3 | Total: ₹9548.13
[2026-07-10 14:54:11] TRADE MATCHED: Ticker: SUNPHARMA | Buy Order: 2263 | Sell Order: 2404 | Price: ₹1060.87 | Qty: 1 | Total: ₹1060.87
[2026-07-10 14:54:11] TRADE MATCHED: Ticker: SUNPHARMA | Buy Order: 2291 | Sell Order: 2404 | Price: ₹1055.99 | Qty: 9 | Total: ₹9503.91
[2026-07-10 14:54:13] TRADE MATCHED: Ticker: RELIANCE | Buy Order: 2406 | Sell Order: 2269 | Price: ₹2300.97 | Qty: 2 | Total: ₹4601.94
[2026-07-10 14:54:14] TRADE MATCHED: Ticker: TATAMOTORS | Buy Order: 2408 | Sell Order: 2384 | Price: ₹631.51 | Qty: 2 | Total: ₹1263.02
[2026-07-10 14:54:16] TRADE MATCHED: Ticker: RELIANCE | Buy Order: 2377 | Sell Order: 2409 | Price: ₹2297.82 | Qty: 6 | Total: ₹13786.92
[2026-07-10 14:54:18] TRADE MATCHED: Ticker: RELIANCE | Buy Order: 2397 | Sell Order: 2412 | Price: ₹2290.40 | Qty: 13 | Total: ₹29775.20
[2026-07-10 14:54:21] TRADE MATCHED: Ticker: SUNPHARMA | Buy Order: 2258 | Sell Order: 2414 | Price: ₹1053.40 | Qty: 1 | Total: ₹1053.40
[2026-07-10 14:54:21] TRADE MATCHED: Ticker: SUNPHARMA | Buy Order: 2401 | Sell Order: 2414 | Price: ₹1050.53 | Qty: 7 | Total: ₹7353.71
[2026-07-10 14:54:21] TRADE MATCHED: Ticker: RELIANCE | Buy Order: 2397 | Sell Order: 2415 | Price: ₹2290.40 | Qty: 1 | Total: ₹2290.40
[2026-07-10 14:54:21] TRADE MATCHED: Ticker: RELIANCE | Buy Order: 2366 | Sell Order: 2415 | Price: ₹2288.01 | Qty: 8 | Total: ₹18304.08
[2026-07-10 14:54:27] TRADE MATCHED: Ticker: TCS | Buy Order: 2419 | Sell Order: 2413 | Price: ₹3194.73 | Qty: 6 | Total: ₹19168.38
[2026-07-10 14:54:27] TRADE MATCHED: Ticker: TCS | Buy Order: 2419 | Sell Order: 2099 | Price: ₹3206.83 | Qty: 4 | Total: ₹12827.32
[2026-07-10 14:54:30] TRADE MATCHED: Ticker: SUNPHARMA | Buy Order: 2422 | Sell Order: 2398 | Price: ₹1060.93 | Qty: 6 | Total: ₹6365.58
[2026-07-10 14:54:35] TRADE MATCHED: Ticker: HDFCBANK | Buy Order: 2427 | Sell Order: 2416 | Price: ₹1572.61 | Qty: 3 | Total: ₹4717.83
[2026-07-10 14:54:37] TRADE MATCHED: Ticker: SUNPHARMA | Buy Order: 2429 | Sell Order: 2430 | Price: ₹1053.58 | Qty: 5 | Total: ₹5267.90
[2026-07-10 14:54:39] TRADE MATCHED: Ticker: HDFCBANK | Buy Order: 2431 | Sell Order: 2416 | Price: ₹1572.61 | Qty: 5 | Total: ₹7863.05
[2026-07-10 14:54:39] TRADE MATCHED: Ticker: HDFCBANK | Buy Order: 2431 | Sell Order: 2379 | Price: ₹1579.50 | Qty: 5 | Total: ₹7897.50
[2026-07-10 14:54:40] TRADE MATCHED: Ticker: RELIANCE | Buy Order: 2432 | Sell Order: 2409 | Price: ₹2293.49 | Qty: 6 | Total: ₹13760.94
[2026-07-10 14:54:43] TRADE MATCHED: Ticker: TATAMOTORS | Buy Order: 2433 | Sell Order: 2384 | Price: ₹631.51 | Qty: 5 | Total: ₹3157.55
[2026-07-10 14:54:44] TRADE MATCHED: Ticker: HDFCBANK | Buy Order: 2435 | Sell Order: 2238 | Price: ₹1583.40 | Qty: 2 | Total: ₹3166.80
[2026-07-10 14:54:44] TRADE MATCHED: Ticker: HDFCBANK | Buy Order: 2435 | Sell Order: 1397 | Price: ₹1584.32 | Qty: 7 | Total: ₹11090.24
[2026-07-10 14:54:44] TRADE MATCHED: Ticker: HDFCBANK | Buy Order: 2435 | Sell Order: 1373 | Price: ₹1584.81 | Qty: 2 | Total: ₹3169.62
[2026-07-10 14:54:44] TRADE MATCHED: Ticker: HDFCBANK | Buy Order: 2435 | Sell Order: 2127 | Price: ₹1586.19 | Qty: 3 | Total: ₹4758.57
[2026-07-10 14:54:46] TRADE MATCHED: Ticker: HDFCBANK | Buy Order: 2436 | Sell Order: 2127 | Price: ₹1586.19 | Qty: 3 | Total: ₹4758.57
[2026-07-10 14:54:46] TRADE MATCHED: Ticker: TCS | Buy Order: 2437 | Sell Order: 2425 | Price: ₹3185.90 | Qty: 1 | Total: ₹3185.90
[2026-07-10 14:54:46] TRADE MATCHED: Ticker: TATAMOTORS | Buy Order: 2252 | Sell Order: 2438 | Price: ₹630.94 | Qty: 7 | Total: ₹4416.58
[2026-07-10 14:54:48] TRADE MATCHED: Ticker: SUNPHARMA | Buy Order: 2429 | Sell Order: 2439 | Price: ₹1053.58 | Qty: 4 | Total: ₹4214.32
[2026-07-10 14:54:48] TRADE MATCHED: Ticker: SUNPHARMA | Buy Order: 2401 | Sell Order: 2439 | Price: ₹1050.53 | Qty: 4 | Total: ₹4202.12
[2026-07-10 14:54:48] TRADE MATCHED: Ticker: TATAMOTORS | Buy Order: 2252 | Sell Order: 2440 | Price: ₹630.94 | Qty: 5 | Total: ₹3154.70
[2026-07-10 14:54:48] TRADE MATCHED: Ticker: TATAMOTORS | Buy Order: 2300 | Sell Order: 2440 | Price: ₹629.85 | Qty: 8 | Total: ₹5038.80
[2026-07-10 14:54:50] TRADE MATCHED: Ticker: TCS | Buy Order: 2001 | Sell Order: 2441 | Price: ₹3166.53 | Qty: 8 | Total: ₹25332.24
[2026-07-10 14:54:50] TRADE MATCHED: Ticker: TCS | Buy Order: 2212 | Sell Order: 2441 | Price: ₹3163.68 | Qty: 7 | Total: ₹22145.76
[2026-07-10 14:54:51] TRADE MATCHED: Ticker: TATAMOTORS | Buy Order: 2443 | Sell Order: 2385 | Price: ₹633.00 | Qty: 6 | Total: ₹3798.00
[2026-07-10 14:54:51] TRADE MATCHED: Ticker: TATAMOTORS | Buy Order: 2443 | Sell Order: 2434 | Price: ₹633.00 | Qty: 6 | Total: ₹3798.00
[2026-07-10 14:54:53] TRADE MATCHED: Ticker: SUNPHARMA | Buy Order: 2401 | Sell Order: 2444 | Price: ₹1050.53 | Qty: 4 | Total: ₹4202.12
[2026-07-10 14:54:53] TRADE MATCHED: Ticker: TATAMOTORS | Buy Order: 2445 | Sell Order: 2434 | Price: ₹633.00 | Qty: 1 | Total: ₹633.00
[2026-07-10 14:54:53] TRADE MATCHED: Ticker: TATAMOTORS | Buy Order: 2445 | Sell Order: 2340 | Price: ₹635.67 | Qty: 3 | Total: ₹1907.01
[2026-07-10 14:54:53] TRADE MATCHED: Ticker: TATAMOTORS | Buy Order: 2445 | Sell Order: 2179 | Price: ₹635.92 | Qty: 1 | Total: ₹635.92
[2026-07-10 14:54:56] TRADE MATCHED: Ticker: TCS | Buy Order: 2447 | Sell Order: 2425 | Price: ₹3185.90 | Qty: 8 | Total: ₹25487.20
[2026-07-10 14:54:58] TRADE MATCHED: Ticker: TCS | Buy Order: 2447 | Sell Order: 2448 | Price: ₹3195.75 | Qty: 6 | Total: ₹19174.50
[2026-07-10 14:54:58] TRADE MATCHED: Ticker: TCS | Buy Order: 2212 | Sell Order: 2448 | Price: ₹3163.68 | Qty: 4 | Total: ₹12654.72
[2026-07-10 14:55:14] TRADE MATCHED: Ticker: TATAMOTORS | Buy Order: 2464 | Sell Order: 2179 | Price: ₹635.92 | Qty: 3 | Total: ₹1907.76
[2026-07-10 14:55:15] TRADE MATCHED: Ticker: HDFCBANK | Buy Order: 2459 | Sell Order: 2465 | Price: ₹1576.79 | Qty: 1 | Total: ₹1576.79
[2026-07-10 14:55:15] TRADE MATCHED: Ticker: HDFCBANK | Buy Order: 2421 | Sell Order: 2465 | Price: ₹1566.70 | Qty: 11 | Total: ₹17233.70
[2026-07-10 14:55:17] TRADE MATCHED: Ticker: TCS | Buy Order: 2455 | Sell Order: 2466 | Price: ₹3176.65 | Qty: 6 | Total: ₹19059.90
[2026-07-10 14:55:17] TRADE MATCHED: Ticker: TCS | Buy Order: 2455 | Sell Order: 2467 | Price: ₹3176.65 | Qty: 6 | Total: ₹19059.90
[2026-07-10 14:55:17] TRADE MATCHED: Ticker: TCS | Buy Order: 2212 | Sell Order: 2467 | Price: ₹3163.68 | Qty: 1 | Total: ₹3163.68
[2026-07-10 14:55:17] TRADE MATCHED: Ticker: TCS | Buy Order: 1798 | Sell Order: 2467 | Price: ₹3163.38 | Qty: 1 | Total: ₹3163.38
[2026-07-10 14:55:20] TRADE MATCHED: Ticker: HDFCBANK | Buy Order: 2469 | Sell Order: 2127 | Price: ₹1586.19 | Qty: 6 | Total: ₹9517.14
[2026-07-10 14:55:21] TRADE MATCHED: Ticker: RELIANCE | Buy Order: 2470 | Sell Order: 2409 | Price: ₹2293.49 | Qty: 1 | Total: ₹2293.49
[2026-07-10 14:55:21] TRADE MATCHED: Ticker: RELIANCE | Buy Order: 2470 | Sell Order: 2269 | Price: ₹2300.97 | Qty: 2 | Total: ₹4601.94
[2026-07-10 14:55:21] TRADE MATCHED: Ticker: RELIANCE | Buy Order: 2470 | Sell Order: 2071 | Price: ₹2301.36 | Qty: 4 | Total: ₹9205.44
[2026-07-10 14:55:37] TRADE MATCHED: Ticker: HDFCBANK | Buy Order: 2484 | Sell Order: 2127 | Price: ₹1586.19 | Qty: 1 | Total: ₹1586.19
[2026-07-10 14:55:38] TRADE MATCHED: Ticker: TCS | Buy Order: 2478 | Sell Order: 2486 | Price: ₹3193.30 | Qty: 4 | Total: ₹12773.20
[2026-07-10 14:55:46] TRADE MATCHED: Ticker: TATAMOTORS | Buy Order: 2487 | Sell Order: 2179 | Price: ₹635.92 | Qty: 1 | Total: ₹635.92
[2026-07-10 14:55:47] TRADE MATCHED: Ticker: TATAMOTORS | Buy Order: 2468 | Sell Order: 2488 | Price: ₹631.58 | Qty: 7 | Total: ₹4421.06
[2026-07-10 14:55:47] TRADE MATCHED: Ticker: TATAMOTORS | Buy Order: 2300 | Sell Order: 2488 | Price: ₹629.85 | Qty: 3 | Total: ₹1889.55
[2026-07-10 14:55:47] TRADE MATCHED: Ticker: RELIANCE | Buy Order: 2366 | Sell Order: 2489 | Price: ₹2288.01 | Qty: 2 | Total: ₹4576.02
[2026-07-10 14:55:54] TRADE MATCHED: Ticker: SUNPHARMA | Buy Order: 2324 | Sell Order: 2494 | Price: ₹1049.11 | Qty: 5 | Total: ₹5245.55
[2026-07-10 14:58:18] TRADE MATCHED: Ticker: TATAMOTORS | Buy Order: 2300 | Sell Order: 2498 | Price: ₹629.85 | Qty: 3 | Total: ₹1889.55
[2026-07-10 14:58:18] TRADE MATCHED: Ticker: TATAMOTORS | Buy Order: 2286 | Sell Order: 2498 | Price: ₹629.83 | Qty: 3 | Total: ₹1889.49
[2026-07-10 14:58:18] TRADE MATCHED: Ticker: TATAMOTORS | Buy Order: 2371 | Sell Order: 2498 | Price: ₹629.24 | Qty: 1 | Total: ₹629.24
[2026-07-10 14:58:19] TRADE MATCHED: Ticker: SUNPHARMA | Buy Order: 2499 | Sell Order: 2444 | Price: ₹1049.37 | Qty: 3 | Total: ₹3148.11
[2026-07-10 14:58:20] TRADE MATCHED: Ticker: RELIANCE | Buy Order: 2280 | Sell Order: 2501 | Price: ₹2282.00 | Qty: 1 | Total: ₹2282.00
[2026-07-10 14:58:20] TRADE MATCHED: Ticker: RELIANCE | Buy Order: 2476 | Sell Order: 2501 | Price: ₹2278.67 | Qty: 10 | Total: ₹22786.70
[2026-07-10 14:58:21] TRADE MATCHED: Ticker: RELIANCE | Buy Order: 2285 | Sell Order: 2501 | Price: ₹2277.65 | Qty: 1 | Total: ₹2277.65
[2026-07-10 14:58:21] TRADE MATCHED: Ticker: TATAMOTORS | Buy Order: 2371 | Sell Order: 2502 | Price: ₹629.24 | Qty: 4 | Total: ₹2516.96
[2026-07-10 14:58:26] TRADE MATCHED: Ticker: RELIANCE | Buy Order: 2285 | Sell Order: 2505 | Price: ₹2277.65 | Qty: 7 | Total: ₹15943.55
[2026-07-10 14:58:30] TRADE MATCHED: Ticker: RELIANCE | Buy Order: 2508 | Sell Order: 2489 | Price: ₹2283.49 | Qty: 5 | Total: ₹11417.45
[2026-07-10 14:58:31] TRADE MATCHED: Ticker: HDFCBANK | Buy Order: 2509 | Sell Order: 2127 | Price: ₹1586.19 | Qty: 2 | Total: ₹3172.38
[2026-07-10 14:58:32] TRADE MATCHED: Ticker: HDFCBANK | Buy Order: 2509 | Sell Order: 1827 | Price: ₹1586.30 | Qty: 2 | Total: ₹3172.60
[2026-07-10 14:58:34] TRADE MATCHED: Ticker: TATAMOTORS | Buy Order: 2371 | Sell Order: 2510 | Price: ₹629.24 | Qty: 1 | Total: ₹629.24
[2026-07-10 14:58:34] TRADE MATCHED: Ticker: TATAMOTORS | Buy Order: 2217 | Sell Order: 2510 | Price: ₹628.61 | Qty: 8 | Total: ₹5028.88
[2026-07-10 14:58:34] TRADE MATCHED: Ticker: TATAMOTORS | Buy Order: 2197 | Sell Order: 2510 | Price: ₹627.80 | Qty: 2 | Total: ₹1255.60
[2026-07-10 14:58:39] TRADE MATCHED: Ticker: TATAMOTORS | Buy Order: 2197 | Sell Order: 2514 | Price: ₹627.80 | Qty: 11 | Total: ₹6905.80
[2026-07-10 14:58:39] TRADE MATCHED: Ticker: TATAMOTORS | Buy Order: 2243 | Sell Order: 2514 | Price: ₹627.56 | Qty: 2 | Total: ₹1255.12
[2026-07-10 14:58:39] TRADE MATCHED: Ticker: TATAMOTORS | Buy Order: 2399 | Sell Order: 2514 | Price: ₹625.53 | Qty: 2 | Total: ₹1251.06
[2026-07-10 14:58:39] TRADE MATCHED: Ticker: TCS | Buy Order: 2515 | Sell Order: 2482 | Price: ₹3199.33 | Qty: 1 | Total: ₹3199.33
[2026-07-10 14:58:39] TRADE MATCHED: Ticker: TCS | Buy Order: 2515 | Sell Order: 2450 | Price: ₹3202.77 | Qty: 6 | Total: ₹19216.62
[2026-07-10 14:58:39] TRADE MATCHED: Ticker: TCS | Buy Order: 2515 | Sell Order: 2513 | Price: ₹3204.09 | Qty: 1 | Total: ₹3204.09
[2026-07-10 14:58:43] TRADE MATCHED: Ticker: TCS | Buy Order: 2517 | Sell Order: 2513 | Price: ₹3204.09 | Qty: 13 | Total: ₹41653.17
[2026-07-10 14:58:43] TRADE MATCHED: Ticker: TCS | Buy Order: 2517 | Sell Order: 2462 | Price: ₹3205.83 | Qty: 1 | Total: ₹3205.83
[2026-07-10 14:58:46] TRADE MATCHED: Ticker: HDFCBANK | Buy Order: 2520 | Sell Order: 1827 | Price: ₹1586.30 | Qty: 5 | Total: ₹7931.50
[2026-07-10 14:58:48] TRADE MATCHED: Ticker: TATAMOTORS | Buy Order: 2399 | Sell Order: 2522 | Price: ₹625.53 | Qty: 8 | Total: ₹5004.24
[2026-07-10 14:58:51] TRADE MATCHED: Ticker: TATAMOTORS | Buy Order: 2524 | Sell Order: 150 | Price: ₹635.93 | Qty: 2 | Total: ₹1271.86
[2026-07-10 14:58:51] TRADE MATCHED: Ticker: TATAMOTORS | Buy Order: 2524 | Sell Order: 2274 | Price: ₹636.28 | Qty: 1 | Total: ₹636.28
[2026-07-10 14:58:51] TRADE MATCHED: Ticker: TATAMOTORS | Buy Order: 2524 | Sell Order: 560 | Price: ₹636.60 | Qty: 10 | Total: ₹6366.00
[2026-07-10 14:58:54] TRADE MATCHED: Ticker: SUNPHARMA | Buy Order: 2526 | Sell Order: 2496 | Price: ₹1054.97 | Qty: 2 | Total: ₹2109.94
[2026-07-10 14:58:54] TRADE MATCHED: Ticker: SUNPHARMA | Buy Order: 2526 | Sell Order: 2423 | Price: ₹1056.39 | Qty: 9 | Total: ₹9507.51
[2026-07-10 14:59:02] TRADE MATCHED: Ticker: TATAMOTORS | Buy Order: 2533 | Sell Order: 560 | Price: ₹636.60 | Qty: 3 | Total: ₹1909.80
[2026-07-10 14:59:02] TRADE MATCHED: Ticker: TATAMOTORS | Buy Order: 2533 | Sell Order: 1585 | Price: ₹636.61 | Qty: 3 | Total: ₹1909.83
[2026-07-10 14:59:02] TRADE MATCHED: Ticker: TATAMOTORS | Buy Order: 2533 | Sell Order: 2167 | Price: ₹636.68 | Qty: 6 | Total: ₹3820.08
[2026-07-10 14:59:04] TRADE MATCHED: Ticker: SUNPHARMA | Buy Order: 2535 | Sell Order: 2423 | Price: ₹1056.39 | Qty: 1 | Total: ₹1056.39
[2026-07-10 14:59:04] TRADE MATCHED: Ticker: TATAMOTORS | Buy Order: 2536 | Sell Order: 2167 | Price: ₹636.68 | Qty: 1 | Total: ₹636.68
[2026-07-10 14:59:08] TRADE MATCHED: Ticker: HDFCBANK | Buy Order: 2539 | Sell Order: 2527 | Price: ₹1583.92 | Qty: 14 | Total: ₹22174.88
[2026-07-10 14:59:11] TRADE MATCHED: Ticker: RELIANCE | Buy Order: 2500 | Sell Order: 2542 | Price: ₹2276.73 | Qty: 12 | Total: ₹27320.76
[2026-07-10 14:59:11] TRADE MATCHED: Ticker: RELIANCE | Buy Order: 2451 | Sell Order: 2542 | Price: ₹2275.35 | Qty: 3 | Total: ₹6826.05
[2026-07-10 14:59:12] TRADE MATCHED: Ticker: TATAMOTORS | Buy Order: 2531 | Sell Order: 2543 | Price: ₹635.78 | Qty: 1 | Total: ₹635.78
[2026-07-10 14:59:12] TRADE MATCHED: Ticker: TATAMOTORS | Buy Order: 2538 | Sell Order: 2543 | Price: ₹632.16 | Qty: 11 | Total: ₹6953.76
[2026-07-10 14:59:17] TRADE MATCHED: Ticker: TATAMOTORS | Buy Order: 2538 | Sell Order: 2548 | Price: ₹632.16 | Qty: 1 | Total: ₹632.16
[2026-07-10 14:59:17] TRADE MATCHED: Ticker: TATAMOTORS | Buy Order: 2399 | Sell Order: 2548 | Price: ₹625.53 | Qty: 4 | Total: ₹2502.12
[2026-07-10 14:59:18] TRADE MATCHED: Ticker: TATAMOTORS | Buy Order: 2104 | Sell Order: 2548 | Price: ₹625.01 | Qty: 7 | Total: ₹4375.07
[2026-07-10 14:59:18] TRADE MATCHED: Ticker: HDFCBANK | Buy Order: 2549 | Sell Order: 1827 | Price: ₹1586.30 | Qty: 6 | Total: ₹9517.80
[2026-07-10 14:59:18] TRADE MATCHED: Ticker: HDFCBANK | Buy Order: 2549 | Sell Order: 1379 | Price: ₹1586.73 | Qty: 5 | Total: ₹7933.65
[2026-07-10 14:59:18] TRADE MATCHED: Ticker: HDFCBANK | Buy Order: 2549 | Sell Order: 2387 | Price: ₹1586.79 | Qty: 3 | Total: ₹4760.37
[2026-07-10 14:59:22] TRADE MATCHED: Ticker: TCS | Buy Order: 2552 | Sell Order: 2462 | Price: ₹3205.83 | Qty: 3 | Total: ₹9617.49
[2026-07-10 14:59:24] TRADE MATCHED: Ticker: SUNPHARMA | Buy Order: 2555 | Sell Order: 2423 | Price: ₹1056.39 | Qty: 5 | Total: ₹5281.95
[2026-07-10 14:59:24] TRADE MATCHED: Ticker: SUNPHARMA | Buy Order: 2555 | Sell Order: 2485 | Price: ₹1058.34 | Qty: 6 | Total: ₹6350.04
[2026-07-10 14:59:24] TRADE MATCHED: Ticker: SUNPHARMA | Buy Order: 2555 | Sell Order: 2398 | Price: ₹1060.93 | Qty: 3 | Total: ₹3182.79
[2026-07-10 14:59:26] TRADE MATCHED: Ticker: RELIANCE | Buy Order: 2556 | Sell Order: 2528 | Price: ₹2282.35 | Qty: 4 | Total: ₹9129.40
[2026-07-10 14:59:26] TRADE MATCHED: Ticker: RELIANCE | Buy Order: 2556 | Sell Order: 2489 | Price: ₹2283.49 | Qty: 8 | Total: ₹18267.92
[2026-07-10 14:59:26] TRADE MATCHED: Ticker: RELIANCE | Buy Order: 2556 | Sell Order: 2071 | Price: ₹2301.36 | Qty: 1 | Total: ₹2301.36
[2026-07-10 14:59:27] TRADE MATCHED: Ticker: TCS | Buy Order: 2557 | Sell Order: 2462 | Price: ₹3205.83 | Qty: 8 | Total: ₹25646.64
[2026-07-10 14:59:27] TRADE MATCHED: Ticker: TCS | Buy Order: 2557 | Sell Order: 2099 | Price: ₹3206.83 | Qty: 4 | Total: ₹12827.32
[2026-07-10 14:59:27] TRADE MATCHED: Ticker: RELIANCE | Buy Order: 2558 | Sell Order: 2071 | Price: ₹2301.36 | Qty: 9 | Total: ₹20712.24
[2026-07-10 14:59:27] TRADE MATCHED: Ticker: RELIANCE | Buy Order: 2558 | Sell Order: 1823 | Price: ₹2303.17 | Qty: 6 | Total: ₹13819.02
[2026-07-10 14:59:32] TRADE MATCHED: Ticker: HDFCBANK | Buy Order: 2561 | Sell Order: 2387 | Price: ₹1586.79 | Qty: 6 | Total: ₹9520.74
[2026-07-10 14:59:32] TRADE MATCHED: Ticker: HDFCBANK | Buy Order: 2561 | Sell Order: 1790 | Price: ₹1587.15 | Qty: 1 | Total: ₹1587.15
[2026-07-10 14:59:37] TRADE MATCHED: Ticker: SUNPHARMA | Buy Order: 2566 | Sell Order: 2398 | Price: ₹1060.93 | Qty: 5 | Total: ₹5304.65
[2026-07-10 14:59:37] TRADE MATCHED: Ticker: SUNPHARMA | Buy Order: 2566 | Sell Order: 2534 | Price: ₹1062.83 | Qty: 1 | Total: ₹1062.83
[2026-07-10 14:59:37] TRADE MATCHED: Ticker: SUNPHARMA | Buy Order: 2566 | Sell Order: 2475 | Price: ₹1062.84 | Qty: 2 | Total: ₹2125.68
[2026-07-10 14:59:37] TRADE MATCHED: Ticker: SUNPHARMA | Buy Order: 2499 | Sell Order: 2567 | Price: ₹1054.87 | Qty: 1 | Total: ₹1054.87
[2026-07-10 14:59:38] TRADE MATCHED: Ticker: RELIANCE | Buy Order: 2568 | Sell Order: 2559 | Price: ₹2300.05 | Qty: 3 | Total: ₹6900.15
[2026-07-10 14:59:39] TRADE MATCHED: Ticker: RELIANCE | Buy Order: 2568 | Sell Order: 1823 | Price: ₹2303.17 | Qty: 8 | Total: ₹18425.36
[2026-07-10 14:59:39] TRADE MATCHED: Ticker: RELIANCE | Buy Order: 2568 | Sell Order: 1442 | Price: ₹2303.25 | Qty: 1 | Total: ₹2303.25
[2026-07-10 14:59:43] TRADE MATCHED: Ticker: TCS | Buy Order: 2572 | Sell Order: 2099 | Price: ₹3206.83 | Qty: 3 | Total: ₹9620.49
[2026-07-10 14:59:43] TRADE MATCHED: Ticker: TCS | Buy Order: 2572 | Sell Order: 2090 | Price: ₹3210.50 | Qty: 7 | Total: ₹22473.50
[2026-07-10 14:59:43] TRADE MATCHED: Ticker: TCS | Buy Order: 2572 | Sell Order: 2015 | Price: ₹3211.60 | Qty: 4 | Total: ₹12846.40
[2026-07-10 14:59:44] TRADE MATCHED: Ticker: HDFCBANK | Buy Order: 2479 | Sell Order: 2574 | Price: ₹1579.48 | Qty: 1 | Total: ₹1579.48
[2026-07-10 14:59:44] TRADE MATCHED: Ticker: HDFCBANK | Buy Order: 2474 | Sell Order: 2574 | Price: ₹1578.58 | Qty: 12 | Total: ₹18942.96
[2026-07-10 14:59:48] TRADE MATCHED: Ticker: SUNPHARMA | Buy Order: 2499 | Sell Order: 2577 | Price: ₹1054.87 | Qty: 9 | Total: ₹9493.83
[2026-07-10 14:59:48] TRADE MATCHED: Ticker: SUNPHARMA | Buy Order: 2519 | Sell Order: 2577 | Price: ₹1052.74 | Qty: 1 | Total: ₹1052.74
[2026-07-10 14:59:50] TRADE MATCHED: Ticker: SUNPHARMA | Buy Order: 2578 | Sell Order: 2475 | Price: ₹1062.84 | Qty: 7 | Total: ₹7439.88
[2026-07-10 14:59:50] TRADE MATCHED: Ticker: SUNPHARMA | Buy Order: 2578 | Sell Order: 1965 | Price: ₹1064.01 | Qty: 4 | Total: ₹4256.04
[2026-07-10 14:59:50] TRADE MATCHED: Ticker: SUNPHARMA | Buy Order: 2578 | Sell Order: 1769 | Price: ₹1064.03 | Qty: 4 | Total: ₹4256.12
[2026-07-10 14:59:53] TRADE MATCHED: Ticker: SUNPHARMA | Buy Order: 2579 | Sell Order: 2581 | Price: ₹1063.87 | Qty: 7 | Total: ₹7447.09
[2026-07-10 14:59:57] TRADE MATCHED: Ticker: TCS | Buy Order: 2584 | Sell Order: 2015 | Price: ₹3211.60 | Qty: 5 | Total: ₹16058.00
[2026-07-10 14:59:57] TRADE MATCHED: Ticker: TCS | Buy Order: 2584 | Sell Order: 1914 | Price: ₹3212.97 | Qty: 1 | Total: ₹3212.97
[2026-07-10 14:59:57] TRADE MATCHED: Ticker: TCS | Buy Order: 2584 | Sell Order: 1938 | Price: ₹3214.44 | Qty: 2 | Total: ₹6428.88
[2026-07-10 14:59:57] TRADE MATCHED: Ticker: TCS | Buy Order: 2584 | Sell Order: 1966 | Price: ₹3215.22 | Qty: 4 | Total: ₹12860.88
[2026-07-10 14:59:57] TRADE MATCHED: Ticker: TCS | Buy Order: 2584 | Sell Order: 1987 | Price: ₹3216.32 | Qty: 3 | Total: ₹9648.96
[2026-07-10 14:59:58] TRADE MATCHED: Ticker: SUNPHARMA | Buy Order: 2579 | Sell Order: 2585 | Price: ₹1063.87 | Qty: 2 | Total: ₹2127.74
[2026-07-10 14:59:59] TRADE MATCHED: Ticker: RELIANCE | Buy Order: 2451 | Sell Order: 2586 | Price: ₹2275.35 | Qty: 7 | Total: ₹15927.45
[2026-07-10 15:00:12] TRADE MATCHED: Ticker: RELIANCE | Buy Order: 2595 | Sell Order: 2594 | Price: ₹2283.63 | Qty: 8 | Total: ₹18269.04
[2026-07-10 15:00:14] TRADE MATCHED: Ticker: TATAMOTORS | Buy Order: 2565 | Sell Order: 2597 | Price: ₹626.21 | Qty: 4 | Total: ₹2504.84
[2026-07-10 15:00:23] TRADE MATCHED: Ticker: HDFCBANK | Buy Order: 2507 | Sell Order: 2603 | Price: ₹1569.64 | Qty: 6 | Total: ₹9417.84
[2026-07-10 15:00:23] TRADE MATCHED: Ticker: RELIANCE | Buy Order: 2595 | Sell Order: 2604 | Price: ₹2298.91 | Qty: 3 | Total: ₹6896.73
[2026-07-10 15:00:23] TRADE MATCHED: Ticker: HDFCBANK | Buy Order: 2507 | Sell Order: 2605 | Price: ₹1569.64 | Qty: 6 | Total: ₹9417.84
[2026-07-10 15:00:26] TRADE MATCHED: Ticker: TCS | Buy Order: 2583 | Sell Order: 2607 | Price: ₹3196.51 | Qty: 7 | Total: ₹22375.57
[2026-07-10 15:00:34] TRADE MATCHED: Ticker: SUNPHARMA | Buy Order: 2613 | Sell Order: 2585 | Price: ₹1058.90 | Qty: 9 | Total: ₹9530.10
[2026-07-10 15:00:41] TRADE MATCHED: Ticker: TCS | Buy Order: 2583 | Sell Order: 2618 | Price: ₹3196.51 | Qty: 3 | Total: ₹9589.53
[2026-07-10 15:00:41] TRADE MATCHED: Ticker: TCS | Buy Order: 2601 | Sell Order: 2618 | Price: ₹3187.99 | Qty: 2 | Total: ₹6375.98
[2026-07-10 15:00:41] TRADE MATCHED: Ticker: HDFCBANK | Buy Order: 2619 | Sell Order: 2611 | Price: ₹1576.38 | Qty: 4 | Total: ₹6305.52
[2026-07-10 15:00:41] TRADE MATCHED: Ticker: HDFCBANK | Buy Order: 2619 | Sell Order: 1790 | Price: ₹1587.15 | Qty: 7 | Total: ₹11110.05
[2026-07-10 15:00:41] TRADE MATCHED: Ticker: HDFCBANK | Buy Order: 2619 | Sell Order: 2253 | Price: ₹1587.33 | Qty: 2 | Total: ₹3174.66
[2026-07-10 15:00:42] TRADE MATCHED: Ticker: RELIANCE | Buy Order: 2456 | Sell Order: 2620 | Price: ₹2271.45 | Qty: 1 | Total: ₹2271.45
[2026-07-10 15:00:44] TRADE MATCHED: Ticker: SUNPHARMA | Buy Order: 2623 | Sell Order: 2585 | Price: ₹1058.90 | Qty: 4 | Total: ₹4235.60
[2026-07-10 15:00:46] TRADE MATCHED: Ticker: RELIANCE | Buy Order: 2624 | Sell Order: 2604 | Price: ₹2290.11 | Qty: 7 | Total: ₹16030.77
[2026-07-10 15:00:49] TRADE MATCHED: Ticker: RELIANCE | Buy Order: 2627 | Sell Order: 2604 | Price: ₹2290.11 | Qty: 4 | Total: ₹9160.44
[2026-07-10 15:00:55] TRADE MATCHED: Ticker: SUNPHARMA | Buy Order: 2632 | Sell Order: 2617 | Price: ₹1060.83 | Qty: 1 | Total: ₹1060.83
[2026-07-10 15:00:59] TRADE MATCHED: Ticker: TCS | Buy Order: 2601 | Sell Order: 2634 | Price: ₹3187.99 | Qty: 7 | Total: ₹22315.93
[2026-07-10 15:01:00] TRADE MATCHED: Ticker: TCS | Buy Order: 2564 | Sell Order: 2634 | Price: ₹3185.67 | Qty: 3 | Total: ₹9557.01
[2026-07-10 15:01:05] TRADE MATCHED: Ticker: SUNPHARMA | Buy Order: 2639 | Sell Order: 2617 | Price: ₹1060.83 | Qty: 5 | Total: ₹5304.15
[2026-07-10 15:01:05] TRADE MATCHED: Ticker: SUNPHARMA | Buy Order: 2639 | Sell Order: 2621 | Price: ₹1061.01 | Qty: 4 | Total: ₹4244.04
[2026-07-10 15:01:10] TRADE MATCHED: Ticker: RELIANCE | Buy Order: 2643 | Sell Order: 2596 | Price: ₹2299.09 | Qty: 8 | Total: ₹18392.72
[2026-07-10 15:01:10] TRADE MATCHED: Ticker: RELIANCE | Buy Order: 2643 | Sell Order: 1442 | Price: ₹2303.25 | Qty: 6 | Total: ₹13819.50
[2026-07-10 15:01:11] TRADE MATCHED: Ticker: TATAMOTORS | Buy Order: 2645 | Sell Order: 2576 | Price: ₹628.40 | Qty: 2 | Total: ₹1256.80
[2026-07-10 15:01:12] TRADE MATCHED: Ticker: TATAMOTORS | Buy Order: 2645 | Sell Order: 2630 | Price: ₹628.70 | Qty: 11 | Total: ₹6915.70
[2026-07-10 15:01:14] TRADE MATCHED: Ticker: TATAMOTORS | Buy Order: 2612 | Sell Order: 2647 | Price: ₹628.01 | Qty: 9 | Total: ₹5652.09
[2026-07-10 15:01:14] TRADE MATCHED: Ticker: TATAMOTORS | Buy Order: 2565 | Sell Order: 2647 | Price: ₹626.21 | Qty: 5 | Total: ₹3131.05
[2026-07-10 15:01:19] TRADE MATCHED: Ticker: SUNPHARMA | Buy Order: 2652 | Sell Order: 2608 | Price: ₹1061.12 | Qty: 8 | Total: ₹8488.96
[2026-07-10 15:01:22] TRADE MATCHED: Ticker: SUNPHARMA | Buy Order: 2652 | Sell Order: 2655 | Price: ₹1062.85 | Qty: 4 | Total: ₹4251.40
[2026-07-10 15:01:26] TRADE MATCHED: Ticker: RELIANCE | Buy Order: 2657 | Sell Order: 1442 | Price: ₹2303.25 | Qty: 2 | Total: ₹4606.50
[2026-07-10 15:01:26] TRADE MATCHED: Ticker: RELIANCE | Buy Order: 2657 | Sell Order: 1719 | Price: ₹2303.40 | Qty: 3 | Total: ₹6910.20
[2026-07-10 15:01:26] TRADE MATCHED: Ticker: RELIANCE | Buy Order: 2657 | Sell Order: 1654 | Price: ₹2304.17 | Qty: 3 | Total: ₹6912.51
[2026-07-10 15:01:29] TRADE MATCHED: Ticker: TATAMOTORS | Buy Order: 2565 | Sell Order: 2660 | Price: ₹626.21 | Qty: 3 | Total: ₹1878.63
[2026-07-10 15:01:29] TRADE MATCHED: Ticker: TATAMOTORS | Buy Order: 2659 | Sell Order: 2660 | Price: ₹625.79 | Qty: 1 | Total: ₹625.79
[2026-07-10 15:01:29] TRADE MATCHED: Ticker: TATAMOTORS | Buy Order: 2644 | Sell Order: 2660 | Price: ₹625.69 | Qty: 8 | Total: ₹5005.52
[2026-07-10 15:01:32] TRADE MATCHED: Ticker: TATAMOTORS | Buy Order: 2644 | Sell Order: 2662 | Price: ₹625.69 | Qty: 5 | Total: ₹3128.45
[2026-07-10 15:01:32] TRADE MATCHED: Ticker: TATAMOTORS | Buy Order: 2593 | Sell Order: 2662 | Price: ₹625.51 | Qty: 10 | Total: ₹6255.10
[2026-07-10 15:01:39] TRADE MATCHED: Ticker: TATAMOTORS | Buy Order: 2669 | Sell Order: 2666 | Price: ₹627.80 | Qty: 1 | Total: ₹627.80
[2026-07-10 15:01:42] TRADE MATCHED: Ticker: TCS | Buy Order: 2670 | Sell Order: 2635 | Price: ₹3205.58 | Qty: 5 | Total: ₹16027.90
[2026-07-10 15:01:45] TRADE MATCHED: Ticker: TATAMOTORS | Buy Order: 2593 | Sell Order: 2672 | Price: ₹625.51 | Qty: 3 | Total: ₹1876.53
[2026-07-10 15:01:45] TRADE MATCHED: Ticker: SUNPHARMA | Buy Order: 2673 | Sell Order: 2655 | Price: ₹1059.82 | Qty: 3 | Total: ₹3179.46
[2026-07-10 15:01:50] TRADE MATCHED: Ticker: TCS | Buy Order: 2670 | Sell Order: 2676 | Price: ₹3206.01 | Qty: 4 | Total: ₹12824.04
[2026-07-10 15:01:50] TRADE MATCHED: Ticker: TCS | Buy Order: 2564 | Sell Order: 2676 | Price: ₹3185.67 | Qty: 2 | Total: ₹6371.34
[2026-07-10 15:01:50] TRADE MATCHED: Ticker: TCS | Buy Order: 2564 | Sell Order: 2677 | Price: ₹3185.67 | Qty: 4 | Total: ₹12742.68
[2026-07-10 15:01:51] TRADE MATCHED: Ticker: TCS | Buy Order: 2649 | Sell Order: 2677 | Price: ₹3183.17 | Qty: 10 | Total: ₹31831.70
[2026-07-10 15:01:51] TRADE MATCHED: Ticker: TCS | Buy Order: 2671 | Sell Order: 2677 | Price: ₹3182.66 | Qty: 1 | Total: ₹3182.66
[2026-07-10 15:01:54] TRADE MATCHED: Ticker: HDFCBANK | Buy Order: 2625 | Sell Order: 2680 | Price: ₹1570.80 | Qty: 7 | Total: ₹10995.60
[2026-07-10 15:01:54] TRADE MATCHED: Ticker: RELIANCE | Buy Order: 2681 | Sell Order: 1654 | Price: ₹2304.17 | Qty: 1 | Total: ₹2304.17
[2026-07-10 15:01:54] TRADE MATCHED: Ticker: RELIANCE | Buy Order: 2681 | Sell Order: 1398 | Price: ₹2304.57 | Qty: 3 | Total: ₹6913.71
[2026-07-10 15:01:56] TRADE MATCHED: Ticker: TCS | Buy Order: 2671 | Sell Order: 2683 | Price: ₹3182.66 | Qty: 5 | Total: ₹15913.30
[2026-07-10 15:01:59] TRADE MATCHED: Ticker: SUNPHARMA | Buy Order: 2602 | Sell Order: 2686 | Price: ₹1054.81 | Qty: 5 | Total: ₹5274.05
[2026-07-10 15:02:01] TRADE MATCHED: Ticker: HDFCBANK | Buy Order: 2687 | Sell Order: 2680 | Price: ₹1568.44 | Qty: 4 | Total: ₹6273.76
[2026-07-10 15:02:03] TRADE MATCHED: Ticker: HDFCBANK | Buy Order: 2687 | Sell Order: 2688 | Price: ₹1580.73 | Qty: 3 | Total: ₹4742.19
[2026-07-10 15:02:04] TRADE MATCHED: Ticker: RELIANCE | Buy Order: 2627 | Sell Order: 2689 | Price: ₹2295.48 | Qty: 1 | Total: ₹2295.48
[2026-07-10 15:02:04] TRADE MATCHED: Ticker: RELIANCE | Buy Order: 2658 | Sell Order: 2689 | Price: ₹2295.06 | Qty: 9 | Total: ₹20655.54
[2026-07-10 15:02:04] TRADE MATCHED: Ticker: RELIANCE | Buy Order: 2637 | Sell Order: 2689 | Price: ₹2292.40 | Qty: 3 | Total: ₹6877.20
[2026-07-10 15:02:06] TRADE MATCHED: Ticker: TATAMOTORS | Buy Order: 2690 | Sell Order: 2666 | Price: ₹627.80 | Qty: 5 | Total: ₹3139.00
[2026-07-10 15:02:07] TRADE MATCHED: Ticker: TATAMOTORS | Buy Order: 2690 | Sell Order: 2630 | Price: ₹628.70 | Qty: 4 | Total: ₹2514.80
[2026-07-10 15:02:07] TRADE MATCHED: Ticker: TATAMOTORS | Buy Order: 2690 | Sell Order: 2575 | Price: ₹629.69 | Qty: 2 | Total: ₹1259.38
[2026-07-10 15:02:07] TRADE MATCHED: Ticker: HDFCBANK | Buy Order: 2691 | Sell Order: 2688 | Price: ₹1573.63 | Qty: 11 | Total: ₹17309.93
[2026-07-10 15:02:07] TRADE MATCHED: Ticker: TATAMOTORS | Buy Order: 2692 | Sell Order: 2575 | Price: ₹629.69 | Qty: 7 | Total: ₹4407.83
[2026-07-10 15:02:07] TRADE MATCHED: Ticker: TATAMOTORS | Buy Order: 2692 | Sell Order: 2591 | Price: ₹632.00 | Qty: 3 | Total: ₹1896.00
[2026-07-10 15:02:11] TRADE MATCHED: Ticker: SUNPHARMA | Buy Order: 2695 | Sell Order: 2686 | Price: ₹1054.22 | Qty: 9 | Total: ₹9487.98
[2026-07-10 15:02:12] TRADE MATCHED: Ticker: SUNPHARMA | Buy Order: 2696 | Sell Order: 2655 | Price: ₹1059.82 | Qty: 1 | Total: ₹1059.82
[2026-07-10 15:02:20] TRADE MATCHED: Ticker: TCS | Buy Order: 2701 | Sell Order: 1987 | Price: ₹3216.32 | Qty: 1 | Total: ₹3216.32
[2026-07-10 15:02:20] TRADE MATCHED: Ticker: TCS | Buy Order: 2701 | Sell Order: 2679 | Price: ₹3217.45 | Qty: 4 | Total: ₹12869.80
[2026-07-10 15:02:20] TRADE MATCHED: Ticker: TCS | Buy Order: 2701 | Sell Order: 2319 | Price: ₹3219.92 | Qty: 5 | Total: ₹16099.60
[2026-07-10 15:02:21] TRADE MATCHED: Ticker: HDFCBANK | Buy Order: 2702 | Sell Order: 2688 | Price: ₹1573.63 | Qty: 1 | Total: ₹1573.63
[2026-07-10 15:02:28] TRADE MATCHED: Ticker: TATAMOTORS | Buy Order: 2593 | Sell Order: 2708 | Price: ₹625.51 | Qty: 1 | Total: ₹625.51
[2026-07-10 15:02:28] TRADE MATCHED: Ticker: TATAMOTORS | Buy Order: 2580 | Sell Order: 2708 | Price: ₹625.22 | Qty: 4 | Total: ₹2500.88
[2026-07-10 15:02:30] TRADE MATCHED: Ticker: SUNPHARMA | Buy Order: 2696 | Sell Order: 2710 | Price: ₹1062.28 | Qty: 6 | Total: ₹6373.68
[2026-07-10 15:02:33] TRADE MATCHED: Ticker: SUNPHARMA | Buy Order: 2712 | Sell Order: 2703 | Price: ₹1062.98 | Qty: 5 | Total: ₹5314.90
[2026-07-10 15:02:33] TRADE MATCHED: Ticker: SUNPHARMA | Buy Order: 2712 | Sell Order: 1769 | Price: ₹1064.03 | Qty: 4 | Total: ₹4256.12
[2026-07-10 15:02:35] TRADE MATCHED: Ticker: TATAMOTORS | Buy Order: 2714 | Sell Order: 2591 | Price: ₹632.00 | Qty: 7 | Total: ₹4424.00
[2026-07-10 15:02:36] TRADE MATCHED: Ticker: RELIANCE | Buy Order: 2715 | Sell Order: 1398 | Price: ₹2304.57 | Qty: 4 | Total: ₹9218.28
[2026-07-10 15:02:36] TRADE MATCHED: Ticker: RELIANCE | Buy Order: 2715 | Sell Order: 1194 | Price: ₹2305.08 | Qty: 6 | Total: ₹13830.48
[2026-07-10 15:02:36] TRADE MATCHED: Ticker: RELIANCE | Buy Order: 2715 | Sell Order: 1020 | Price: ₹2305.13 | Qty: 3 | Total: ₹6915.39
[2026-07-10 15:02:41] TRADE MATCHED: Ticker: TATAMOTORS | Buy Order: 2714 | Sell Order: 2719 | Price: ₹632.56 | Qty: 1 | Total: ₹632.56
[2026-07-10 15:02:41] TRADE MATCHED: Ticker: TATAMOTORS | Buy Order: 2717 | Sell Order: 2719 | Price: ₹629.44 | Qty: 6 | Total: ₹3776.64
[2026-07-10 15:02:43] TRADE MATCHED: Ticker: TATAMOTORS | Buy Order: 2721 | Sell Order: 2719 | Price: ₹625.34 | Qty: 1 | Total: ₹625.34
[2026-07-10 15:02:44] TRADE MATCHED: Ticker: TATAMOTORS | Buy Order: 2723 | Sell Order: 2719 | Price: ₹625.34 | Qty: 4 | Total: ₹2501.36
[2026-07-10 15:02:50] TRADE MATCHED: Ticker: SUNPHARMA | Buy Order: 2696 | Sell Order: 2727 | Price: ₹1062.28 | Qty: 1 | Total: ₹1062.28
[2026-07-10 15:02:51] TRADE MATCHED: Ticker: TCS | Buy Order: 2728 | Sell Order: 2711 | Price: ₹3202.93 | Qty: 8 | Total: ₹25623.44
[2026-07-10 15:02:53] TRADE MATCHED: Ticker: HDFCBANK | Buy Order: 2702 | Sell Order: 2730 | Price: ₹1582.24 | Qty: 5 | Total: ₹7911.20
[2026-07-10 15:02:53] TRADE MATCHED: Ticker: HDFCBANK | Buy Order: 2725 | Sell Order: 2730 | Price: ₹1576.41 | Qty: 1 | Total: ₹1576.41
[2026-07-10 15:02:53] TRADE MATCHED: Ticker: HDFCBANK | Buy Order: 2716 | Sell Order: 2730 | Price: ₹1567.81 | Qty: 9 | Total: ₹14110.29
[2026-07-10 15:02:58] TRADE MATCHED: Ticker: TATAMOTORS | Buy Order: 2733 | Sell Order: 2167 | Price: ₹636.68 | Qty: 1 | Total: ₹636.68
[2026-07-10 15:02:58] TRADE MATCHED: Ticker: TATAMOTORS | Buy Order: 2733 | Sell Order: 508 | Price: ₹636.69 | Qty: 11 | Total: ₹7003.59
[2026-07-10 15:02:58] TRADE MATCHED: Ticker: TATAMOTORS | Buy Order: 2733 | Sell Order: 1537 | Price: ₹636.75 | Qty: 2 | Total: ₹1273.50
[2026-07-10 15:02:59] TRADE MATCHED: Ticker: RELIANCE | Buy Order: 2637 | Sell Order: 2734 | Price: ₹2292.40 | Qty: 2 | Total: ₹4584.80
[2026-07-10 15:02:59] TRADE MATCHED: Ticker: RELIANCE | Buy Order: 2718 | Sell Order: 2734 | Price: ₹2292.08 | Qty: 12 | Total: ₹27504.96
[2026-07-10 15:02:59] TRADE MATCHED: Ticker: RELIANCE | Buy Order: 2700 | Sell Order: 2734 | Price: ₹2288.94 | Qty: 1 | Total: ₹2288.94
[2026-07-10 15:03:01] TRADE MATCHED: Ticker: TCS | Buy Order: 2736 | Sell Order: 2711 | Price: ₹3202.93 | Qty: 6 | Total: ₹19217.58
[2026-07-10 15:03:02] TRADE MATCHED: Ticker: TCS | Buy Order: 2736 | Sell Order: 2737 | Price: ₹3219.63 | Qty: 2 | Total: ₹6439.26
[2026-07-10 15:03:02] TRADE MATCHED: Ticker: TCS | Buy Order: 2694 | Sell Order: 2737 | Price: ₹3191.24 | Qty: 12 | Total: ₹38294.88
[2026-07-10 15:03:03] TRADE MATCHED: Ticker: RELIANCE | Buy Order: 2700 | Sell Order: 2738 | Price: ₹2288.94 | Qty: 9 | Total: ₹20600.46
[2026-07-10 15:03:03] TRADE MATCHED: Ticker: RELIANCE | Buy Order: 2706 | Sell Order: 2738 | Price: ₹2278.70 | Qty: 1 | Total: ₹2278.70
[2026-07-10 15:03:03] TRADE MATCHED: Ticker: RELIANCE | Buy Order: 2456 | Sell Order: 2738 | Price: ₹2271.45 | Qty: 1 | Total: ₹2271.45
[2026-07-10 15:03:03] TRADE MATCHED: Ticker: RELIANCE | Buy Order: 2622 | Sell Order: 2738 | Price: ₹2270.57 | Qty: 4 | Total: ₹9082.28
[2026-07-10 15:03:07] TRADE MATCHED: Ticker: TATAMOTORS | Buy Order: 2741 | Sell Order: 1537 | Price: ₹636.75 | Qty: 11 | Total: ₹7004.25
[2026-07-10 15:03:09] TRADE MATCHED: Ticker: TATAMOTORS | Buy Order: 2743 | Sell Order: 1537 | Price: ₹636.75 | Qty: 2 | Total: ₹1273.50
[2026-07-10 15:03:09] TRADE MATCHED: Ticker: TATAMOTORS | Buy Order: 2743 | Sell Order: 1733 | Price: ₹637.27 | Qty: 7 | Total: ₹4460.89
[2026-07-10 15:03:10] TRADE MATCHED: Ticker: RELIANCE | Buy Order: 2622 | Sell Order: 2744 | Price: ₹2270.57 | Qty: 6 | Total: ₹13623.42
[2026-07-10 15:03:14] TRADE MATCHED: Ticker: HDFCBANK | Buy Order: 2716 | Sell Order: 2748 | Price: ₹1567.81 | Qty: 4 | Total: ₹6271.24
[2026-07-10 15:03:14] TRADE MATCHED: Ticker: HDFCBANK | Buy Order: 2590 | Sell Order: 2748 | Price: ₹1566.83 | Qty: 7 | Total: ₹10967.81
[2026-07-10 15:03:14] TRADE MATCHED: Ticker: HDFCBANK | Buy Order: 2473 | Sell Order: 2748 | Price: ₹1566.77 | Qty: 1 | Total: ₹1566.77
[2026-07-10 15:03:16] TRADE MATCHED: Ticker: SUNPHARMA | Buy Order: 2749 | Sell Order: 1769 | Price: ₹1064.03 | Qty: 1 | Total: ₹1064.03
[2026-07-10 15:03:17] TRADE MATCHED: Ticker: HDFCBANK | Buy Order: 2473 | Sell Order: 2750 | Price: ₹1566.77 | Qty: 9 | Total: ₹14100.93
[2026-07-10 15:03:20] TRADE MATCHED: Ticker: SUNPHARMA | Buy Order: 2752 | Sell Order: 1769 | Price: ₹1064.03 | Qty: 3 | Total: ₹3192.09
[2026-07-10 15:03:20] TRADE MATCHED: Ticker: SUNPHARMA | Buy Order: 2752 | Sell Order: 2742 | Price: ₹1065.12 | Qty: 2 | Total: ₹2130.24
[2026-07-10 15:03:21] TRADE MATCHED: Ticker: SUNPHARMA | Buy Order: 2696 | Sell Order: 2753 | Price: ₹1062.28 | Qty: 6 | Total: ₹6373.68
[2026-07-10 15:03:21] TRADE MATCHED: Ticker: SUNPHARMA | Buy Order: 2709 | Sell Order: 2753 | Price: ₹1059.65 | Qty: 2 | Total: ₹2119.30
[2026-07-10 15:03:25] TRADE MATCHED: Ticker: SUNPHARMA | Buy Order: 2709 | Sell Order: 2755 | Price: ₹1059.65 | Qty: 4 | Total: ₹4238.60
[2026-07-10 15:03:25] TRADE MATCHED: Ticker: SUNPHARMA | Buy Order: 2695 | Sell Order: 2755 | Price: ₹1059.54 | Qty: 4 | Total: ₹4238.16
[2026-07-10 15:03:25] TRADE MATCHED: Ticker: SUNPHARMA | Buy Order: 2519 | Sell Order: 2756 | Price: ₹1052.74 | Qty: 13 | Total: ₹13685.62
[2026-07-10 15:03:25] TRADE MATCHED: Ticker: SUNPHARMA | Buy Order: 2554 | Sell Order: 2756 | Price: ₹1051.87 | Qty: 1 | Total: ₹1051.87
[2026-07-10 15:03:27] TRADE MATCHED: Ticker: RELIANCE | Buy Order: 2622 | Sell Order: 2758 | Price: ₹2270.57 | Qty: 3 | Total: ₹6811.71
[2026-07-10 15:03:27] TRADE MATCHED: Ticker: RELIANCE | Buy Order: 2631 | Sell Order: 2758 | Price: ₹2269.44 | Qty: 6 | Total: ₹13616.64
[2026-07-10 15:03:27] TRADE MATCHED: Ticker: RELIANCE | Buy Order: 2668 | Sell Order: 2758 | Price: ₹2268.78 | Qty: 4 | Total: ₹9075.12
[2026-07-10 15:03:28] TRADE MATCHED: Ticker: TATAMOTORS | Buy Order: 2759 | Sell Order: 2751 | Price: ₹628.59 | Qty: 1 | Total: ₹628.59
[2026-07-10 15:03:28] TRADE MATCHED: Ticker: TATAMOTORS | Buy Order: 2759 | Sell Order: 2654 | Price: ₹637.30 | Qty: 2 | Total: ₹1274.60
[2026-07-10 15:03:28] TRADE MATCHED: Ticker: TATAMOTORS | Buy Order: 2759 | Sell Order: 281 | Price: ₹637.71 | Qty: 7 | Total: ₹4463.97
[2026-07-10 15:03:29] TRADE MATCHED: Ticker: TCS | Buy Order: 2760 | Sell Order: 2319 | Price: ₹3219.92 | Qty: 4 | Total: ₹12879.68
[2026-07-10 15:03:29] TRADE MATCHED: Ticker: TCS | Buy Order: 2760 | Sell Order: 2411 | Price: ₹3220.78 | Qty: 6 | Total: ₹19324.68
[2026-07-10 15:03:39] TRADE MATCHED: Ticker: HDFCBANK | Buy Order: 2473 | Sell Order: 2764 | Price: ₹1566.77 | Qty: 4 | Total: ₹6267.08
[2026-07-10 15:03:39] TRADE MATCHED: Ticker: HDFCBANK | Buy Order: 2421 | Sell Order: 2764 | Price: ₹1566.70 | Qty: 1 | Total: ₹1566.70
[2026-07-10 15:03:39] TRADE MATCHED: Ticker: HDFCBANK | Buy Order: 2650 | Sell Order: 2764 | Price: ₹1566.47 | Qty: 1 | Total: ₹1566.47
[2026-07-10 15:03:41] TRADE MATCHED: Ticker: TATAMOTORS | Buy Order: 2767 | Sell Order: 2763 | Price: ₹632.95 | Qty: 9 | Total: ₹5696.55
[2026-07-10 15:03:41] TRADE MATCHED: Ticker: TATAMOTORS | Buy Order: 2767 | Sell Order: 281 | Price: ₹637.71 | Qty: 5 | Total: ₹3188.55
[2026-07-10 15:03:44] TRADE MATCHED: Ticker: TATAMOTORS | Buy Order: 2768 | Sell Order: 2720 | Price: ₹637.90 | Qty: 8 | Total: ₹5103.20
[2026-07-10 15:03:44] TRADE MATCHED: Ticker: HDFCBANK | Buy Order: 2650 | Sell Order: 2769 | Price: ₹1566.47 | Qty: 13 | Total: ₹20364.11
[2026-07-10 15:03:44] TRADE MATCHED: Ticker: HDFCBANK | Buy Order: 2463 | Sell Order: 2769 | Price: ₹1565.62 | Qty: 2 | Total: ₹3131.24
[2026-07-10 15:03:47] TRADE MATCHED: Ticker: RELIANCE | Buy Order: 2771 | Sell Order: 1020 | Price: ₹2305.13 | Qty: 12 | Total: ₹27661.56
[2026-07-10 15:03:52] TRADE MATCHED: Ticker: TCS | Buy Order: 2775 | Sell Order: 2411 | Price: ₹3220.78 | Qty: 3 | Total: ₹9662.34
[2026-07-10 15:03:55] TRADE MATCHED: Ticker: TATAMOTORS | Buy Order: 2778 | Sell Order: 2720 | Price: ₹637.90 | Qty: 1 | Total: ₹637.90
[2026-07-10 15:03:56] TRADE MATCHED: Ticker: RELIANCE | Buy Order: 2779 | Sell Order: 1459 | Price: ₹2305.70 | Qty: 4 | Total: ₹9222.80
[2026-07-10 15:03:57] TRADE MATCHED: Ticker: HDFCBANK | Buy Order: 2463 | Sell Order: 2780 | Price: ₹1565.62 | Qty: 4 | Total: ₹6262.48
[2026-07-10 15:04:00] TRADE MATCHED: Ticker: HDFCBANK | Buy Order: 2782 | Sell Order: 2770 | Price: ₹1568.33 | Qty: 9 | Total: ₹14114.97
[2026-07-10 15:04:02] TRADE MATCHED: Ticker: TATAMOTORS | Buy Order: 2784 | Sell Order: 1507 | Price: ₹637.92 | Qty: 1 | Total: ₹637.92
[2026-07-10 15:04:02] TRADE MATCHED: Ticker: TATAMOTORS | Buy Order: 2784 | Sell Order: 1298 | Price: ₹637.93 | Qty: 7 | Total: ₹4465.51
[2026-07-10 15:04:12] TRADE MATCHED: Ticker: TCS | Buy Order: 2671 | Sell Order: 2791 | Price: ₹3182.66 | Qty: 6 | Total: ₹19095.96
[2026-07-10 15:04:15] TRADE MATCHED: Ticker: HDFCBANK | Buy Order: 2463 | Sell Order: 2794 | Price: ₹1565.62 | Qty: 3 | Total: ₹4696.86
[2026-07-10 15:04:15] TRADE MATCHED: Ticker: HDFCBANK | Buy Order: 2636 | Sell Order: 2794 | Price: ₹1565.32 | Qty: 3 | Total: ₹4695.96
[2026-07-10 15:04:17] TRADE MATCHED: Ticker: TATAMOTORS | Buy Order: 2789 | Sell Order: 2795 | Price: ₹633.00 | Qty: 10 | Total: ₹6330.00
[2026-07-10 15:04:19] TRADE MATCHED: Ticker: HDFCBANK | Buy Order: 2797 | Sell Order: 2770 | Price: ₹1568.33 | Qty: 2 | Total: ₹3136.66
[2026-07-10 15:04:20] TRADE MATCHED: Ticker: SUNPHARMA | Buy Order: 2762 | Sell Order: 2798 | Price: ₹1054.14 | Qty: 9 | Total: ₹9487.26
[2026-07-10 15:04:20] TRADE MATCHED: Ticker: SUNPHARMA | Buy Order: 2554 | Sell Order: 2798 | Price: ₹1051.87 | Qty: 2 | Total: ₹2103.74
[2026-07-10 15:04:22] TRADE MATCHED: Ticker: TATAMOTORS | Buy Order: 2799 | Sell Order: 2788 | Price: ₹633.01 | Qty: 13 | Total: ₹8229.13
[2026-07-10 15:04:22] TRADE MATCHED: Ticker: TATAMOTORS | Buy Order: 2799 | Sell Order: 1298 | Price: ₹637.93 | Qty: 1 | Total: ₹637.93
[2026-07-10 15:04:25] TRADE MATCHED: Ticker: HDFCBANK | Buy Order: 2636 | Sell Order: 2802 | Price: ₹1565.32 | Qty: 3 | Total: ₹4695.96
[2026-07-10 15:04:25] TRADE MATCHED: Ticker: HDFCBANK | Buy Order: 2530 | Sell Order: 2802 | Price: ₹1562.37 | Qty: 3 | Total: ₹4687.11
[2026-07-10 15:04:25] TRADE MATCHED: Ticker: HDFCBANK | Buy Order: 2663 | Sell Order: 2802 | Price: ₹1561.86 | Qty: 4 | Total: ₹6247.44
[2026-07-10 15:04:27] TRADE MATCHED: Ticker: HDFCBANK | Buy Order: 2805 | Sell Order: 2774 | Price: ₹1577.86 | Qty: 1 | Total: ₹1577.86
[2026-07-10 15:04:32] TRADE MATCHED: Ticker: RELIANCE | Buy Order: 2809 | Sell Order: 2796 | Price: ₹2304.38 | Qty: 6 | Total: ₹13826.28
[2026-07-10 15:04:32] TRADE MATCHED: Ticker: RELIANCE | Buy Order: 2809 | Sell Order: 1459 | Price: ₹2305.70 | Qty: 2 | Total: ₹4611.40
[2026-07-10 15:04:37] TRADE MATCHED: Ticker: TATAMOTORS | Buy Order: 2803 | Sell Order: 2813 | Price: ₹635.06 | Qty: 5 | Total: ₹3175.30
[2026-07-10 15:04:37] TRADE MATCHED: Ticker: SUNPHARMA | Buy Order: 2807 | Sell Order: 2814 | Price: ₹1053.42 | Qty: 5 | Total: ₹5267.10
[2026-07-10 15:04:39] TRADE MATCHED: Ticker: SUNPHARMA | Buy Order: 2815 | Sell Order: 2761 | Price: ₹1055.66 | Qty: 5 | Total: ₹5278.30
[2026-07-10 15:04:39] TRADE MATCHED: Ticker: SUNPHARMA | Buy Order: 2815 | Sell Order: 2755 | Price: ₹1055.81 | Qty: 2 | Total: ₹2111.62
[2026-07-10 15:04:39] TRADE MATCHED: Ticker: SUNPHARMA | Buy Order: 2815 | Sell Order: 2742 | Price: ₹1065.12 | Qty: 3 | Total: ₹3195.36
[2026-07-10 15:04:39] TRADE MATCHED: Ticker: SUNPHARMA | Buy Order: 2815 | Sell Order: 2372 | Price: ₹1065.49 | Qty: 5 | Total: ₹5327.45
[2026-07-10 15:04:42] TRADE MATCHED: Ticker: SUNPHARMA | Buy Order: 2818 | Sell Order: 2746 | Price: ₹1065.73 | Qty: 4 | Total: ₹4262.92
[2026-07-10 15:04:42] TRADE MATCHED: Ticker: SUNPHARMA | Buy Order: 2818 | Sell Order: 1890 | Price: ₹1066.14 | Qty: 6 | Total: ₹6396.84
[2026-07-10 15:04:42] TRADE MATCHED: Ticker: SUNPHARMA | Buy Order: 2818 | Sell Order: 1608 | Price: ₹1066.50 | Qty: 5 | Total: ₹5332.50
[2026-07-10 15:04:44] TRADE MATCHED: Ticker: TCS | Buy Order: 2671 | Sell Order: 2820 | Price: ₹3182.66 | Qty: 2 | Total: ₹6365.32
[2026-07-10 15:04:45] TRADE MATCHED: Ticker: TCS | Buy Order: 2609 | Sell Order: 2820 | Price: ₹3181.92 | Qty: 6 | Total: ₹19091.52
[2026-07-10 15:04:54] TRADE MATCHED: Ticker: SUNPHARMA | Buy Order: 2828 | Sell Order: 1608 | Price: ₹1066.50 | Qty: 3 | Total: ₹3199.50
[2026-07-10 15:04:54] TRADE MATCHED: Ticker: SUNPHARMA | Buy Order: 2828 | Sell Order: 2164 | Price: ₹1067.37 | Qty: 5 | Total: ₹5336.85
[2026-07-10 15:04:54] TRADE MATCHED: Ticker: SUNPHARMA | Buy Order: 2828 | Sell Order: 2039 | Price: ₹1067.40 | Qty: 6 | Total: ₹6404.40
[2026-07-10 15:04:54] TRADE MATCHED: Ticker: TATAMOTORS | Buy Order: 2827 | Sell Order: 1298 | Price: ₹637.93 | Qty: 7 | Total: ₹4465.51
[2026-07-10 15:04:54] TRADE MATCHED: Ticker: TATAMOTORS | Buy Order: 2827 | Sell Order: 2010 | Price: ₹638.24 | Qty: 1 | Total: ₹638.24
[2026-07-10 15:04:54] TRADE MATCHED: Ticker: TATAMOTORS | Buy Order: 2827 | Sell Order: 129 | Price: ₹638.27 | Qty: 2 | Total: ₹1276.54
[2026-07-10 15:04:56] TRADE MATCHED: Ticker: HDFCBANK | Buy Order: 2829 | Sell Order: 2757 | Price: ₹1586.78 | Qty: 2 | Total: ₹3173.56
[2026-07-10 15:04:56] TRADE MATCHED: Ticker: HDFCBANK | Buy Order: 2829 | Sell Order: 2253 | Price: ₹1587.33 | Qty: 7 | Total: ₹11111.31
[2026-07-10 15:05:03] TRADE MATCHED: Ticker: TCS | Buy Order: 2609 | Sell Order: 2833 | Price: ₹3181.92 | Qty: 7 | Total: ₹22273.44
[2026-07-10 15:05:06] TRADE MATCHED: Ticker: HDFCBANK | Buy Order: 2836 | Sell Order: 2253 | Price: ₹1587.33 | Qty: 1 | Total: ₹1587.33
[2026-07-10 15:05:06] TRADE MATCHED: Ticker: HDFCBANK | Buy Order: 2836 | Sell Order: 2418 | Price: ₹1588.00 | Qty: 12 | Total: ₹19056.00
[2026-07-10 15:05:06] TRADE MATCHED: Ticker: HDFCBANK | Buy Order: 2836 | Sell Order: 2461 | Price: ₹1588.16 | Qty: 1 | Total: ₹1588.16
[2026-07-10 15:05:09] TRADE MATCHED: Ticker: RELIANCE | Buy Order: 2839 | Sell Order: 2838 | Price: ₹2302.06 | Qty: 8 | Total: ₹18416.48
[2026-07-10 15:05:10] TRADE MATCHED: Ticker: TATAMOTORS | Buy Order: 2803 | Sell Order: 2840 | Price: ₹635.06 | Qty: 1 | Total: ₹635.06
[2026-07-10 15:05:10] TRADE MATCHED: Ticker: TATAMOTORS | Buy Order: 2789 | Sell Order: 2840 | Price: ₹633.00 | Qty: 5 | Total: ₹3165.00
[2026-07-10 15:05:13] TRADE MATCHED: Ticker: RELIANCE | Buy Order: 2821 | Sell Order: 2842 | Price: ₹2298.68 | Qty: 12 | Total: ₹27584.16
[2026-07-10 15:05:16] TRADE MATCHED: Ticker: SUNPHARMA | Buy Order: 2807 | Sell Order: 2844 | Price: ₹1053.42 | Qty: 10 | Total: ₹10534.20
[2026-07-10 15:05:22] TRADE MATCHED: Ticker: SUNPHARMA | Buy Order: 2554 | Sell Order: 2849 | Price: ₹1051.87 | Qty: 3 | Total: ₹3155.61
[2026-07-10 15:05:22] TRADE MATCHED: Ticker: SUNPHARMA | Buy Order: 2628 | Sell Order: 2849 | Price: ₹1051.58 | Qty: 2 | Total: ₹2103.16
[2026-07-10 15:05:22] TRADE MATCHED: Ticker: RELIANCE | Buy Order: 2821 | Sell Order: 2850 | Price: ₹2298.68 | Qty: 2 | Total: ₹4597.36
[2026-07-10 15:05:26] TRADE MATCHED: Ticker: HDFCBANK | Buy Order: 2853 | Sell Order: 2461 | Price: ₹1588.16 | Qty: 2 | Total: ₹3176.32
[2026-07-10 15:05:27] TRADE MATCHED: Ticker: HDFCBANK | Buy Order: 2854 | Sell Order: 2461 | Price: ₹1588.16 | Qty: 7 | Total: ₹11117.12
[2026-07-10 15:05:27] TRADE MATCHED: Ticker: HDFCBANK | Buy Order: 2854 | Sell Order: 2481 | Price: ₹1588.37 | Qty: 3 | Total: ₹4765.11
[2026-07-10 15:05:29] TRADE MATCHED: Ticker: TATAMOTORS | Buy Order: 2855 | Sell Order: 2840 | Price: ₹631.86 | Qty: 5 | Total: ₹3159.30
[2026-07-10 15:05:29] TRADE MATCHED: Ticker: TATAMOTORS | Buy Order: 2855 | Sell Order: 129 | Price: ₹638.27 | Qty: 2 | Total: ₹1276.54
[2026-07-10 15:05:30] TRADE MATCHED: Ticker: HDFCBANK | Buy Order: 2856 | Sell Order: 2481 | Price: ₹1588.37 | Qty: 2 | Total: ₹3176.74
[2026-07-10 15:05:32] TRADE MATCHED: Ticker: HDFCBANK | Buy Order: 2858 | Sell Order: 2481 | Price: ₹1588.37 | Qty: 10 | Total: ₹15883.70
[2026-07-10 15:05:32] TRADE MATCHED: Ticker: HDFCBANK | Buy Order: 2858 | Sell Order: 1607 | Price: ₹1588.95 | Qty: 2 | Total: ₹3177.90
[2026-07-10 15:05:35] TRADE MATCHED: Ticker: TCS | Buy Order: 2661 | Sell Order: 2860 | Price: ₹3180.06 | Qty: 2 | Total: ₹6360.12
[2026-07-10 15:05:35] TRADE MATCHED: Ticker: TCS | Buy Order: 2610 | Sell Order: 2860 | Price: ₹3178.75 | Qty: 2 | Total: ₹6357.50
[2026-07-10 15:05:48] TRADE MATCHED: Ticker: HDFCBANK | Buy Order: 2871 | Sell Order: 1607 | Price: ₹1588.95 | Qty: 2 | Total: ₹3177.90
[2026-07-10 15:05:53] TRADE MATCHED: Ticker: SUNPHARMA | Buy Order: 2866 | Sell Order: 2874 | Price: ₹1061.95 | Qty: 3 | Total: ₹3185.85
[2026-07-10 15:05:53] TRADE MATCHED: Ticker: TCS | Buy Order: 2875 | Sell Order: 2781 | Price: ₹3186.57 | Qty: 1 | Total: ₹3186.57
[2026-07-10 15:05:53] TRADE MATCHED: Ticker: TCS | Buy Order: 2875 | Sell Order: 2864 | Price: ₹3192.91 | Qty: 10 | Total: ₹31929.10
[2026-07-10 15:05:53] TRADE MATCHED: Ticker: TCS | Buy Order: 2875 | Sell Order: 2787 | Price: ₹3195.17 | Qty: 1 | Total: ₹3195.17
[2026-07-10 15:05:57] TRADE MATCHED: Ticker: SUNPHARMA | Buy Order: 2878 | Sell Order: 2874 | Price: ₹1057.20 | Qty: 10 | Total: ₹10572.00
[2026-07-10 15:05:57] TRADE MATCHED: Ticker: SUNPHARMA | Buy Order: 2878 | Sell Order: 2837 | Price: ₹1062.66 | Qty: 5 | Total: ₹5313.30
[2026-07-10 15:05:57] TRADE MATCHED: Ticker: HDFCBANK | Buy Order: 2805 | Sell Order: 2879 | Price: ₹1585.75 | Qty: 3 | Total: ₹4757.25
[2026-07-10 15:05:59] TRADE MATCHED: Ticker: RELIANCE | Buy Order: 2785 | Sell Order: 2880 | Price: ₹2277.69 | Qty: 6 | Total: ₹13666.14
[2026-07-10 15:06:02] TRADE MATCHED: Ticker: SUNPHARMA | Buy Order: 2882 | Sell Order: 2837 | Price: ₹1062.66 | Qty: 3 | Total: ₹3187.98
[2026-07-10 15:06:04] TRADE MATCHED: Ticker: TATAMOTORS | Buy Order: 2885 | Sell Order: 129 | Price: ₹638.27 | Qty: 3 | Total: ₹1914.81
[2026-07-10 15:06:07] TRADE MATCHED: Ticker: RELIANCE | Buy Order: 2785 | Sell Order: 2886 | Price: ₹2277.69 | Qty: 6 | Total: ₹13666.14
[2026-07-10 15:06:07] TRADE MATCHED: Ticker: RELIANCE | Buy Order: 2812 | Sell Order: 2886 | Price: ₹2273.83 | Qty: 3 | Total: ₹6821.49
[2026-07-10 15:06:09] TRADE MATCHED: Ticker: HDFCBANK | Buy Order: 2889 | Sell Order: 1607 | Price: ₹1588.95 | Qty: 7 | Total: ₹11122.65
[2026-07-10 15:06:09] TRADE MATCHED: Ticker: HDFCBANK | Buy Order: 2889 | Sell Order: 2546 | Price: ₹1589.26 | Qty: 3 | Total: ₹4767.78
[2026-07-10 15:06:12] TRADE MATCHED: Ticker: TATAMOTORS | Buy Order: 2891 | Sell Order: 129 | Price: ₹638.27 | Qty: 6 | Total: ₹3829.62
[2026-07-10 15:06:12] TRADE MATCHED: Ticker: TATAMOTORS | Buy Order: 2892 | Sell Order: 129 | Price: ₹638.27 | Qty: 1 | Total: ₹638.27
[2026-07-10 15:06:12] TRADE MATCHED: Ticker: TATAMOTORS | Buy Order: 2892 | Sell Order: 2353 | Price: ₹638.29 | Qty: 11 | Total: ₹7021.19
[2026-07-10 15:06:15] TRADE MATCHED: Ticker: RELIANCE | Buy Order: 2894 | Sell Order: 2890 | Price: ₹2280.74 | Qty: 2 | Total: ₹4561.48
[2026-07-10 15:06:15] TRADE MATCHED: Ticker: RELIANCE | Buy Order: 2894 | Sell Order: 2857 | Price: ₹2282.11 | Qty: 11 | Total: ₹25103.21
[2026-07-10 15:06:17] TRADE MATCHED: Ticker: TATAMOTORS | Buy Order: 2896 | Sell Order: 2353 | Price: ₹638.29 | Qty: 1 | Total: ₹638.29
[2026-07-10 15:06:17] TRADE MATCHED: Ticker: TATAMOTORS | Buy Order: 2896 | Sell Order: 1526 | Price: ₹638.61 | Qty: 3 | Total: ₹1915.83
[2026-07-10 15:06:17] TRADE MATCHED: Ticker: TATAMOTORS | Buy Order: 2896 | Sell Order: 1681 | Price: ₹638.64 | Qty: 7 | Total: ₹4470.48
[2026-07-10 15:06:18] TRADE MATCHED: Ticker: SUNPHARMA | Buy Order: 2897 | Sell Order: 2837 | Price: ₹1062.66 | Qty: 1 | Total: ₹1062.66
[2026-07-10 15:06:18] TRADE MATCHED: Ticker: SUNPHARMA | Buy Order: 2897 | Sell Order: 2893 | Price: ₹1063.55 | Qty: 5 | Total: ₹5317.75
[2026-07-10 15:06:18] TRADE MATCHED: Ticker: SUNPHARMA | Buy Order: 2897 | Sell Order: 2039 | Price: ₹1067.40 | Qty: 5 | Total: ₹5337.00
[2026-07-10 15:06:19] TRADE MATCHED: Ticker: HDFCBANK | Buy Order: 2805 | Sell Order: 2898 | Price: ₹1585.75 | Qty: 3 | Total: ₹4757.25
[2026-07-10 15:06:19] TRADE MATCHED: Ticker: HDFCBANK | Buy Order: 2887 | Sell Order: 2898 | Price: ₹1582.62 | Qty: 1 | Total: ₹1582.62
[2026-07-10 15:06:19] TRADE MATCHED: Ticker: HDFCBANK | Buy Order: 2852 | Sell Order: 2898 | Price: ₹1582.35 | Qty: 5 | Total: ₹7911.75
[2026-07-10 15:06:22] TRADE MATCHED: Ticker: RELIANCE | Buy Order: 2812 | Sell Order: 2901 | Price: ₹2273.83 | Qty: 3 | Total: ₹6821.49
[2026-07-10 15:06:22] TRADE MATCHED: Ticker: HDFCBANK | Buy Order: 2852 | Sell Order: 2902 | Price: ₹1582.35 | Qty: 1 | Total: ₹1582.35
[2026-07-10 15:06:23] TRADE MATCHED: Ticker: HDFCBANK | Buy Order: 2825 | Sell Order: 2902 | Price: ₹1582.13 | Qty: 2 | Total: ₹3164.26
[2026-07-10 15:06:23] TRADE MATCHED: Ticker: HDFCBANK | Buy Order: 2819 | Sell Order: 2902 | Price: ₹1576.52 | Qty: 3 | Total: ₹4729.56
[2026-07-10 15:06:23] TRADE MATCHED: Ticker: HDFCBANK | Buy Order: 2848 | Sell Order: 2902 | Price: ₹1570.22 | Qty: 3 | Total: ₹4710.66
[2026-07-10 15:06:26] TRADE MATCHED: Ticker: RELIANCE | Buy Order: 2905 | Sell Order: 2850 | Price: ₹2292.00 | Qty: 1 | Total: ₹2292.00
[2026-07-10 15:06:33] TRADE MATCHED: Ticker: HDFCBANK | Buy Order: 2910 | Sell Order: 2907 | Price: ₹1570.37 | Qty: 2 | Total: ₹3140.74
[2026-07-10 15:06:33] TRADE MATCHED: Ticker: HDFCBANK | Buy Order: 2910 | Sell Order: 2903 | Price: ₹1574.30 | Qty: 10 | Total: ₹15743.00
[2026-07-10 15:06:35] TRADE MATCHED: Ticker: RELIANCE | Buy Order: 2812 | Sell Order: 2913 | Price: ₹2273.83 | Qty: 7 | Total: ₹15916.81
[2026-07-10 15:06:35] TRADE MATCHED: Ticker: RELIANCE | Buy Order: 2668 | Sell Order: 2913 | Price: ₹2268.78 | Qty: 3 | Total: ₹6806.34
[2026-07-10 15:06:36] TRADE MATCHED: Ticker: HDFCBANK | Buy Order: 2914 | Sell Order: 2903 | Price: ₹1574.30 | Qty: 2 | Total: ₹3148.60
[2026-07-10 15:06:38] TRADE MATCHED: Ticker: HDFCBANK | Buy Order: 2916 | Sell Order: 2903 | Price: ₹1574.30 | Qty: 1 | Total: ₹1574.30
[2026-07-10 15:06:41] TRADE MATCHED: Ticker: TATAMOTORS | Buy Order: 2918 | Sell Order: 1681 | Price: ₹638.64 | Qty: 1 | Total: ₹638.64
[2026-07-10 15:06:41] TRADE MATCHED: Ticker: TATAMOTORS | Buy Order: 2918 | Sell Order: 676 | Price: ₹638.93 | Qty: 1 | Total: ₹638.93
[2026-07-10 15:06:44] TRADE MATCHED: Ticker: TATAMOTORS | Buy Order: 2919 | Sell Order: 676 | Price: ₹638.93 | Qty: 7 | Total: ₹4472.51
[2026-07-10 15:06:44] TRADE MATCHED: Ticker: TATAMOTORS | Buy Order: 2919 | Sell Order: 308 | Price: ₹639.07 | Qty: 2 | Total: ₹1278.14
[2026-07-10 15:06:49] TRADE MATCHED: Ticker: HDFCBANK | Buy Order: 2916 | Sell Order: 2923 | Price: ₹1583.85 | Qty: 7 | Total: ₹11086.95
[2026-07-10 15:06:52] TRADE MATCHED: Ticker: TATAMOTORS | Buy Order: 2900 | Sell Order: 2925 | Price: ₹634.63 | Qty: 5 | Total: ₹3173.15
[2026-07-10 15:06:52] TRADE MATCHED: Ticker: TATAMOTORS | Buy Order: 2906 | Sell Order: 2925 | Price: ₹633.21 | Qty: 2 | Total: ₹1266.42
[2026-07-10 15:06:56] TRADE MATCHED: Ticker: RELIANCE | Buy Order: 2928 | Sell Order: 2927 | Price: ₹2273.17 | Qty: 3 | Total: ₹6819.51
[2026-07-10 15:06:59] TRADE MATCHED: Ticker: SUNPHARMA | Buy Order: 2931 | Sell Order: 2039 | Price: ₹1067.40 | Qty: 4 | Total: ₹4269.60
[2026-07-10 15:07:00] TRADE MATCHED: Ticker: SUNPHARMA | Buy Order: 2931 | Sell Order: 1491 | Price: ₹1067.63 | Qty: 3 | Total: ₹3202.89
[2026-07-10 15:07:04] TRADE MATCHED: Ticker: SUNPHARMA | Buy Order: 2935 | Sell Order: 1491 | Price: ₹1067.63 | Qty: 5 | Total: ₹5338.15
[2026-07-10 15:07:04] TRADE MATCHED: Ticker: SUNPHARMA | Buy Order: 2935 | Sell Order: 2400 | Price: ₹1067.73 | Qty: 4 | Total: ₹4270.92
[2026-07-10 15:07:07] TRADE MATCHED: Ticker: RELIANCE | Buy Order: 2933 | Sell Order: 2937 | Price: ₹2291.99 | Qty: 10 | Total: ₹22919.90
[2026-07-10 15:07:09] TRADE MATCHED: Ticker: TATAMOTORS | Buy Order: 2939 | Sell Order: 308 | Price: ₹639.07 | Qty: 12 | Total: ₹7668.84
[2026-07-10 15:07:11] TRADE MATCHED: Ticker: TCS | Buy Order: 2926 | Sell Order: 2942 | Price: ₹3179.17 | Qty: 5 | Total: ₹15895.85
[2026-07-10 15:07:11] TRADE MATCHED: Ticker: TCS | Buy Order: 2610 | Sell Order: 2942 | Price: ₹3178.75 | Qty: 3 | Total: ₹9536.25
[2026-07-10 15:07:14] TRADE MATCHED: Ticker: HDFCBANK | Buy Order: 2916 | Sell Order: 2944 | Price: ₹1583.85 | Qty: 7 | Total: ₹11086.95
[2026-07-10 15:07:14] TRADE MATCHED: Ticker: HDFCBANK | Buy Order: 2848 | Sell Order: 2944 | Price: ₹1570.22 | Qty: 6 | Total: ₹9421.32
[2026-07-10 15:07:15] TRADE MATCHED: Ticker: RELIANCE | Buy Order: 2945 | Sell Order: 2850 | Price: ₹2292.00 | Qty: 2 | Total: ₹4584.00
[2026-07-10 15:07:15] TRADE MATCHED: Ticker: RELIANCE | Buy Order: 2945 | Sell Order: 2912 | Price: ₹2300.71 | Qty: 5 | Total: ₹11503.55
[2026-07-10 15:07:15] TRADE MATCHED: Ticker: RELIANCE | Buy Order: 2945 | Sell Order: 1459 | Price: ₹2305.70 | Qty: 7 | Total: ₹16139.90
[2026-07-10 15:07:23] TRADE MATCHED: Ticker: TATAMOTORS | Buy Order: 2951 | Sell Order: 308 | Price: ₹639.07 | Qty: 1 | Total: ₹639.07
[2026-07-10 15:07:23] TRADE MATCHED: Ticker: TATAMOTORS | Buy Order: 2951 | Sell Order: 2195 | Price: ₹639.10 | Qty: 7 | Total: ₹4473.70
[2026-07-10 15:07:25] TRADE MATCHED: Ticker: RELIANCE | Buy Order: 2952 | Sell Order: 1459 | Price: ₹2305.70 | Qty: 1 | Total: ₹2305.70
[2026-07-10 15:07:25] TRADE MATCHED: Ticker: RELIANCE | Buy Order: 2952 | Sell Order: 2822 | Price: ₹2306.29 | Qty: 1 | Total: ₹2306.29
[2026-07-10 15:07:26] TRADE MATCHED: Ticker: TCS | Buy Order: 2610 | Sell Order: 2954 | Price: ₹3178.75 | Qty: 1 | Total: ₹3178.75
[2026-07-10 15:07:27] TRADE MATCHED: Ticker: TCS | Buy Order: 2870 | Sell Order: 2954 | Price: ₹3177.86 | Qty: 3 | Total: ₹9533.58
[2026-07-10 15:07:29] TRADE MATCHED: Ticker: SUNPHARMA | Buy Order: 2628 | Sell Order: 2957 | Price: ₹1051.58 | Qty: 7 | Total: ₹7361.06
[2026-07-10 15:07:33] TRADE MATCHED: Ticker: TCS | Buy Order: 2870 | Sell Order: 2960 | Price: ₹3177.86 | Qty: 7 | Total: ₹22245.02
[2026-07-10 15:07:33] TRADE MATCHED: Ticker: TCS | Buy Order: 2773 | Sell Order: 2960 | Price: ₹3172.89 | Qty: 4 | Total: ₹12691.56
[2026-07-10 15:07:35] TRADE MATCHED: Ticker: TATAMOTORS | Buy Order: 2962 | Sell Order: 2958 | Price: ₹634.17 | Qty: 11 | Total: ₹6975.87
[2026-07-10 15:07:35] TRADE MATCHED: Ticker: TATAMOTORS | Buy Order: 2963 | Sell Order: 2958 | Price: ₹634.17 | Qty: 2 | Total: ₹1268.34
[2026-07-10 15:07:36] TRADE MATCHED: Ticker: TATAMOTORS | Buy Order: 2963 | Sell Order: 2195 | Price: ₹639.10 | Qty: 7 | Total: ₹4473.70
[2026-07-10 15:07:36] TRADE MATCHED: Ticker: TATAMOTORS | Buy Order: 2963 | Sell Order: 109 | Price: ₹639.15 | Qty: 5 | Total: ₹3195.75
[2026-07-10 15:07:39] TRADE MATCHED: Ticker: RELIANCE | Buy Order: 2950 | Sell Order: 2965 | Price: ₹2293.98 | Qty: 10 | Total: ₹22939.80
[2026-07-10 15:07:39] TRADE MATCHED: Ticker: HDFCBANK | Buy Order: 2848 | Sell Order: 2967 | Price: ₹1570.22 | Qty: 4 | Total: ₹6280.88
[2026-07-10 15:07:39] TRADE MATCHED: Ticker: HDFCBANK | Buy Order: 2940 | Sell Order: 2967 | Price: ₹1569.73 | Qty: 5 | Total: ₹7848.65
[2026-07-10 15:07:39] TRADE MATCHED: Ticker: HDFCBANK | Buy Order: 2929 | Sell Order: 2967 | Price: ₹1569.41 | Qty: 6 | Total: ₹9416.46
[2026-07-10 15:07:42] TRADE MATCHED: Ticker: TCS | Buy Order: 2773 | Sell Order: 2969 | Price: ₹3172.89 | Qty: 1 | Total: ₹3172.89
[2026-07-10 15:07:43] TRADE MATCHED: Ticker: TCS | Buy Order: 2532 | Sell Order: 2969 | Price: ₹3171.47 | Qty: 1 | Total: ₹3171.47
[2026-07-10 15:07:43] TRADE MATCHED: Ticker: TCS | Buy Order: 2553 | Sell Order: 2969 | Price: ₹3166.48 | Qty: 3 | Total: ₹9499.44
[2026-07-10 15:07:45] TRADE MATCHED: Ticker: SUNPHARMA | Buy Order: 2628 | Sell Order: 2971 | Price: ₹1051.58 | Qty: 4 | Total: ₹4206.32
[2026-07-10 15:07:45] TRADE MATCHED: Ticker: SUNPHARMA | Buy Order: 2899 | Sell Order: 2971 | Price: ₹1051.49 | Qty: 2 | Total: ₹2102.98
[2026-07-10 15:07:46] TRADE MATCHED: Ticker: TATAMOTORS | Buy Order: 2973 | Sell Order: 958 | Price: ₹639.17 | Qty: 12 | Total: ₹7670.04
[2026-07-10 15:07:48] TRADE MATCHED: Ticker: TCS | Buy Order: 2553 | Sell Order: 2974 | Price: ₹3166.48 | Qty: 10 | Total: ₹31664.80
[2026-07-10 15:07:48] TRADE MATCHED: Ticker: TCS | Buy Order: 2491 | Sell Order: 2974 | Price: ₹3165.33 | Qty: 5 | Total: ₹15826.65
[2026-07-10 15:07:48] TRADE MATCHED: Ticker: RELIANCE | Buy Order: 2975 | Sell Order: 2822 | Price: ₹2306.29 | Qty: 12 | Total: ₹27675.48
[2026-07-10 15:07:54] TRADE MATCHED: Ticker: RELIANCE | Buy Order: 2980 | Sell Order: 2822 | Price: ₹2306.29 | Qty: 1 | Total: ₹2306.29
[2026-07-10 15:07:54] TRADE MATCHED: Ticker: RELIANCE | Buy Order: 2980 | Sell Order: 2307 | Price: ₹2306.61 | Qty: 11 | Total: ₹25372.71
[2026-07-10 15:07:59] TRADE MATCHED: Ticker: RELIANCE | Buy Order: 2985 | Sell Order: 2307 | Price: ₹2306.61 | Qty: 4 | Total: ₹9226.44
[2026-07-10 15:07:59] TRADE MATCHED: Ticker: RELIANCE | Buy Order: 2985 | Sell Order: 2835 | Price: ₹2306.75 | Qty: 4 | Total: ₹9227.00
[2026-07-10 15:08:02] TRADE MATCHED: Ticker: RELIANCE | Buy Order: 2950 | Sell Order: 2987 | Price: ₹2293.98 | Qty: 1 | Total: ₹2293.98
[2026-07-10 15:08:02] TRADE MATCHED: Ticker: RELIANCE | Buy Order: 2981 | Sell Order: 2987 | Price: ₹2292.14 | Qty: 9 | Total: ₹20629.26
[2026-07-10 15:08:02] TRADE MATCHED: Ticker: RELIANCE | Buy Order: 2933 | Sell Order: 2987 | Price: ₹2291.99 | Qty: 1 | Total: ₹2291.99
[2026-07-10 15:08:07] TRADE MATCHED: Ticker: TATAMOTORS | Buy Order: 2988 | Sell Order: 2991 | Price: ₹637.57 | Qty: 1 | Total: ₹637.57
[2026-07-10 15:08:07] TRADE MATCHED: Ticker: TATAMOTORS | Buy Order: 2992 | Sell Order: 958 | Price: ₹639.17 | Qty: 3 | Total: ₹1917.51
[2026-07-10 15:08:07] TRADE MATCHED: Ticker: TATAMOTORS | Buy Order: 2992 | Sell Order: 295 | Price: ₹639.19 | Qty: 1 | Total: ₹639.19
[2026-07-10 15:08:11] TRADE MATCHED: Ticker: TCS | Buy Order: 2994 | Sell Order: 2976 | Price: ₹3169.20 | Qty: 1 | Total: ₹3169.20
[2026-07-10 15:08:14] TRADE MATCHED: Ticker: TCS | Buy Order: 2996 | Sell Order: 2976 | Price: ₹3169.20 | Qty: 3 | Total: ₹9507.60
[2026-07-10 15:08:14] TRADE MATCHED: Ticker: TCS | Buy Order: 2996 | Sell Order: 2921 | Price: ₹3179.79 | Qty: 2 | Total: ₹6359.58
[2026-07-10 15:08:19] TRADE MATCHED: Ticker: TATAMOTORS | Buy Order: 2988 | Sell Order: 3000 | Price: ₹637.57 | Qty: 1 | Total: ₹637.57
[2026-07-10 15:08:20] TRADE MATCHED: Ticker: RELIANCE | Buy Order: 3002 | Sell Order: 2835 | Price: ₹2306.75 | Qty: 4 | Total: ₹9227.00
[2026-07-10 15:08:20] TRADE MATCHED: Ticker: RELIANCE | Buy Order: 3002 | Sell Order: 2060 | Price: ₹2306.81 | Qty: 4 | Total: ₹9227.24
[2026-07-10 15:08:21] TRADE MATCHED: Ticker: RELIANCE | Buy Order: 3002 | Sell Order: 1819 | Price: ₹2307.59 | Qty: 1 | Total: ₹2307.59
[2026-07-10 15:08:22] TRADE MATCHED: Ticker: TCS | Buy Order: 3003 | Sell Order: 2921 | Price: ₹3179.79 | Qty: 3 | Total: ₹9539.37
[2026-07-10 15:08:22] TRADE MATCHED: Ticker: TCS | Buy Order: 3003 | Sell Order: 2986 | Price: ₹3182.38 | Qty: 8 | Total: ₹25459.04
[2026-07-10 15:08:23] TRADE MATCHED: Ticker: TATAMOTORS | Buy Order: 3004 | Sell Order: 3000 | Price: ₹634.12 | Qty: 3 | Total: ₹1902.36
[2026-07-10 15:08:23] TRADE MATCHED: Ticker: TATAMOTORS | Buy Order: 3004 | Sell Order: 295 | Price: ₹639.19 | Qty: 11 | Total: ₹7031.09
[2026-07-10 15:08:23] TRADE MATCHED: Ticker: TATAMOTORS | Buy Order: 3004 | Sell Order: 579 | Price: ₹639.23 | Qty: 1 | Total: ₹639.23
[2026-07-10 15:08:28] TRADE MATCHED: Ticker: SUNPHARMA | Buy Order: 3008 | Sell Order: 3005 | Price: ₹1062.42 | Qty: 4 | Total: ₹4249.68
[2026-07-10 15:08:33] TRADE MATCHED: Ticker: TCS | Buy Order: 2491 | Sell Order: 3013 | Price: ₹3165.33 | Qty: 10 | Total: ₹31653.30
[2026-07-10 15:08:33] TRADE MATCHED: Ticker: TCS | Buy Order: 2707 | Sell Order: 3013 | Price: ₹3164.15 | Qty: 3 | Total: ₹9492.45
[2026-07-10 15:08:40] TRADE MATCHED: Ticker: RELIANCE | Buy Order: 3019 | Sell Order: 1819 | Price: ₹2307.59 | Qty: 4 | Total: ₹9230.36
[2026-07-10 15:08:45] TRADE MATCHED: Ticker: RELIANCE | Buy Order: 3023 | Sell Order: 3022 | Price: ₹2292.28 | Qty: 4 | Total: ₹9169.12
[2026-07-10 15:08:47] TRADE MATCHED: Ticker: RELIANCE | Buy Order: 3026 | Sell Order: 3022 | Price: ₹2292.28 | Qty: 2 | Total: ₹4584.56
[2026-07-10 15:08:47] TRADE MATCHED: Ticker: RELIANCE | Buy Order: 3026 | Sell Order: 1819 | Price: ₹2307.59 | Qty: 2 | Total: ₹4615.18
[2026-07-10 15:08:49] TRADE MATCHED: Ticker: HDFCBANK | Buy Order: 3027 | Sell Order: 3015 | Price: ₹1572.19 | Qty: 7 | Total: ₹11005.33
[2026-07-10 15:08:50] TRADE MATCHED: Ticker: HDFCBANK | Buy Order: 3029 | Sell Order: 3015 | Price: ₹1572.19 | Qty: 4 | Total: ₹6288.76
[2026-07-10 15:08:50] TRADE MATCHED: Ticker: HDFCBANK | Buy Order: 3029 | Sell Order: 2947 | Price: ₹1575.33 | Qty: 2 | Total: ₹3150.66
[2026-07-10 15:08:54] TRADE MATCHED: Ticker: RELIANCE | Buy Order: 3031 | Sell Order: 1819 | Price: ₹2307.59 | Qty: 3 | Total: ₹6922.77
[2026-07-10 15:08:54] TRADE MATCHED: Ticker: RELIANCE | Buy Order: 3031 | Sell Order: 2766 | Price: ₹2308.44 | Qty: 3 | Total: ₹6925.32
[2026-07-10 15:08:55] TRADE MATCHED: Ticker: RELIANCE | Buy Order: 3031 | Sell Order: 2934 | Price: ₹2309.55 | Qty: 2 | Total: ₹4619.10
[2026-07-10 15:09:02] TRADE MATCHED: Ticker: SUNPHARMA | Buy Order: 3024 | Sell Order: 3038 | Price: ₹1065.21 | Qty: 3 | Total: ₹3195.63
[2026-07-10 15:09:02] TRADE MATCHED: Ticker: SUNPHARMA | Buy Order: 2899 | Sell Order: 3038 | Price: ₹1051.49 | Qty: 8 | Total: ₹8411.92
[2026-07-10 15:09:05] TRADE MATCHED: Ticker: HDFCBANK | Buy Order: 2993 | Sell Order: 3040 | Price: ₹1571.37 | Qty: 1 | Total: ₹1571.37
[2026-07-10 15:09:13] TRADE MATCHED: Ticker: SUNPHARMA | Buy Order: 2899 | Sell Order: 3048 | Price: ₹1051.49 | Qty: 3 | Total: ₹3154.47
[2026-07-10 15:09:13] TRADE MATCHED: Ticker: SUNPHARMA | Buy Order: 3009 | Sell Order: 3048 | Price: ₹1050.73 | Qty: 2 | Total: ₹2101.46
[2026-07-10 15:09:13] TRADE MATCHED: Ticker: SUNPHARMA | Buy Order: 2641 | Sell Order: 3048 | Price: ₹1050.59 | Qty: 8 | Total: ₹8404.72
[2026-07-10 15:09:18] TRADE MATCHED: Ticker: RELIANCE | Buy Order: 3052 | Sell Order: 2934 | Price: ₹2309.55 | Qty: 10 | Total: ₹23095.50
[2026-07-10 15:09:19] TRADE MATCHED: Ticker: RELIANCE | Buy Order: 3052 | Sell Order: 3044 | Price: ₹2309.90 | Qty: 5 | Total: ₹11549.50
[2026-07-10 15:09:19] TRADE MATCHED: Ticker: HDFCBANK | Buy Order: 3053 | Sell Order: 2947 | Price: ₹1575.33 | Qty: 12 | Total: ₹18903.96
[2026-07-10 15:09:20] TRADE MATCHED: Ticker: HDFCBANK | Buy Order: 2993 | Sell Order: 3054 | Price: ₹1571.37 | Qty: 5 | Total: ₹7856.85
[2026-07-10 15:09:27] TRADE MATCHED: Ticker: TCS | Buy Order: 3021 | Sell Order: 3060 | Price: ₹3175.34 | Qty: 12 | Total: ₹38104.08
[2026-07-10 15:09:30] TRADE MATCHED: Ticker: HDFCBANK | Buy Order: 2993 | Sell Order: 3063 | Price: ₹1571.37 | Qty: 1 | Total: ₹1571.37
[2026-07-10 15:09:30] TRADE MATCHED: Ticker: HDFCBANK | Buy Order: 2929 | Sell Order: 3063 | Price: ₹1569.41 | Qty: 1 | Total: ₹1569.41
[2026-07-10 15:09:36] TRADE MATCHED: Ticker: TCS | Buy Order: 1798 | Sell Order: 3068 | Price: ₹3163.38 | Qty: 4 | Total: ₹12653.52
[2026-07-10 15:09:36] TRADE MATCHED: Ticker: TCS | Buy Order: 2570 | Sell Order: 3068 | Price: ₹3162.78 | Qty: 1 | Total: ₹3162.78
[2026-07-10 15:09:39] TRADE MATCHED: Ticker: RELIANCE | Buy Order: 3070 | Sell Order: 3044 | Price: ₹2309.90 | Qty: 9 | Total: ₹20789.10
[2026-07-10 15:09:39] TRADE MATCHED: Ticker: RELIANCE | Buy Order: 3070 | Sell Order: 1879 | Price: ₹2310.76 | Qty: 1 | Total: ₹2310.76
[2026-07-10 15:09:40] TRADE MATCHED: Ticker: SUNPHARMA | Buy Order: 3071 | Sell Order: 3067 | Price: ₹1060.46 | Qty: 2 | Total: ₹2120.92
[2026-07-10 15:09:41] TRADE MATCHED: Ticker: SUNPHARMA | Buy Order: 2641 | Sell Order: 3073 | Price: ₹1050.59 | Qty: 1 | Total: ₹1050.59
[2026-07-10 15:09:43] TRADE MATCHED: Ticker: SUNPHARMA | Buy Order: 3074 | Sell Order: 3067 | Price: ₹1060.46 | Qty: 9 | Total: ₹9544.14
[2026-07-10 15:09:53] TRADE MATCHED: Ticker: HDFCBANK | Buy Order: 3083 | Sell Order: 3063 | Price: ₹1565.99 | Qty: 6 | Total: ₹9395.94
[2026-07-10 15:09:58] TRADE MATCHED: Ticker: TCS | Buy Order: 2570 | Sell Order: 3086 | Price: ₹3162.78 | Qty: 2 | Total: ₹6325.56
[2026-07-10 15:09:59] TRADE MATCHED: Ticker: SUNPHARMA | Buy Order: 3084 | Sell Order: 3087 | Price: ₹1057.46 | Qty: 9 | Total: ₹9517.14
[2026-07-10 15:10:02] TRADE MATCHED: Ticker: TCS | Buy Order: 3088 | Sell Order: 2986 | Price: ₹3182.38 | Qty: 3 | Total: ₹9547.14
[2026-07-10 15:10:02] TRADE MATCHED: Ticker: TATAMOTORS | Buy Order: 3047 | Sell Order: 3089 | Price: ₹636.85 | Qty: 4 | Total: ₹2547.40
[2026-07-10 15:10:02] TRADE MATCHED: Ticker: TATAMOTORS | Buy Order: 3018 | Sell Order: 3089 | Price: ₹636.70 | Qty: 7 | Total: ₹4456.90
[2026-07-10 15:10:03] TRADE MATCHED: Ticker: HDFCBANK | Buy Order: 3090 | Sell Order: 2947 | Price: ₹1575.33 | Qty: 1 | Total: ₹1575.33
[2026-07-10 15:10:03] TRADE MATCHED: Ticker: HDFCBANK | Buy Order: 3090 | Sell Order: 3051 | Price: ₹1576.06 | Qty: 7 | Total: ₹11032.42
[2026-07-10 15:10:08] TRADE MATCHED: Ticker: SUNPHARMA | Buy Order: 3084 | Sell Order: 3095 | Price: ₹1057.46 | Qty: 4 | Total: ₹4229.84
[2026-07-10 15:10:16] TRADE MATCHED: Ticker: RELIANCE | Buy Order: 2933 | Sell Order: 3100 | Price: ₹2291.99 | Qty: 2 | Total: ₹4583.98
[2026-07-10 15:10:16] TRADE MATCHED: Ticker: RELIANCE | Buy Order: 3007 | Sell Order: 3100 | Price: ₹2289.36 | Qty: 2 | Total: ₹4578.72
[2026-07-10 15:10:16] TRADE MATCHED: Ticker: RELIANCE | Buy Order: 2928 | Sell Order: 3100 | Price: ₹2283.02 | Qty: 2 | Total: ₹4566.04
[2026-07-10 15:10:16] TRADE MATCHED: Ticker: HDFCBANK | Buy Order: 3101 | Sell Order: 3051 | Price: ₹1576.06 | Qty: 8 | Total: ₹12608.48
[2026-07-10 15:10:18] TRADE MATCHED: Ticker: TCS | Buy Order: 2570 | Sell Order: 3103 | Price: ₹3162.78 | Qty: 2 | Total: ₹6325.56
[2026-07-10 15:10:19] TRADE MATCHED: Ticker: HDFCBANK | Buy Order: 3104 | Sell Order: 2949 | Price: ₹1583.62 | Qty: 4 | Total: ₹6334.48
[2026-07-10 15:10:19] TRADE MATCHED: Ticker: HDFCBANK | Buy Order: 3104 | Sell Order: 2917 | Price: ₹1586.44 | Qty: 2 | Total: ₹3172.88
[2026-07-10 15:10:24] TRADE MATCHED: Ticker: HDFCBANK | Buy Order: 3109 | Sell Order: 2917 | Price: ₹1586.44 | Qty: 2 | Total: ₹3172.88
[2026-07-10 15:10:26] TRADE MATCHED: Ticker: HDFCBANK | Buy Order: 3110 | Sell Order: 3012 | Price: ₹1588.25 | Qty: 2 | Total: ₹3176.50
[2026-07-10 15:10:26] TRADE MATCHED: Ticker: RELIANCE | Buy Order: 3111 | Sell Order: 3080 | Price: ₹2296.45 | Qty: 1 | Total: ₹2296.45
[2026-07-10 15:10:26] TRADE MATCHED: Ticker: RELIANCE | Buy Order: 3111 | Sell Order: 3078 | Price: ₹2300.05 | Qty: 6 | Total: ₹13800.30
[2026-07-10 15:10:27] TRADE MATCHED: Ticker: RELIANCE | Buy Order: 3111 | Sell Order: 3076 | Price: ₹2300.53 | Qty: 2 | Total: ₹4601.06
[2026-07-10 15:10:28] TRADE MATCHED: Ticker: RELIANCE | Buy Order: 3102 | Sell Order: 3112 | Price: ₹2295.82 | Qty: 5 | Total: ₹11479.10
[2026-07-10 15:10:30] TRADE MATCHED: Ticker: RELIANCE | Buy Order: 3113 | Sell Order: 3076 | Price: ₹2300.53 | Qty: 3 | Total: ₹6901.59
[2026-07-10 15:10:31] TRADE MATCHED: Ticker: HDFCBANK | Buy Order: 3110 | Sell Order: 3114 | Price: ₹1589.03 | Qty: 9 | Total: ₹14301.27
[2026-07-10 15:10:38] TRADE MATCHED: Ticker: TATAMOTORS | Buy Order: 3116 | Sell Order: 3121 | Price: ₹638.06 | Qty: 2 | Total: ₹1276.12
[2026-07-10 15:10:38] TRADE MATCHED: Ticker: TATAMOTORS | Buy Order: 3018 | Sell Order: 3121 | Price: ₹636.70 | Qty: 1 | Total: ₹636.70
[2026-07-10 15:10:42] TRADE MATCHED: Ticker: SUNPHARMA | Buy Order: 3084 | Sell Order: 3125 | Price: ₹1057.46 | Qty: 2 | Total: ₹2114.92
[2026-07-10 15:10:43] TRADE MATCHED: Ticker: SUNPHARMA | Buy Order: 2641 | Sell Order: 3125 | Price: ₹1050.59 | Qty: 3 | Total: ₹3151.77
[2026-07-10 15:10:43] TRADE MATCHED: Ticker: SUNPHARMA | Buy Order: 2541 | Sell Order: 3125 | Price: ₹1050.39 | Qty: 9 | Total: ₹9453.51
[2026-07-10 15:10:44] TRADE MATCHED: Ticker: TCS | Buy Order: 3126 | Sell Order: 2986 | Price: ₹3182.38 | Qty: 1 | Total: ₹3182.38
[2026-07-10 15:10:47] TRADE MATCHED: Ticker: SUNPHARMA | Buy Order: 3128 | Sell Order: 3067 | Price: ₹1060.46 | Qty: 1 | Total: ₹1060.46
[2026-07-10 15:10:52] TRADE MATCHED: Ticker: HDFCBANK | Buy Order: 3110 | Sell Order: 3133 | Price: ₹1589.03 | Qty: 3 | Total: ₹4767.09
[2026-07-10 15:10:54] TRADE MATCHED: Ticker: RELIANCE | Buy Order: 3102 | Sell Order: 3135 | Price: ₹2295.82 | Qty: 5 | Total: ₹11479.10
[2026-07-10 15:10:54] TRADE MATCHED: Ticker: RELIANCE | Buy Order: 3136 | Sell Order: 3076 | Price: ₹2300.53 | Qty: 7 | Total: ₹16103.71
[2026-07-10 15:10:55] TRADE MATCHED: Ticker: RELIANCE | Buy Order: 3136 | Sell Order: 3085 | Price: ₹2307.00 | Qty: 4 | Total: ₹9228.00
[2026-07-10 15:10:56] TRADE MATCHED: Ticker: SUNPHARMA | Buy Order: 3128 | Sell Order: 3138 | Price: ₹1066.34 | Qty: 8 | Total: ₹8530.72
[2026-07-10 15:10:56] TRADE MATCHED: Ticker: SUNPHARMA | Buy Order: 3129 | Sell Order: 3138 | Price: ₹1056.15 | Qty: 7 | Total: ₹7393.05
[2026-07-10 15:10:57] TRADE MATCHED: Ticker: SUNPHARMA | Buy Order: 3139 | Sell Order: 3119 | Price: ₹1066.52 | Qty: 8 | Total: ₹8532.16
[2026-07-10 15:10:57] TRADE MATCHED: Ticker: SUNPHARMA | Buy Order: 3139 | Sell Order: 3131 | Price: ₹1066.55 | Qty: 2 | Total: ₹2133.10
[2026-07-10 15:10:57] TRADE MATCHED: Ticker: SUNPHARMA | Buy Order: 3139 | Sell Order: 2400 | Price: ₹1067.73 | Qty: 3 | Total: ₹3203.19
[2026-07-10 15:10:57] TRADE MATCHED: Ticker: SUNPHARMA | Buy Order: 3139 | Sell Order: 2529 | Price: ₹1067.76 | Qty: 1 | Total: ₹1067.76
[2026-07-10 15:10:58] TRADE MATCHED: Ticker: RELIANCE | Buy Order: 3102 | Sell Order: 3140 | Price: ₹2295.82 | Qty: 1 | Total: ₹2295.82
[2026-07-10 15:11:01] TRADE MATCHED: Ticker: TCS | Buy Order: 2570 | Sell Order: 3142 | Price: ₹3162.78 | Qty: 4 | Total: ₹12651.12
[2026-07-10 15:11:01] TRADE MATCHED: Ticker: TCS | Buy Order: 3010 | Sell Order: 3142 | Price: ₹3162.74 | Qty: 5 | Total: ₹15813.70
[2026-07-10 15:11:02] TRADE MATCHED: Ticker: TATAMOTORS | Buy Order: 3144 | Sell Order: 3107 | Price: ₹638.59 | Qty: 7 | Total: ₹4470.13
[2026-07-10 15:11:06] TRADE MATCHED: Ticker: HDFCBANK | Buy Order: 3110 | Sell Order: 3145 | Price: ₹1589.03 | Qty: 1 | Total: ₹1589.03
[2026-07-10 15:11:06] TRADE MATCHED: Ticker: HDFCBANK | Buy Order: 3109 | Sell Order: 3145 | Price: ₹1587.44 | Qty: 6 | Total: ₹9524.64
[2026-07-10 15:11:06] TRADE MATCHED: Ticker: SUNPHARMA | Buy Order: 3147 | Sell Order: 2529 | Price: ₹1067.76 | Qty: 5 | Total: ₹5338.80
[2026-07-10 15:11:06] TRADE MATCHED: Ticker: SUNPHARMA | Buy Order: 3147 | Sell Order: 2904 | Price: ₹1067.87 | Qty: 2 | Total: ₹2135.74
[2026-07-10 15:11:07] TRADE MATCHED: Ticker: SUNPHARMA | Buy Order: 3147 | Sell Order: 3130 | Price: ₹1068.06 | Qty: 5 | Total: ₹5340.30
[2026-07-10 15:11:07] TRADE MATCHED: Ticker: SUNPHARMA | Buy Order: 3147 | Sell Order: 2355 | Price: ₹1068.23 | Qty: 2 | Total: ₹2136.46
[2026-07-10 15:11:08] TRADE MATCHED: Ticker: RELIANCE | Buy Order: 3102 | Sell Order: 3148 | Price: ₹2295.82 | Qty: 4 | Total: ₹9183.28
[2026-07-10 15:11:08] TRADE MATCHED: Ticker: RELIANCE | Buy Order: 2928 | Sell Order: 3148 | Price: ₹2283.02 | Qty: 3 | Total: ₹6849.06
[2026-07-10 15:11:09] TRADE MATCHED: Ticker: SUNPHARMA | Buy Order: 3149 | Sell Order: 2355 | Price: ₹1068.23 | Qty: 1 | Total: ₹1068.23
[2026-07-10 15:11:10] TRADE MATCHED: Ticker: SUNPHARMA | Buy Order: 3149 | Sell Order: 2551 | Price: ₹1068.25 | Qty: 5 | Total: ₹5341.25
[2026-07-10 15:11:10] TRADE MATCHED: Ticker: SUNPHARMA | Buy Order: 3149 | Sell Order: 1932 | Price: ₹1068.27 | Qty: 3 | Total: ₹3204.81
[2026-07-10 15:11:15] TRADE MATCHED: Ticker: SUNPHARMA | Buy Order: 3153 | Sell Order: 2069 | Price: ₹1068.43 | Qty: 3 | Total: ₹3205.29
[2026-07-10 15:11:23] TRADE MATCHED: Ticker: TATAMOTORS | Buy Order: 3018 | Sell Order: 3160 | Price: ₹636.70 | Qty: 5 | Total: ₹3183.50
[2026-07-10 15:11:23] TRADE MATCHED: Ticker: TATAMOTORS | Buy Order: 3046 | Sell Order: 3160 | Price: ₹634.29 | Qty: 1 | Total: ₹634.29
[2026-07-10 15:11:29] TRADE MATCHED: Ticker: HDFCBANK | Buy Order: 3166 | Sell Order: 3145 | Price: ₹1579.10 | Qty: 1 | Total: ₹1579.10
[2026-07-10 15:11:29] TRADE MATCHED: Ticker: HDFCBANK | Buy Order: 3166 | Sell Order: 2546 | Price: ₹1589.26 | Qty: 5 | Total: ₹7946.30
[2026-07-10 15:11:29] TRADE MATCHED: Ticker: HDFCBANK | Buy Order: 3166 | Sell Order: 2861 | Price: ₹1589.41 | Qty: 2 | Total: ₹3178.82
[2026-07-10 15:11:29] TRADE MATCHED: Ticker: HDFCBANK | Buy Order: 3166 | Sell Order: 2369 | Price: ₹1589.60 | Qty: 1 | Total: ₹1589.60
[2026-07-10 15:11:32] TRADE MATCHED: Ticker: SUNPHARMA | Buy Order: 3169 | Sell Order: 2069 | Price: ₹1068.43 | Qty: 1 | Total: ₹1068.43
[2026-07-10 15:11:33] TRADE MATCHED: Ticker: SUNPHARMA | Buy Order: 3169 | Sell Order: 2999 | Price: ₹1068.57 | Qty: 3 | Total: ₹3205.71
[2026-07-10 15:11:33] TRADE MATCHED: Ticker: SUNPHARMA | Buy Order: 3169 | Sell Order: 2405 | Price: ₹1068.58 | Qty: 8 | Total: ₹8548.64
[2026-07-10 15:11:38] TRADE MATCHED: Ticker: RELIANCE | Buy Order: 3172 | Sell Order: 3151 | Price: ₹2286.92 | Qty: 1 | Total: ₹2286.92
[2026-07-10 15:11:39] TRADE MATCHED: Ticker: HDFCBANK | Buy Order: 3083 | Sell Order: 3174 | Price: ₹1573.59 | Qty: 9 | Total: ₹14162.31
[2026-07-10 15:11:43] TRADE MATCHED: Ticker: TATAMOTORS | Buy Order: 3046 | Sell Order: 3176 | Price: ₹634.29 | Qty: 9 | Total: ₹5708.61
[2026-07-10 15:11:45] TRADE MATCHED: Ticker: SUNPHARMA | Buy Order: 3177 | Sell Order: 3178 | Price: ₹1067.08 | Qty: 1 | Total: ₹1067.08
[2026-07-10 15:11:48] TRADE MATCHED: Ticker: SUNPHARMA | Buy Order: 3177 | Sell Order: 3180 | Price: ₹1067.08 | Qty: 5 | Total: ₹5335.40
[2026-07-10 15:11:53] TRADE MATCHED: Ticker: TATAMOTORS | Buy Order: 3046 | Sell Order: 3184 | Price: ₹634.29 | Qty: 1 | Total: ₹634.29
[2026-07-10 15:11:53] TRADE MATCHED: Ticker: TATAMOTORS | Buy Order: 2906 | Sell Order: 3184 | Price: ₹633.21 | Qty: 4 | Total: ₹2532.84
[2026-07-10 15:11:55] TRADE MATCHED: Ticker: RELIANCE | Buy Order: 3161 | Sell Order: 3185 | Price: ₹2283.36 | Qty: 3 | Total: ₹6850.08
[2026-07-10 15:11:55] TRADE MATCHED: Ticker: RELIANCE | Buy Order: 2928 | Sell Order: 3185 | Price: ₹2283.02 | Qty: 1 | Total: ₹2283.02
[2026-07-10 15:11:55] TRADE MATCHED: Ticker: RELIANCE | Buy Order: 3065 | Sell Order: 3185 | Price: ₹2280.60 | Qty: 1 | Total: ₹2280.60
[2026-07-10 15:11:57] TRADE MATCHED: Ticker: TATAMOTORS | Buy Order: 3187 | Sell Order: 3186 | Price: ₹632.19 | Qty: 11 | Total: ₹6954.09
[2026-07-10 15:11:57] TRADE MATCHED: Ticker: SUNPHARMA | Buy Order: 3177 | Sell Order: 3188 | Price: ₹1067.08 | Qty: 5 | Total: ₹5335.40
[2026-07-10 15:12:00] TRADE MATCHED: Ticker: TATAMOTORS | Buy Order: 3190 | Sell Order: 3186 | Price: ₹632.19 | Qty: 3 | Total: ₹1896.57
[2026-07-10 15:12:01] TRADE MATCHED: Ticker: SUNPHARMA | Buy Order: 3191 | Sell Order: 2405 | Price: ₹1068.58 | Qty: 1 | Total: ₹1068.58
[2026-07-10 15:12:01] TRADE MATCHED: Ticker: SUNPHARMA | Buy Order: 3191 | Sell Order: 2667 | Price: ₹1069.15 | Qty: 1 | Total: ₹1069.15
[2026-07-10 15:12:01] TRADE MATCHED: Ticker: SUNPHARMA | Buy Order: 3191 | Sell Order: 1550 | Price: ₹1069.46 | Qty: 6 | Total: ₹6416.76
[2026-07-10 15:12:05] TRADE MATCHED: Ticker: HDFCBANK | Buy Order: 3193 | Sell Order: 3174 | Price: ₹1571.75 | Qty: 2 | Total: ₹3143.50
[2026-07-10 15:12:05] TRADE MATCHED: Ticker: HDFCBANK | Buy Order: 3193 | Sell Order: 2369 | Price: ₹1589.60 | Qty: 10 | Total: ₹15896.00
[2026-07-10 15:12:06] TRADE MATCHED: Ticker: TATAMOTORS | Buy Order: 3190 | Sell Order: 3194 | Price: ₹636.78 | Qty: 1 | Total: ₹636.78
[2026-07-10 15:12:08] TRADE MATCHED: Ticker: TCS | Buy Order: 3196 | Sell Order: 3181 | Price: ₹3167.73 | Qty: 7 | Total: ₹22174.11
[2026-07-10 15:12:11] TRADE MATCHED: Ticker: SUNPHARMA | Buy Order: 3177 | Sell Order: 3199 | Price: ₹1067.08 | Qty: 3 | Total: ₹3201.24
[2026-07-10 15:12:16] TRADE MATCHED: Ticker: SUNPHARMA | Buy Order: 3179 | Sell Order: 3202 | Price: ₹1057.79 | Qty: 6 | Total: ₹6346.74
[2026-07-10 15:12:18] TRADE MATCHED: Ticker: TATAMOTORS | Buy Order: 3205 | Sell Order: 3107 | Price: ₹638.59 | Qty: 5 | Total: ₹3192.95
[2026-07-10 15:12:18] TRADE MATCHED: Ticker: TATAMOTORS | Buy Order: 3205 | Sell Order: 579 | Price: ₹639.23 | Qty: 1 | Total: ₹639.23
[2026-07-10 15:12:25] TRADE MATCHED: Ticker: TCS | Buy Order: 3209 | Sell Order: 3181 | Price: ₹3167.73 | Qty: 8 | Total: ₹25341.84
[2026-07-10 15:12:25] TRADE MATCHED: Ticker: TCS | Buy Order: 3209 | Sell Order: 3175 | Price: ₹3168.63 | Qty: 3 | Total: ₹9505.89
[2026-07-10 15:12:25] TRADE MATCHED: Ticker: TCS | Buy Order: 3209 | Sell Order: 3207 | Price: ₹3172.42 | Qty: 2 | Total: ₹6344.84
[2026-07-10 15:12:25] TRADE MATCHED: Ticker: TCS | Buy Order: 3210 | Sell Order: 3207 | Price: ₹3172.42 | Qty: 2 | Total: ₹6344.84
[2026-07-10 15:12:27] TRADE MATCHED: Ticker: TCS | Buy Order: 3212 | Sell Order: 3207 | Price: ₹3172.42 | Qty: 3 | Total: ₹9517.26
[2026-07-10 15:12:27] TRADE MATCHED: Ticker: TCS | Buy Order: 3212 | Sell Order: 2986 | Price: ₹3182.38 | Qty: 2 | Total: ₹6364.76
[2026-07-10 15:12:27] TRADE MATCHED: Ticker: TCS | Buy Order: 3212 | Sell Order: 3115 | Price: ₹3184.46 | Qty: 5 | Total: ₹15922.30
[2026-07-10 15:12:30] TRADE MATCHED: Ticker: TCS | Buy Order: 3213 | Sell Order: 3115 | Price: ₹3184.46 | Qty: 8 | Total: ₹25475.68
[2026-07-10 15:12:30] TRADE MATCHED: Ticker: TCS | Buy Order: 3213 | Sell Order: 3064 | Price: ₹3186.76 | Qty: 1 | Total: ₹3186.76
[2026-07-10 15:12:30] TRADE MATCHED: Ticker: TCS | Buy Order: 3213 | Sell Order: 2948 | Price: ₹3188.01 | Qty: 4 | Total: ₹12752.04
[2026-07-10 15:12:30] TRADE MATCHED: Ticker: TCS | Buy Order: 3213 | Sell Order: 3001 | Price: ₹3188.54 | Qty: 2 | Total: ₹6377.08
[2026-07-10 15:12:31] TRADE MATCHED: Ticker: HDFCBANK | Buy Order: 2895 | Sell Order: 3214 | Price: ₹1564.97 | Qty: 5 | Total: ₹7824.85
[2026-07-10 15:12:32] TRADE MATCHED: Ticker: TATAMOTORS | Buy Order: 3211 | Sell Order: 3215 | Price: ₹639.13 | Qty: 4 | Total: ₹2556.52
[2026-07-10 15:12:32] TRADE MATCHED: Ticker: TATAMOTORS | Buy Order: 3190 | Sell Order: 3215 | Price: ₹636.78 | Qty: 1 | Total: ₹636.78
[2026-07-10 15:12:32] TRADE MATCHED: Ticker: TATAMOTORS | Buy Order: 3042 | Sell Order: 3215 | Price: ₹631.56 | Qty: 2 | Total: ₹1263.12
[2026-07-10 15:12:32] TRADE MATCHED: Ticker: HDFCBANK | Buy Order: 3020 | Sell Order: 3216 | Price: ₹1563.75 | Qty: 4 | Total: ₹6255.00
[2026-07-10 15:12:38] TRADE MATCHED: Ticker: TCS | Buy Order: 3220 | Sell Order: 3001 | Price: ₹3188.54 | Qty: 2 | Total: ₹6377.08
[2026-07-10 15:12:39] TRADE MATCHED: Ticker: TATAMOTORS | Buy Order: 3219 | Sell Order: 3223 | Price: ₹638.98 | Qty: 1 | Total: ₹638.98
[2026-07-10 15:12:41] TRADE MATCHED: Ticker: TCS | Buy Order: 3225 | Sell Order: 3001 | Price: ₹3188.54 | Qty: 4 | Total: ₹12754.16
[2026-07-10 15:12:43] TRADE MATCHED: Ticker: TCS | Buy Order: 3010 | Sell Order: 3226 | Price: ₹3162.74 | Qty: 4 | Total: ₹12650.96
[2026-07-10 15:12:43] TRADE MATCHED: Ticker: TCS | Buy Order: 2656 | Sell Order: 3226 | Price: ₹3162.21 | Qty: 7 | Total: ₹22135.47
[2026-07-10 15:12:43] TRADE MATCHED: Ticker: SUNPHARMA | Buy Order: 3227 | Sell Order: 3199 | Price: ₹1059.00 | Qty: 12 | Total: ₹12708.00
[2026-07-10 15:12:43] TRADE MATCHED: Ticker: SUNPHARMA | Buy Order: 3227 | Sell Order: 1550 | Price: ₹1069.46 | Qty: 1 | Total: ₹1069.46
[2026-07-10 15:12:44] TRADE MATCHED: Ticker: TCS | Buy Order: 2656 | Sell Order: 3228 | Price: ₹3162.21 | Qty: 5 | Total: ₹15811.05
[2026-07-10 15:12:46] TRADE MATCHED: Ticker: TATAMOTORS | Buy Order: 3229 | Sell Order: 579 | Price: ₹639.23 | Qty: 10 | Total: ₹6392.30
[2026-07-10 15:12:48] TRADE MATCHED: Ticker: TATAMOTORS | Buy Order: 3232 | Sell Order: 579 | Price: ₹639.23 | Qty: 3 | Total: ₹1917.69
[2026-07-10 15:12:48] TRADE MATCHED: Ticker: TATAMOTORS | Buy Order: 3232 | Sell Order: 765 | Price: ₹639.28 | Qty: 4 | Total: ₹2557.12
[2026-07-10 15:12:56] TRADE MATCHED: Ticker: HDFCBANK | Buy Order: 3233 | Sell Order: 3238 | Price: ₹1583.44 | Qty: 3 | Total: ₹4750.32
[2026-07-10 15:12:59] TRADE MATCHED: Ticker: SUNPHARMA | Buy Order: 3179 | Sell Order: 3241 | Price: ₹1057.79 | Qty: 6 | Total: ₹6346.74
[2026-07-10 15:13:06] TRADE MATCHED: Ticker: HDFCBANK | Buy Order: 3246 | Sell Order: 3234 | Price: ₹1586.34 | Qty: 7 | Total: ₹11104.38
[2026-07-10 15:13:06] TRADE MATCHED: Ticker: HDFCBANK | Buy Order: 3246 | Sell Order: 3162 | Price: ₹1589.60 | Qty: 4 | Total: ₹6358.40
[2026-07-10 15:13:08] TRADE MATCHED: Ticker: TCS | Buy Order: 3248 | Sell Order: 3243 | Price: ₹3184.34 | Qty: 4 | Total: ₹12737.36
[2026-07-10 15:13:08] TRADE MATCHED: Ticker: TCS | Buy Order: 3248 | Sell Order: 3001 | Price: ₹3188.54 | Qty: 1 | Total: ₹3188.54
[2026-07-10 15:13:08] TRADE MATCHED: Ticker: TATAMOTORS | Buy Order: 3250 | Sell Order: 765 | Price: ₹639.28 | Qty: 7 | Total: ₹4474.96
[2026-07-10 15:13:09] TRADE MATCHED: Ticker: TATAMOTORS | Buy Order: 3250 | Sell Order: 933 | Price: ₹639.38 | Qty: 2 | Total: ₹1278.76
[2026-07-10 15:13:09] TRADE MATCHED: Ticker: TATAMOTORS | Buy Order: 3250 | Sell Order: 2303 | Price: ₹639.40 | Qty: 2 | Total: ₹1278.80
[2026-07-10 15:13:15] TRADE MATCHED: Ticker: SUNPHARMA | Buy Order: 3254 | Sell Order: 1550 | Price: ₹1069.46 | Qty: 1 | Total: ₹1069.46
[2026-07-10 15:13:17] TRADE MATCHED: Ticker: SUNPHARMA | Buy Order: 3256 | Sell Order: 1550 | Price: ₹1069.46 | Qty: 3 | Total: ₹3208.38
[2026-07-10 15:13:20] TRADE MATCHED: Ticker: SUNPHARMA | Buy Order: 3259 | Sell Order: 1550 | Price: ₹1069.46 | Qty: 3 | Total: ₹3208.38
[2026-07-10 15:13:20] TRADE MATCHED: Ticker: SUNPHARMA | Buy Order: 3259 | Sell Order: 2685 | Price: ₹1069.92 | Qty: 3 | Total: ₹3209.76
[2026-07-10 15:13:30] TRADE MATCHED: Ticker: SUNPHARMA | Buy Order: 3255 | Sell Order: 3267 | Price: ₹1063.39 | Qty: 9 | Total: ₹9570.51
[2026-07-10 15:13:35] TRADE MATCHED: Ticker: SUNPHARMA | Buy Order: 3270 | Sell Order: 2685 | Price: ₹1069.92 | Qty: 5 | Total: ₹5349.60
[2026-07-10 15:13:37] TRADE MATCHED: Ticker: HDFCBANK | Buy Order: 3272 | Sell Order: 3162 | Price: ₹1589.60 | Qty: 1 | Total: ₹1589.60
[2026-07-10 15:13:38] TRADE MATCHED: Ticker: HDFCBANK | Buy Order: 3272 | Sell Order: 1406 | Price: ₹1589.63 | Qty: 3 | Total: ₹4768.89
[2026-07-10 15:13:40] TRADE MATCHED: Ticker: SUNPHARMA | Buy Order: 3275 | Sell Order: 2685 | Price: ₹1069.92 | Qty: 7 | Total: ₹7489.44
[2026-07-10 15:13:40] TRADE MATCHED: Ticker: SUNPHARMA | Buy Order: 3275 | Sell Order: 3106 | Price: ₹1070.08 | Qty: 1 | Total: ₹1070.08
[2026-07-10 15:13:43] TRADE MATCHED: Ticker: TATAMOTORS | Buy Order: 3219 | Sell Order: 3276 | Price: ₹638.98 | Qty: 4 | Total: ₹2555.92
[2026-07-10 15:13:43] TRADE MATCHED: Ticker: RELIANCE | Buy Order: 3208 | Sell Order: 3277 | Price: ₹2284.89 | Qty: 12 | Total: ₹27418.68
[2026-07-10 15:13:44] TRADE MATCHED: Ticker: TATAMOTORS | Buy Order: 3219 | Sell Order: 3278 | Price: ₹638.98 | Qty: 6 | Total: ₹3833.88
[2026-07-10 15:13:44] TRADE MATCHED: Ticker: TATAMOTORS | Buy Order: 3237 | Sell Order: 3278 | Price: ₹637.47 | Qty: 8 | Total: ₹5099.76
[2026-07-10 15:13:46] TRADE MATCHED: Ticker: TATAMOTORS | Buy Order: 3237 | Sell Order: 3279 | Price: ₹637.47 | Qty: 3 | Total: ₹1912.41
[2026-07-10 15:13:53] TRADE MATCHED: Ticker: SUNPHARMA | Buy Order: 3285 | Sell Order: 2525 | Price: ₹1070.09 | Qty: 1 | Total: ₹1070.09
[2026-07-10 15:13:54] TRADE MATCHED: Ticker: TCS | Buy Order: 3287 | Sell Order: 3260 | Price: ₹3182.24 | Qty: 6 | Total: ₹19093.44
[2026-07-10 15:13:55] TRADE MATCHED: Ticker: TCS | Buy Order: 3287 | Sell Order: 3001 | Price: ₹3188.54 | Qty: 3 | Total: ₹9565.62
[2026-07-10 15:13:56] TRADE MATCHED: Ticker: HDFCBANK | Buy Order: 3288 | Sell Order: 2250 | Price: ₹1589.78 | Qty: 4 | Total: ₹6359.12
[2026-07-10 15:13:56] TRADE MATCHED: Ticker: HDFCBANK | Buy Order: 3288 | Sell Order: 2961 | Price: ₹1590.13 | Qty: 2 | Total: ₹3180.26
[2026-07-10 15:13:58] TRADE MATCHED: Ticker: TATAMOTORS | Buy Order: 3237 | Sell Order: 3289 | Price: ₹637.47 | Qty: 2 | Total: ₹1274.94
[2026-07-10 15:13:58] TRADE MATCHED: Ticker: TATAMOTORS | Buy Order: 3253 | Sell Order: 3289 | Price: ₹635.07 | Qty: 3 | Total: ₹1905.21
[2026-07-10 15:13:58] TRADE MATCHED: Ticker: TATAMOTORS | Buy Order: 3042 | Sell Order: 3289 | Price: ₹631.56 | Qty: 1 | Total: ₹631.56
[2026-07-10 15:13:58] TRADE MATCHED: Ticker: TATAMOTORS | Buy Order: 2873 | Sell Order: 3289 | Price: ₹631.31 | Qty: 1 | Total: ₹631.31
[2026-07-10 15:13:58] TRADE MATCHED: Ticker: TATAMOTORS | Buy Order: 2792 | Sell Order: 3289 | Price: ₹631.27 | Qty: 3 | Total: ₹1893.81
[2026-07-10 15:14:01] TRADE MATCHED: Ticker: TCS | Buy Order: 3281 | Sell Order: 3292 | Price: ₹3181.72 | Qty: 3 | Total: ₹9545.16
[2026-07-10 15:14:01] TRADE MATCHED: Ticker: TCS | Buy Order: 3281 | Sell Order: 3294 | Price: ₹3181.72 | Qty: 6 | Total: ₹19090.32
[2026-07-10 15:14:03] TRADE MATCHED: Ticker: SUNPHARMA | Buy Order: 3295 | Sell Order: 2525 | Price: ₹1070.09 | Qty: 7 | Total: ₹7490.63
[2026-07-10 15:14:03] TRADE MATCHED: Ticker: SUNPHARMA | Buy Order: 3295 | Sell Order: 1712 | Price: ₹1070.80 | Qty: 7 | Total: ₹7495.60
[2026-07-10 15:14:05] TRADE MATCHED: Ticker: RELIANCE | Buy Order: 3065 | Sell Order: 3296 | Price: ₹2280.60 | Qty: 4 | Total: ₹9122.40
[2026-07-10 15:14:10] TRADE MATCHED: Ticker: HDFCBANK | Buy Order: 3233 | Sell Order: 3300 | Price: ₹1583.44 | Qty: 12 | Total: ₹19001.28
[2026-07-10 15:14:10] TRADE MATCHED: Ticker: RELIANCE | Buy Order: 3301 | Sell Order: 3151 | Price: ₹2286.92 | Qty: 1 | Total: ₹2286.92
[2026-07-10 15:14:12] TRADE MATCHED: Ticker: HDFCBANK | Buy Order: 3303 | Sell Order: 2961 | Price: ₹1590.13 | Qty: 12 | Total: ₹19081.56
[2026-07-10 15:14:14] TRADE MATCHED: Ticker: TCS | Buy Order: 3305 | Sell Order: 3294 | Price: ₹3162.40 | Qty: 9 | Total: ₹28461.60
[2026-07-10 15:14:17] TRADE MATCHED: Ticker: HDFCBANK | Buy Order: 3306 | Sell Order: 2961 | Price: ₹1590.13 | Qty: 1 | Total: ₹1590.13
[2026-07-10 15:14:17] TRADE MATCHED: Ticker: HDFCBANK | Buy Order: 3306 | Sell Order: 1421 | Price: ₹1590.44 | Qty: 2 | Total: ₹3180.88
[2026-07-10 15:14:18] TRADE MATCHED: Ticker: RELIANCE | Buy Order: 3065 | Sell Order: 3307 | Price: ₹2280.60 | Qty: 2 | Total: ₹4561.20
[2026-07-10 15:14:26] TRADE MATCHED: Ticker: TCS | Buy Order: 3314 | Sell Order: 3001 | Price: ₹3188.54 | Qty: 2 | Total: ₹6377.08
[2026-07-10 15:14:26] TRADE MATCHED: Ticker: TCS | Buy Order: 3314 | Sell Order: 2990 | Price: ₹3189.47 | Qty: 3 | Total: ₹9568.41
[2026-07-10 15:14:27] TRADE MATCHED: Ticker: TCS | Buy Order: 3314 | Sell Order: 2997 | Price: ₹3189.47 | Qty: 9 | Total: ₹28705.23
[2026-07-10 15:14:27] TRADE MATCHED: Ticker: HDFCBANK | Buy Order: 3311 | Sell Order: 3315 | Price: ₹1585.92 | Qty: 4 | Total: ₹6343.68
[2026-07-10 15:14:27] TRADE MATCHED: Ticker: HDFCBANK | Buy Order: 3316 | Sell Order: 1421 | Price: ₹1590.44 | Qty: 2 | Total: ₹3180.88
[2026-07-10 15:14:27] TRADE MATCHED: Ticker: HDFCBANK | Buy Order: 3316 | Sell Order: 2168 | Price: ₹1590.51 | Qty: 11 | Total: ₹17495.61
[2026-07-10 15:14:27] TRADE MATCHED: Ticker: HDFCBANK | Buy Order: 3316 | Sell Order: 2123 | Price: ₹1590.97 | Qty: 2 | Total: ₹3181.94
[2026-07-10 15:14:30] TRADE MATCHED: Ticker: TCS | Buy Order: 3319 | Sell Order: 2997 | Price: ₹3189.47 | Qty: 1 | Total: ₹3189.47
[2026-07-10 15:14:30] TRADE MATCHED: Ticker: TCS | Buy Order: 3319 | Sell Order: 3154 | Price: ₹3192.91 | Qty: 6 | Total: ₹19157.46
[2026-07-10 15:14:30] TRADE MATCHED: Ticker: TCS | Buy Order: 3319 | Sell Order: 3006 | Price: ₹3194.59 | Qty: 1 | Total: ₹3194.59
[2026-07-10 15:14:33] TRADE MATCHED: Ticker: HDFCBANK | Buy Order: 3323 | Sell Order: 2123 | Price: ₹1590.97 | Qty: 2 | Total: ₹3181.94
[2026-07-10 15:14:34] TRADE MATCHED: Ticker: HDFCBANK | Buy Order: 3323 | Sell Order: 1614 | Price: ₹1591.42 | Qty: 8 | Total: ₹12731.36
[2026-07-10 15:14:35] TRADE MATCHED: Ticker: TATAMOTORS | Buy Order: 3324 | Sell Order: 3291 | Price: ₹631.13 | Qty: 8 | Total: ₹5049.04
[2026-07-10 15:14:36] TRADE MATCHED: Ticker: RELIANCE | Buy Order: 3325 | Sell Order: 3151 | Price: ₹2286.92 | Qty: 11 | Total: ₹25156.12
[2026-07-10 15:14:36] TRADE MATCHED: Ticker: RELIANCE | Buy Order: 3325 | Sell Order: 3310 | Price: ₹2298.10 | Qty: 2 | Total: ₹4596.20
[2026-07-10 15:14:39] TRADE MATCHED: Ticker: RELIANCE | Buy Order: 3065 | Sell Order: 3326 | Price: ₹2280.60 | Qty: 3 | Total: ₹6841.80
[2026-07-10 15:14:40] TRADE MATCHED: Ticker: RELIANCE | Buy Order: 3264 | Sell Order: 3327 | Price: ₹2280.15 | Qty: 11 | Total: ₹25081.65
[2026-07-10 15:14:40] TRADE MATCHED: Ticker: RELIANCE | Buy Order: 2982 | Sell Order: 3327 | Price: ₹2273.11 | Qty: 1 | Total: ₹2273.11
[2026-07-10 15:14:45] TRADE MATCHED: Ticker: SUNPHARMA | Buy Order: 3330 | Sell Order: 3309 | Price: ₹1061.92 | Qty: 5 | Total: ₹5309.60
[2026-07-10 15:14:45] TRADE MATCHED: Ticker: SUNPHARMA | Buy Order: 3330 | Sell Order: 1712 | Price: ₹1070.80 | Qty: 7 | Total: ₹7495.60
[2026-07-10 15:14:46] TRADE MATCHED: Ticker: TCS | Buy Order: 3332 | Sell Order: 3006 | Price: ₹3194.59 | Qty: 3 | Total: ₹9583.77
[2026-07-10 15:14:57] TRADE MATCHED: Ticker: RELIANCE | Buy Order: 3331 | Sell Order: 3341 | Price: ₹2294.84 | Qty: 1 | Total: ₹2294.84
[2026-07-10 15:14:57] TRADE MATCHED: Ticker: TCS | Buy Order: 3305 | Sell Order: 3342 | Price: ₹3178.36 | Qty: 1 | Total: ₹3178.36
[2026-07-10 15:15:04] TRADE MATCHED: Ticker: SUNPHARMA | Buy Order: 3337 | Sell Order: 3346 | Price: ₹1058.14 | Qty: 11 | Total: ₹11639.54
[2026-07-10 15:15:11] TRADE MATCHED: Ticker: RELIANCE | Buy Order: 3331 | Sell Order: 3352 | Price: ₹2294.84 | Qty: 6 | Total: ₹13769.04
[2026-07-10 15:15:11] TRADE MATCHED: Ticker: RELIANCE | Buy Order: 3340 | Sell Order: 3352 | Price: ₹2289.99 | Qty: 4 | Total: ₹9159.96
[2026-07-10 15:15:12] TRADE MATCHED: Ticker: RELIANCE | Buy Order: 3340 | Sell Order: 3353 | Price: ₹2289.99 | Qty: 8 | Total: ₹18319.92
[2026-07-10 15:15:15] TRADE MATCHED: Ticker: TCS | Buy Order: 3355 | Sell Order: 3006 | Price: ₹3194.59 | Qty: 2 | Total: ₹6389.18
[2026-07-10 15:15:18] TRADE MATCHED: Ticker: TCS | Buy Order: 3357 | Sell Order: 3201 | Price: ₹3200.26 | Qty: 2 | Total: ₹6400.52
[2026-07-10 15:15:19] TRADE MATCHED: Ticker: RELIANCE | Buy Order: 3359 | Sell Order: 3310 | Price: ₹2298.10 | Qty: 5 | Total: ₹11490.50
[2026-07-10 15:15:20] TRADE MATCHED: Ticker: TATAMOTORS | Buy Order: 3324 | Sell Order: 3360 | Price: ₹639.30 | Qty: 3 | Total: ₹1917.90
[2026-07-10 15:15:25] TRADE MATCHED: Ticker: SUNPHARMA | Buy Order: 3363 | Sell Order: 1712 | Price: ₹1070.80 | Qty: 1 | Total: ₹1070.80
[2026-07-10 15:15:25] TRADE MATCHED: Ticker: SUNPHARMA | Buy Order: 3363 | Sell Order: 2941 | Price: ₹1070.95 | Qty: 4 | Total: ₹4283.80
[2026-07-10 15:15:34] TRADE MATCHED: Ticker: HDFCBANK | Buy Order: 3371 | Sell Order: 3369 | Price: ₹1588.23 | Qty: 5 | Total: ₹7941.15
[2026-07-10 15:15:37] TRADE MATCHED: Ticker: SUNPHARMA | Buy Order: 3373 | Sell Order: 2941 | Price: ₹1070.95 | Qty: 5 | Total: ₹5354.75
[2026-07-10 15:15:37] TRADE MATCHED: Ticker: SUNPHARMA | Buy Order: 3373 | Sell Order: 2344 | Price: ₹1071.13 | Qty: 3 | Total: ₹3213.39
[2026-07-10 15:15:43] TRADE MATCHED: Ticker: TCS | Buy Order: 3355 | Sell Order: 3377 | Price: ₹3194.60 | Qty: 4 | Total: ₹12778.40
[2026-07-10 15:15:43] TRADE MATCHED: Ticker: TCS | Buy Order: 3344 | Sell Order: 3377 | Price: ₹3183.12 | Qty: 8 | Total: ₹25464.96
[2026-07-10 15:15:43] TRADE MATCHED: Ticker: TCS | Buy Order: 3305 | Sell Order: 3377 | Price: ₹3178.36 | Qty: 2 | Total: ₹6356.72
[2026-07-10 15:15:46] TRADE MATCHED: Ticker: TATAMOTORS | Buy Order: 3380 | Sell Order: 3360 | Price: ₹630.47 | Qty: 3 | Total: ₹1891.41
[2026-07-10 15:15:46] TRADE MATCHED: Ticker: TATAMOTORS | Buy Order: 3380 | Sell Order: 3370 | Price: ₹630.55 | Qty: 9 | Total: ₹5674.95
[2026-07-10 15:15:47] TRADE MATCHED: Ticker: HDFCBANK | Buy Order: 3224 | Sell Order: 3382 | Price: ₹1579.90 | Qty: 2 | Total: ₹3159.80
[2026-07-10 15:16:01] TRADE MATCHED: Ticker: HDFCBANK | Buy Order: 3224 | Sell Order: 3392 | Price: ₹1579.90 | Qty: 8 | Total: ₹12639.20
[2026-07-10 15:16:11] TRADE MATCHED: Ticker: HDFCBANK | Buy Order: 3399 | Sell Order: 3369 | Price: ₹1588.23 | Qty: 5 | Total: ₹7941.15
[2026-07-10 15:16:11] TRADE MATCHED: Ticker: HDFCBANK | Buy Order: 3399 | Sell Order: 1614 | Price: ₹1591.42 | Qty: 2 | Total: ₹3182.84
[2026-07-10 15:16:11] TRADE MATCHED: Ticker: HDFCBANK | Buy Order: 3399 | Sell Order: 1666 | Price: ₹1592.33 | Qty: 6 | Total: ₹9553.98
[2026-07-10 15:16:13] TRADE MATCHED: Ticker: TATAMOTORS | Buy Order: 3401 | Sell Order: 3370 | Price: ₹630.55 | Qty: 2 | Total: ₹1261.10
[2026-07-10 15:16:17] TRADE MATCHED: Ticker: TATAMOTORS | Buy Order: 3401 | Sell Order: 3405 | Price: ₹639.26 | Qty: 11 | Total: ₹7031.86
[2026-07-10 15:16:20] TRADE MATCHED: Ticker: TCS | Buy Order: 3305 | Sell Order: 3408 | Price: ₹3178.36 | Qty: 3 | Total: ₹9535.08
[2026-07-10 15:16:20] TRADE MATCHED: Ticker: TCS | Buy Order: 3349 | Sell Order: 3408 | Price: ₹3173.95 | Qty: 11 | Total: ₹34913.45
[2026-07-10 15:16:21] TRADE MATCHED: Ticker: TCS | Buy Order: 3349 | Sell Order: 3409 | Price: ₹3173.95 | Qty: 4 | Total: ₹12695.80
[2026-07-10 15:16:24] TRADE MATCHED: Ticker: RELIANCE | Buy Order: 3402 | Sell Order: 3410 | Price: ₹2296.34 | Qty: 1 | Total: ₹2296.34
[2026-07-10 15:16:24] TRADE MATCHED: Ticker: RELIANCE | Buy Order: 3391 | Sell Order: 3410 | Price: ₹2292.79 | Qty: 6 | Total: ₹13756.74
[2026-07-10 15:16:24] TRADE MATCHED: Ticker: TATAMOTORS | Buy Order: 3411 | Sell Order: 3312 | Price: ₹639.38 | Qty: 1 | Total: ₹639.38
[2026-07-10 15:16:24] TRADE MATCHED: Ticker: TATAMOTORS | Buy Order: 3411 | Sell Order: 2303 | Price: ₹639.40 | Qty: 6 | Total: ₹3836.40
[2026-07-10 15:16:32] TRADE MATCHED: Ticker: HDFCBANK | Buy Order: 3394 | Sell Order: 3417 | Price: ₹1583.38 | Qty: 2 | Total: ₹3166.76
[2026-07-10 15:16:32] TRADE MATCHED: Ticker: HDFCBANK | Buy Order: 3224 | Sell Order: 3417 | Price: ₹1579.90 | Qty: 1 | Total: ₹1579.90
[2026-07-10 15:16:32] TRADE MATCHED: Ticker: SUNPHARMA | Buy Order: 3418 | Sell Order: 3404 | Price: ₹1069.15 | Qty: 2 | Total: ₹2138.30
[2026-07-10 15:16:32] TRADE MATCHED: Ticker: SUNPHARMA | Buy Order: 3418 | Sell Order: 2344 | Price: ₹1071.13 | Qty: 5 | Total: ₹5355.65
[2026-07-10 15:16:37] TRADE MATCHED: Ticker: RELIANCE | Buy Order: 3391 | Sell Order: 3422 | Price: ₹2292.79 | Qty: 4 | Total: ₹9171.16
[2026-07-10 15:16:37] TRADE MATCHED: Ticker: RELIANCE | Buy Order: 3340 | Sell Order: 3422 | Price: ₹2289.99 | Qty: 3 | Total: ₹6869.97
[2026-07-10 15:16:38] TRADE MATCHED: Ticker: RELIANCE | Buy Order: 3414 | Sell Order: 3422 | Price: ₹2281.57 | Qty: 2 | Total: ₹4563.14
[2026-07-10 15:16:38] TRADE MATCHED: Ticker: RELIANCE | Buy Order: 3361 | Sell Order: 3422 | Price: ₹2281.23 | Qty: 3 | Total: ₹6843.69
[2026-07-10 15:16:39] TRADE MATCHED: Ticker: TCS | Buy Order: 3308 | Sell Order: 3423 | Price: ₹3172.09 | Qty: 1 | Total: ₹3172.09
[2026-07-10 15:16:40] TRADE MATCHED: Ticker: TCS | Buy Order: 2977 | Sell Order: 3423 | Price: ₹3162.03 | Qty: 10 | Total: ₹31620.30
[2026-07-10 15:16:40] TRADE MATCHED: Ticker: HDFCBANK | Buy Order: 3424 | Sell Order: 1666 | Price: ₹1592.33 | Qty: 8 | Total: ₹12738.64
[2026-07-10 15:16:40] TRADE MATCHED: Ticker: HDFCBANK | Buy Order: 3424 | Sell Order: 1201 | Price: ₹1592.60 | Qty: 6 | Total: ₹9555.60
[2026-07-10 15:16:41] TRADE MATCHED: Ticker: HDFCBANK | Buy Order: 3425 | Sell Order: 2884 | Price: ₹1592.96 | Qty: 6 | Total: ₹9557.76
[2026-07-10 15:16:45] TRADE MATCHED: Ticker: TATAMOTORS | Buy Order: 3427 | Sell Order: 3416 | Price: ₹638.07 | Qty: 2 | Total: ₹1276.14
[2026-07-10 15:16:45] TRADE MATCHED: Ticker: TATAMOTORS | Buy Order: 3427 | Sell Order: 2303 | Price: ₹639.40 | Qty: 3 | Total: ₹1918.20
[2026-07-10 15:16:45] TRADE MATCHED: Ticker: RELIANCE | Buy Order: 3428 | Sell Order: 3310 | Price: ₹2298.10 | Qty: 2 | Total: ₹4596.20
[2026-07-10 15:16:47] TRADE MATCHED: Ticker: TATAMOTORS | Buy Order: 3429 | Sell Order: 2303 | Price: ₹639.40 | Qty: 2 | Total: ₹1278.80
[2026-07-10 15:16:47] TRADE MATCHED: Ticker: TATAMOTORS | Buy Order: 3429 | Sell Order: 2389 | Price: ₹639.68 | Qty: 10 | Total: ₹6396.80
[2026-07-10 15:16:47] TRADE MATCHED: Ticker: TATAMOTORS | Buy Order: 3429 | Sell Order: 2266 | Price: ₹639.78 | Qty: 1 | Total: ₹639.78
[2026-07-10 15:16:48] TRADE MATCHED: Ticker: TATAMOTORS | Buy Order: 3429 | Sell Order: 915 | Price: ₹639.85 | Qty: 2 | Total: ₹1279.70
[2026-07-10 15:16:49] TRADE MATCHED: Ticker: TATAMOTORS | Buy Order: 3430 | Sell Order: 915 | Price: ₹639.85 | Qty: 3 | Total: ₹1919.55
[2026-07-10 15:16:54] TRADE MATCHED: Ticker: HDFCBANK | Buy Order: 3224 | Sell Order: 3434 | Price: ₹1579.90 | Qty: 1 | Total: ₹1579.90
[2026-07-10 15:16:54] TRADE MATCHED: Ticker: HDFCBANK | Buy Order: 3364 | Sell Order: 3434 | Price: ₹1579.61 | Qty: 10 | Total: ₹15796.10
[2026-07-10 15:16:55] TRADE MATCHED: Ticker: TATAMOTORS | Buy Order: 3435 | Sell Order: 3431 | Price: ₹630.25 | Qty: 6 | Total: ₹3781.50
[2026-07-10 15:16:57] TRADE MATCHED: Ticker: TATAMOTORS | Buy Order: 3436 | Sell Order: 3431 | Price: ₹630.25 | Qty: 5 | Total: ₹3151.25
[2026-07-10 15:17:01] TRADE MATCHED: Ticker: TATAMOTORS | Buy Order: 3436 | Sell Order: 3439 | Price: ₹631.85 | Qty: 3 | Total: ₹1895.55
[2026-07-10 15:17:03] TRADE MATCHED: Ticker: SUNPHARMA | Buy Order: 3441 | Sell Order: 2344 | Price: ₹1071.13 | Qty: 2 | Total: ₹2142.26
[2026-07-10 15:17:08] TRADE MATCHED: Ticker: TATAMOTORS | Buy Order: 3445 | Sell Order: 915 | Price: ₹639.85 | Qty: 1 | Total: ₹639.85
[2026-07-10 15:17:09] TRADE MATCHED: Ticker: TATAMOTORS | Buy Order: 3446 | Sell Order: 915 | Price: ₹639.85 | Qty: 6 | Total: ₹3839.10
[2026-07-10 15:17:09] TRADE MATCHED: Ticker: TATAMOTORS | Buy Order: 3446 | Sell Order: 2347 | Price: ₹639.85 | Qty: 1 | Total: ₹639.85
[2026-07-10 15:17:09] TRADE MATCHED: Ticker: TATAMOTORS | Buy Order: 3446 | Sell Order: 2446 | Price: ₹639.93 | Qty: 1 | Total: ₹639.93
[2026-07-10 15:17:14] TRADE MATCHED: Ticker: TATAMOTORS | Buy Order: 3449 | Sell Order: 2446 | Price: ₹639.93 | Qty: 1 | Total: ₹639.93
[2026-07-10 15:17:14] TRADE MATCHED: Ticker: TATAMOTORS | Buy Order: 3449 | Sell Order: 991 | Price: ₹640.03 | Qty: 4 | Total: ₹2560.12
[2026-07-10 15:17:15] TRADE MATCHED: Ticker: TATAMOTORS | Buy Order: 3449 | Sell Order: 2138 | Price: ₹640.04 | Qty: 2 | Total: ₹1280.08
[2026-07-10 15:17:15] TRADE MATCHED: Ticker: TATAMOTORS | Buy Order: 3449 | Sell Order: 2745 | Price: ₹640.06 | Qty: 1 | Total: ₹640.06
[2026-07-10 15:17:15] TRADE MATCHED: Ticker: TATAMOTORS | Buy Order: 3449 | Sell Order: 1636 | Price: ₹640.25 | Qty: 5 | Total: ₹3201.25
[2026-07-10 15:17:17] TRADE MATCHED: Ticker: TCS | Buy Order: 3442 | Sell Order: 3451 | Price: ₹3180.96 | Qty: 11 | Total: ₹34990.56
[2026-07-10 15:17:22] TRADE MATCHED: Ticker: TATAMOTORS | Buy Order: 3440 | Sell Order: 3455 | Price: ₹634.46 | Qty: 9 | Total: ₹5710.14
[2026-07-10 15:17:25] TRADE MATCHED: Ticker: SUNPHARMA | Buy Order: 3458 | Sell Order: 2344 | Price: ₹1071.13 | Qty: 5 | Total: ₹5355.65
[2026-07-10 15:17:25] TRADE MATCHED: Ticker: SUNPHARMA | Buy Order: 3458 | Sell Order: 2754 | Price: ₹1071.14 | Qty: 3 | Total: ₹3213.42
[2026-07-10 15:17:32] TRADE MATCHED: Ticker: TCS | Buy Order: 3464 | Sell Order: 3451 | Price: ₹3175.38 | Qty: 1 | Total: ₹3175.38
[2026-07-10 15:17:34] TRADE MATCHED: Ticker: SUNPHARMA | Buy Order: 3457 | Sell Order: 3466 | Price: ₹1069.36 | Qty: 4 | Total: ₹4277.44
[2026-07-10 15:17:34] TRADE MATCHED: Ticker: SUNPHARMA | Buy Order: 3438 | Sell Order: 3466 | Price: ₹1066.39 | Qty: 1 | Total: ₹1066.39
[2026-07-10 15:17:37] TRADE MATCHED: Ticker: TCS | Buy Order: 3468 | Sell Order: 3389 | Price: ₹3184.07 | Qty: 8 | Total: ₹25472.56
[2026-07-10 15:17:38] TRADE MATCHED: Ticker: HDFCBANK | Buy Order: 3364 | Sell Order: 3469 | Price: ₹1579.61 | Qty: 1 | Total: ₹1579.61
[2026-07-10 15:17:38] TRADE MATCHED: Ticker: HDFCBANK | Buy Order: 3356 | Sell Order: 3469 | Price: ₹1578.73 | Qty: 7 | Total: ₹11051.11
[2026-07-10 22:23:12] TRADE MATCHED: Ticker: RELIANCE | Buy Order: 3470 | Sell Order: 3310 | Price: ₹2298.10 | Qty: 3 | Total: ₹6894.30
[2026-07-10 22:23:12] TRADE MATCHED: Ticker: RELIANCE | Buy Order: 3470 | Sell Order: 3192 | Price: ₹2299.05 | Qty: 1 | Total: ₹2299.05
[2026-07-10 22:23:13] TRADE MATCHED: Ticker: RELIANCE | Buy Order: 3471 | Sell Order: 3192 | Price: ₹2299.05 | Qty: 2 | Total: ₹4598.10
[2026-07-10 22:23:13] TRADE MATCHED: Ticker: TATAMOTORS | Buy Order: 3472 | Sell Order: 3455 | Price: ₹632.51 | Qty: 4 | Total: ₹2530.04
[2026-07-10 22:23:13] TRADE MATCHED: Ticker: TATAMOTORS | Buy Order: 3472 | Sell Order: 1636 | Price: ₹640.25 | Qty: 2 | Total: ₹1280.50
[2026-07-10 22:23:15] TRADE MATCHED: Ticker: RELIANCE | Buy Order: 3473 | Sell Order: 3192 | Price: ₹2299.05 | Qty: 2 | Total: ₹4598.10
[2026-07-10 22:23:15] TRADE MATCHED: Ticker: RELIANCE | Buy Order: 3473 | Sell Order: 3244 | Price: ₹2301.71 | Qty: 10 | Total: ₹23017.10
[2026-07-10 22:23:16] TRADE MATCHED: Ticker: TCS | Buy Order: 3474 | Sell Order: 3389 | Price: ₹3184.07 | Qty: 4 | Total: ₹12736.28
[2026-07-10 22:23:16] TRADE MATCHED: Ticker: TCS | Buy Order: 3474 | Sell Order: 3383 | Price: ₹3185.08 | Qty: 8 | Total: ₹25480.64
[2026-07-10 22:23:16] TRADE MATCHED: Ticker: TCS | Buy Order: 3474 | Sell Order: 3201 | Price: ₹3200.26 | Qty: 2 | Total: ₹6400.52
[2026-07-10 22:23:19] TRADE MATCHED: Ticker: HDFCBANK | Buy Order: 3477 | Sell Order: 3475 | Price: ₹1581.47 | Qty: 8 | Total: ₹12651.76
[2026-07-10 22:23:27] TRADE MATCHED: Ticker: TCS | Buy Order: 3464 | Sell Order: 3484 | Price: ₹3181.35 | Qty: 2 | Total: ₹6362.70
[2026-07-10 22:23:35] TRADE MATCHED: Ticker: TATAMOTORS | Buy Order: 3483 | Sell Order: 3490 | Price: ₹640.20 | Qty: 5 | Total: ₹3201.00
[2026-07-10 22:23:35] TRADE MATCHED: Ticker: TATAMOTORS | Buy Order: 3489 | Sell Order: 3490 | Price: ₹635.17 | Qty: 5 | Total: ₹3175.85
[2026-07-10 22:23:35] TRADE MATCHED: Ticker: RELIANCE | Buy Order: 3476 | Sell Order: 3491 | Price: ₹2300.07 | Qty: 1 | Total: ₹2300.07
[2026-07-10 22:23:35] TRADE MATCHED: Ticker: RELIANCE | Buy Order: 3486 | Sell Order: 3491 | Price: ₹2297.50 | Qty: 9 | Total: ₹20677.50
[2026-07-10 22:23:35] TRADE MATCHED: Ticker: RELIANCE | Buy Order: 3433 | Sell Order: 3491 | Price: ₹2289.13 | Qty: 4 | Total: ₹9156.52
[2026-07-10 22:23:41] TRADE MATCHED: Ticker: SUNPHARMA | Buy Order: 3438 | Sell Order: 3497 | Price: ₹1066.39 | Qty: 10 | Total: ₹10663.90
[2026-07-10 22:23:43] TRADE MATCHED: Ticker: HDFCBANK | Buy Order: 3498 | Sell Order: 3475 | Price: ₹1581.47 | Qty: 4 | Total: ₹6325.88
[2026-07-10 22:23:43] TRADE MATCHED: Ticker: HDFCBANK | Buy Order: 3498 | Sell Order: 1150 | Price: ₹1593.04 | Qty: 11 | Total: ₹17523.44
[2026-07-10 22:23:43] TRADE MATCHED: Ticker: TCS | Buy Order: 3464 | Sell Order: 3499 | Price: ₹3181.35 | Qty: 3 | Total: ₹9544.05
[2026-07-10 22:23:43] TRADE MATCHED: Ticker: TCS | Buy Order: 3462 | Sell Order: 3499 | Price: ₹3169.09 | Qty: 1 | Total: ₹3169.09
[2026-07-10 22:23:45] TRADE MATCHED: Ticker: TATAMOTORS | Buy Order: 3501 | Sell Order: 3495 | Price: ₹640.14 | Qty: 3 | Total: ₹1920.42
[2026-07-10 22:23:49] TRADE MATCHED: Ticker: RELIANCE | Buy Order: 3503 | Sell Order: 3244 | Price: ₹2301.71 | Qty: 2 | Total: ₹4603.42
[2026-07-10 22:23:49] TRADE MATCHED: Ticker: RELIANCE | Buy Order: 3503 | Sell Order: 3419 | Price: ₹2302.14 | Qty: 3 | Total: ₹6906.42
[2026-07-10 22:23:49] TRADE MATCHED: Ticker: RELIANCE | Buy Order: 3503 | Sell Order: 3204 | Price: ₹2302.75 | Qty: 10 | Total: ₹23027.50
[2026-07-10 22:23:49] TRADE MATCHED: Ticker: RELIANCE | Buy Order: 3504 | Sell Order: 3204 | Price: ₹2302.75 | Qty: 1 | Total: ₹2302.75
[2026-07-10 22:23:50] TRADE MATCHED: Ticker: RELIANCE | Buy Order: 3504 | Sell Order: 3257 | Price: ₹2303.13 | Qty: 1 | Total: ₹2303.13
[2026-07-10 22:23:52] TRADE MATCHED: Ticker: SUNPHARMA | Buy Order: 3506 | Sell Order: 3497 | Price: ₹1060.53 | Qty: 5 | Total: ₹5302.65
[2026-07-10 22:23:55] TRADE MATCHED: Ticker: TCS | Buy Order: 3509 | Sell Order: 3201 | Price: ₹3200.26 | Qty: 2 | Total: ₹6400.52
[2026-07-10 22:23:57] TRADE MATCHED: Ticker: HDFCBANK | Buy Order: 3510 | Sell Order: 1150 | Price: ₹1593.04 | Qty: 1 | Total: ₹1593.04
[2026-07-10 22:23:59] TRADE MATCHED: Ticker: RELIANCE | Buy Order: 3504 | Sell Order: 3511 | Price: ₹2306.72 | Qty: 2 | Total: ₹4613.44
[2026-07-10 22:24:00] TRADE MATCHED: Ticker: TATAMOTORS | Buy Order: 3496 | Sell Order: 3512 | Price: ₹638.15 | Qty: 9 | Total: ₹5743.35
[2026-07-10 22:24:00] TRADE MATCHED: Ticker: TATAMOTORS | Buy Order: 3505 | Sell Order: 3512 | Price: ₹636.93 | Qty: 1 | Total: ₹636.93
[2026-07-10 22:24:00] TRADE MATCHED: Ticker: SUNPHARMA | Buy Order: 3506 | Sell Order: 3513 | Price: ₹1063.77 | Qty: 6 | Total: ₹6382.62
[2026-07-10 22:24:00] TRADE MATCHED: Ticker: SUNPHARMA | Buy Order: 3452 | Sell Order: 3513 | Price: ₹1059.21 | Qty: 1 | Total: ₹1059.21
[2026-07-10 22:24:00] TRADE MATCHED: Ticker: SUNPHARMA | Buy Order: 3443 | Sell Order: 3513 | Price: ₹1058.90 | Qty: 1 | Total: ₹1058.90
[2026-07-10 22:24:07] TRADE MATCHED: Ticker: SUNPHARMA | Buy Order: 3443 | Sell Order: 3517 | Price: ₹1058.90 | Qty: 1 | Total: ₹1058.90
[2026-07-10 22:24:07] TRADE MATCHED: Ticker: SUNPHARMA | Buy Order: 3337 | Sell Order: 3517 | Price: ₹1058.14 | Qty: 2 | Total: ₹2116.28
[2026-07-10 22:24:07] TRADE MATCHED: Ticker: SUNPHARMA | Buy Order: 3507 | Sell Order: 3517 | Price: ₹1058.04 | Qty: 6 | Total: ₹6348.24
[2026-07-10 22:24:16] TRADE MATCHED: Ticker: TATAMOTORS | Buy Order: 3524 | Sell Order: 1636 | Price: ₹640.25 | Qty: 5 | Total: ₹3201.25
[2026-07-10 22:24:16] TRADE MATCHED: Ticker: TATAMOTORS | Buy Order: 3524 | Sell Order: 1494 | Price: ₹640.43 | Qty: 3 | Total: ₹1921.29
[2026-07-10 22:24:17] TRADE MATCHED: Ticker: TATAMOTORS | Buy Order: 3524 | Sell Order: 3385 | Price: ₹640.57 | Qty: 1 | Total: ₹640.57
[2026-07-10 22:24:19] TRADE MATCHED: Ticker: SUNPHARMA | Buy Order: 3528 | Sell Order: 3500 | Price: ₹1070.99 | Qty: 3 | Total: ₹3212.97
[2026-07-10 22:24:23] TRADE MATCHED: Ticker: RELIANCE | Buy Order: 3531 | Sell Order: 3511 | Price: ₹2298.50 | Qty: 7 | Total: ₹16089.50
[2026-07-10 22:24:29] TRADE MATCHED: Ticker: RELIANCE | Buy Order: 3531 | Sell Order: 3535 | Price: ₹2306.05 | Qty: 5 | Total: ₹11530.25
[2026-07-10 22:24:34] TRADE MATCHED: Ticker: TCS | Buy Order: 3539 | Sell Order: 3536 | Price: ₹3167.86 | Qty: 10 | Total: ₹31678.60
[2026-07-10 22:24:34] TRADE MATCHED: Ticker: TCS | Buy Order: 3539 | Sell Order: 3534 | Price: ₹3175.63 | Qty: 1 | Total: ₹3175.63
[2026-07-10 22:24:35] TRADE MATCHED: Ticker: RELIANCE | Buy Order: 3531 | Sell Order: 3540 | Price: ₹2306.05 | Qty: 1 | Total: ₹2306.05
[2026-07-10 22:24:37] TRADE MATCHED: Ticker: HDFCBANK | Buy Order: 3541 | Sell Order: 3515 | Price: ₹1582.99 | Qty: 9 | Total: ₹14246.91
[2026-07-10 22:24:37] TRADE MATCHED: Ticker: TCS | Buy Order: 2977 | Sell Order: 3542 | Price: ₹3162.03 | Qty: 3 | Total: ₹9486.09
[2026-07-10 22:24:37] TRADE MATCHED: Ticker: TCS | Buy Order: 2246 | Sell Order: 3542 | Price: ₹3161.89 | Qty: 2 | Total: ₹6323.78
[2026-07-10 22:24:39] TRADE MATCHED: Ticker: SUNPHARMA | Buy Order: 3544 | Sell Order: 3543 | Price: ₹1068.02 | Qty: 6 | Total: ₹6408.12
[2026-07-10 22:24:39] TRADE MATCHED: Ticker: SUNPHARMA | Buy Order: 3544 | Sell Order: 3500 | Price: ₹1070.99 | Qty: 5 | Total: ₹5354.95
[2026-07-10 22:24:39] TRADE MATCHED: Ticker: TATAMOTORS | Buy Order: 3546 | Sell Order: 3385 | Price: ₹640.57 | Qty: 9 | Total: ₹5765.13
[2026-07-10 22:24:46] TRADE MATCHED: Ticker: TATAMOTORS | Buy Order: 3551 | Sell Order: 3049 | Price: ₹640.75 | Qty: 3 | Total: ₹1922.25
[2026-07-10 22:24:46] TRADE MATCHED: Ticker: TATAMOTORS | Buy Order: 3551 | Sell Order: 2370 | Price: ₹640.87 | Qty: 4 | Total: ₹2563.48
[2026-07-10 22:24:49] TRADE MATCHED: Ticker: TCS | Buy Order: 3554 | Sell Order: 3534 | Price: ₹3175.63 | Qty: 13 | Total: ₹41283.19
[2026-07-10 22:24:49] TRADE MATCHED: Ticker: TCS | Buy Order: 3554 | Sell Order: 3532 | Price: ₹3188.61 | Qty: 1 | Total: ₹3188.61
[2026-07-10 22:24:52] TRADE MATCHED: Ticker: HDFCBANK | Buy Order: 3557 | Sell Order: 3533 | Price: ₹1584.32 | Qty: 7 | Total: ₹11090.24
[2026-07-10 22:24:53] TRADE MATCHED: Ticker: RELIANCE | Buy Order: 3433 | Sell Order: 3558 | Price: ₹2289.13 | Qty: 4 | Total: ₹9156.52
[2026-07-10 22:24:54] TRADE MATCHED: Ticker: RELIANCE | Buy Order: 3388 | Sell Order: 3558 | Price: ₹2279.88 | Qty: 2 | Total: ₹4559.76
[2026-07-10 22:24:54] TRADE MATCHED: Ticker: HDFCBANK | Buy Order: 3559 | Sell Order: 3533 | Price: ₹1584.32 | Qty: 2 | Total: ₹3168.64
[2026-07-10 22:24:56] TRADE MATCHED: Ticker: HDFCBANK | Buy Order: 3541 | Sell Order: 3561 | Price: ₹1583.12 | Qty: 4 | Total: ₹6332.48
[2026-07-10 22:24:57] TRADE MATCHED: Ticker: RELIANCE | Buy Order: 3562 | Sell Order: 3540 | Price: ₹2295.79 | Qty: 2 | Total: ₹4591.58
[2026-07-10 22:25:04] TRADE MATCHED: Ticker: RELIANCE | Buy Order: 3567 | Sell Order: 3540 | Price: ₹2295.79 | Qty: 3 | Total: ₹6887.37
[2026-07-10 22:25:04] TRADE MATCHED: Ticker: RELIANCE | Buy Order: 3567 | Sell Order: 3085 | Price: ₹2307.00 | Qty: 1 | Total: ₹2307.00
[2026-07-10 22:25:04] TRADE MATCHED: Ticker: RELIANCE | Buy Order: 3567 | Sell Order: 3493 | Price: ₹2307.09 | Qty: 5 | Total: ₹11535.45
[2026-07-10 22:25:05] TRADE MATCHED: Ticker: TCS | Buy Order: 3569 | Sell Order: 3532 | Price: ₹3188.61 | Qty: 1 | Total: ₹3188.61
[2026-07-10 22:25:05] TRADE MATCHED: Ticker: TCS | Buy Order: 3569 | Sell Order: 3201 | Price: ₹3200.26 | Qty: 5 | Total: ₹16001.30
[2026-07-10 22:25:05] TRADE MATCHED: Ticker: TCS | Buy Order: 3569 | Sell Order: 3124 | Price: ₹3200.89 | Qty: 1 | Total: ₹3200.89
[2026-07-10 22:25:12] TRADE MATCHED: Ticker: SUNPHARMA | Buy Order: 3575 | Sell Order: 3565 | Price: ₹1063.04 | Qty: 14 | Total: ₹14882.56
[2026-07-10 22:25:12] TRADE MATCHED: Ticker: SUNPHARMA | Buy Order: 3575 | Sell Order: 3566 | Price: ₹1063.10 | Qty: 1 | Total: ₹1063.10
[2026-07-10 22:25:15] TRADE MATCHED: Ticker: TCS | Buy Order: 3578 | Sell Order: 3247 | Price: ₹3203.24 | Qty: 15 | Total: ₹48048.60
[2026-07-10 22:25:20] TRADE MATCHED: Ticker: RELIANCE | Buy Order: 3581 | Sell Order: 3579 | Price: ₹2283.98 | Qty: 1 | Total: ₹2283.98
[2026-07-10 22:25:20] TRADE MATCHED: Ticker: TATAMOTORS | Buy Order: 3582 | Sell Order: 3568 | Price: ₹639.82 | Qty: 2 | Total: ₹1279.64
[2026-07-10 22:25:23] TRADE MATCHED: Ticker: RELIANCE | Buy Order: 3583 | Sell Order: 3579 | Price: ₹2283.98 | Qty: 12 | Total: ₹27407.76
[2026-07-10 22:25:23] TRADE MATCHED: Ticker: SUNPHARMA | Buy Order: 3520 | Sell Order: 3584 | Price: ₹1062.27 | Qty: 1 | Total: ₹1062.27
[2026-07-10 22:25:28] TRADE MATCHED: Ticker: SUNPHARMA | Buy Order: 3520 | Sell Order: 3589 | Price: ₹1062.27 | Qty: 3 | Total: ₹3186.81
[2026-07-10 22:25:28] TRADE MATCHED: Ticker: SUNPHARMA | Buy Order: 3507 | Sell Order: 3589 | Price: ₹1058.04 | Qty: 1 | Total: ₹1058.04
[2026-07-10 22:25:30] TRADE MATCHED: Ticker: HDFCBANK | Buy Order: 3590 | Sell Order: 3561 | Price: ₹1579.17 | Qty: 6 | Total: ₹9475.02
[2026-07-10 22:25:30] TRADE MATCHED: Ticker: HDFCBANK | Buy Order: 3590 | Sell Order: 3533 | Price: ₹1584.32 | Qty: 3 | Total: ₹4752.96
[2026-07-10 22:25:30] TRADE MATCHED: Ticker: HDFCBANK | Buy Order: 3590 | Sell Order: 3549 | Price: ₹1589.16 | Qty: 1 | Total: ₹1589.16
[2026-07-10 22:25:30] TRADE MATCHED: Ticker: HDFCBANK | Buy Order: 3591 | Sell Order: 3549 | Price: ₹1589.16 | Qty: 1 | Total: ₹1589.16
[2026-07-10 22:25:35] TRADE MATCHED: Ticker: HDFCBANK | Buy Order: 3595 | Sell Order: 3549 | Price: ₹1589.16 | Qty: 9 | Total: ₹14302.44
[2026-07-10 22:25:35] TRADE MATCHED: Ticker: HDFCBANK | Buy Order: 3595 | Sell Order: 1150 | Price: ₹1593.04 | Qty: 1 | Total: ₹1593.04
[2026-07-10 22:25:35] TRADE MATCHED: Ticker: HDFCBANK | Buy Order: 3595 | Sell Order: 2288 | Price: ₹1593.17 | Qty: 1 | Total: ₹1593.17
[2026-07-10 22:25:35] TRADE MATCHED: Ticker: HDFCBANK | Buy Order: 3595 | Sell Order: 1499 | Price: ₹1593.37 | Qty: 2 | Total: ₹3186.74
[2026-07-10 22:25:37] TRADE MATCHED: Ticker: TATAMOTORS | Buy Order: 3596 | Sell Order: 3568 | Price: ₹639.82 | Qty: 8 | Total: ₹5118.56
[2026-07-10 22:25:43] TRADE MATCHED: Ticker: RELIANCE | Buy Order: 3601 | Sell Order: 3579 | Price: ₹2283.98 | Qty: 1 | Total: ₹2283.98
[2026-07-10 22:25:54] TRADE MATCHED: Ticker: TCS | Buy Order: 3611 | Sell Order: 3282 | Price: ₹3205.06 | Qty: 5 | Total: ₹16025.30
[2026-07-10 22:25:59] TRADE MATCHED: Ticker: TCS | Buy Order: 3569 | Sell Order: 3614 | Price: ₹3201.62 | Qty: 2 | Total: ₹6403.24
[2026-07-10 22:26:00] TRADE MATCHED: Ticker: RELIANCE | Buy Order: 3601 | Sell Order: 3615 | Price: ₹2293.18 | Qty: 7 | Total: ₹16052.26
[2026-07-10 22:26:08] TRADE MATCHED: Ticker: RELIANCE | Buy Order: 3622 | Sell Order: 3608 | Price: ₹2295.22 | Qty: 2 | Total: ₹4590.44
[2026-07-10 22:26:08] TRADE MATCHED: Ticker: TATAMOTORS | Buy Order: 3623 | Sell Order: 3568 | Price: ₹639.82 | Qty: 1 | Total: ₹639.82
[2026-07-10 22:26:08] TRADE MATCHED: Ticker: TATAMOTORS | Buy Order: 3623 | Sell Order: 2370 | Price: ₹640.87 | Qty: 2 | Total: ₹1281.74
[2026-07-10 22:26:10] TRADE MATCHED: Ticker: TCS | Buy Order: 3624 | Sell Order: 3614 | Price: ₹3198.76 | Qty: 1 | Total: ₹3198.76
[2026-07-10 22:26:13] TRADE MATCHED: Ticker: SUNPHARMA | Buy Order: 3507 | Sell Order: 3627 | Price: ₹1058.04 | Qty: 6 | Total: ₹6348.24
[2026-07-10 22:26:13] TRADE MATCHED: Ticker: SUNPHARMA | Buy Order: 3179 | Sell Order: 3627 | Price: ₹1057.79 | Qty: 1 | Total: ₹1057.79
[2026-07-10 22:26:13] TRADE MATCHED: Ticker: SUNPHARMA | Buy Order: 3129 | Sell Order: 3627 | Price: ₹1056.15 | Qty: 2 | Total: ₹2112.30
[2026-07-10 22:26:14] TRADE MATCHED: Ticker: SUNPHARMA | Buy Order: 3516 | Sell Order: 3627 | Price: ₹1055.53 | Qty: 3 | Total: ₹3166.59
[2026-07-10 22:26:14] TRADE MATCHED: Ticker: SUNPHARMA | Buy Order: 3368 | Sell Order: 3627 | Price: ₹1053.85 | Qty: 2 | Total: ₹2107.70
[2026-07-10 22:26:14] TRADE MATCHED: Ticker: SUNPHARMA | Buy Order: 3368 | Sell Order: 3628 | Price: ₹1053.85 | Qty: 11 | Total: ₹11592.35
[2026-07-10 22:26:14] TRADE MATCHED: Ticker: SUNPHARMA | Buy Order: 3406 | Sell Order: 3628 | Price: ₹1052.51 | Qty: 2 | Total: ₹2105.02
[2026-07-10 22:26:15] TRADE MATCHED: Ticker: TCS | Buy Order: 3570 | Sell Order: 3629 | Price: ₹3197.71 | Qty: 3 | Total: ₹9593.13
[2026-07-10 22:26:21] TRADE MATCHED: Ticker: TCS | Buy Order: 3635 | Sell Order: 3614 | Price: ₹3198.76 | Qty: 6 | Total: ₹19192.56
[2026-07-10 22:26:21] TRADE MATCHED: Ticker: TCS | Buy Order: 3635 | Sell Order: 3282 | Price: ₹3205.06 | Qty: 6 | Total: ₹19230.36
[2026-07-10 22:26:21] TRADE MATCHED: Ticker: TCS | Buy Order: 3635 | Sell Order: 3203 | Price: ₹3205.89 | Qty: 2 | Total: ₹6411.78
[2026-07-10 22:26:22] TRADE MATCHED: Ticker: HDFCBANK | Buy Order: 3636 | Sell Order: 1499 | Price: ₹1593.37 | Qty: 1 | Total: ₹1593.37
[2026-07-10 22:26:25] TRADE MATCHED: Ticker: SUNPHARMA | Buy Order: 3637 | Sell Order: 3631 | Price: ₹1054.45 | Qty: 3 | Total: ₹3163.35
[2026-07-10 22:26:25] TRADE MATCHED: Ticker: HDFCBANK | Buy Order: 3638 | Sell Order: 1499 | Price: ₹1593.37 | Qty: 5 | Total: ₹7966.85
[2026-07-10 22:26:26] TRADE MATCHED: Ticker: HDFCBANK | Buy Order: 3638 | Sell Order: 753 | Price: ₹1593.55 | Qty: 6 | Total: ₹9561.30
[2026-07-10 22:26:26] TRADE MATCHED: Ticker: HDFCBANK | Buy Order: 3638 | Sell Order: 3526 | Price: ₹1593.59 | Qty: 4 | Total: ₹6374.36
[2026-07-10 22:26:26] TRADE MATCHED: Ticker: SUNPHARMA | Buy Order: 3639 | Sell Order: 3566 | Price: ₹1063.10 | Qty: 9 | Total: ₹9567.90
[2026-07-10 22:26:30] TRADE MATCHED: Ticker: TATAMOTORS | Buy Order: 3641 | Sell Order: 2370 | Price: ₹640.87 | Qty: 1 | Total: ₹640.87
[2026-07-10 22:26:32] TRADE MATCHED: Ticker: SUNPHARMA | Buy Order: 3637 | Sell Order: 3643 | Price: ₹1062.24 | Qty: 9 | Total: ₹9560.16
[2026-07-10 22:26:34] TRADE MATCHED: Ticker: SUNPHARMA | Buy Order: 3645 | Sell Order: 3643 | Price: ₹1055.86 | Qty: 1 | Total: ₹1055.86
[2026-07-10 22:26:34] TRADE MATCHED: Ticker: SUNPHARMA | Buy Order: 3645 | Sell Order: 3566 | Price: ₹1063.10 | Qty: 1 | Total: ₹1063.10
[2026-07-10 22:26:34] TRADE MATCHED: Ticker: SUNPHARMA | Buy Order: 3645 | Sell Order: 3574 | Price: ₹1070.13 | Qty: 3 | Total: ₹3210.39
[2026-07-10 22:26:36] TRADE MATCHED: Ticker: RELIANCE | Buy Order: 3630 | Sell Order: 3646 | Price: ₹2295.84 | Qty: 10 | Total: ₹22958.40
[2026-07-10 22:26:37] TRADE MATCHED: Ticker: RELIANCE | Buy Order: 3626 | Sell Order: 3646 | Price: ₹2295.31 | Qty: 2 | Total: ₹4590.62
[2026-07-10 22:26:40] TRADE MATCHED: Ticker: TATAMOTORS | Buy Order: 3649 | Sell Order: 2370 | Price: ₹640.87 | Qty: 2 | Total: ₹1281.74
[2026-07-10 22:26:41] TRADE MATCHED: Ticker: TATAMOTORS | Buy Order: 3522 | Sell Order: 3650 | Price: ₹638.95 | Qty: 2 | Total: ₹1277.90
[2026-07-10 22:26:41] TRADE MATCHED: Ticker: TATAMOTORS | Buy Order: 3530 | Sell Order: 3650 | Price: ₹637.29 | Qty: 4 | Total: ₹2549.16
[2026-07-10 22:26:46] TRADE MATCHED: Ticker: TCS | Buy Order: 3570 | Sell Order: 3654 | Price: ₹3197.71 | Qty: 5 | Total: ₹15988.55
[2026-07-10 22:26:47] TRADE MATCHED: Ticker: RELIANCE | Buy Order: 3656 | Sell Order: 3602 | Price: ₹2298.18 | Qty: 8 | Total: ₹18385.44
[2026-07-10 22:26:48] TRADE MATCHED: Ticker: RELIANCE | Buy Order: 3656 | Sell Order: 3619 | Price: ₹2298.39 | Qty: 1 | Total: ₹2298.39
[2026-07-10 22:26:48] TRADE MATCHED: Ticker: RELIANCE | Buy Order: 3656 | Sell Order: 3576 | Price: ₹2299.04 | Qty: 5 | Total: ₹11495.20
[2026-07-10 22:26:49] TRADE MATCHED: Ticker: SUNPHARMA | Buy Order: 3657 | Sell Order: 3655 | Price: ₹1061.61 | Qty: 4 | Total: ₹4246.44
[2026-07-10 22:26:49] TRADE MATCHED: Ticker: SUNPHARMA | Buy Order: 3657 | Sell Order: 3574 | Price: ₹1070.13 | Qty: 4 | Total: ₹4280.52
[2026-07-10 22:26:51] TRADE MATCHED: Ticker: RELIANCE | Buy Order: 3626 | Sell Order: 3658 | Price: ₹2295.31 | Qty: 1 | Total: ₹2295.31
[2026-07-10 22:26:51] TRADE MATCHED: Ticker: RELIANCE | Buy Order: 3659 | Sell Order: 3642 | Price: ₹2302.49 | Qty: 1 | Total: ₹2302.49
[2026-07-10 22:26:53] TRADE MATCHED: Ticker: HDFCBANK | Buy Order: 3604 | Sell Order: 3661 | Price: ₹1592.36 | Qty: 2 | Total: ₹3184.72
[2026-07-10 22:26:55] TRADE MATCHED: Ticker: RELIANCE | Buy Order: 3626 | Sell Order: 3663 | Price: ₹2295.31 | Qty: 2 | Total: ₹4590.62
[2026-07-10 22:26:58] TRADE MATCHED: Ticker: SUNPHARMA | Buy Order: 3666 | Sell Order: 3574 | Price: ₹1070.13 | Qty: 6 | Total: ₹6420.78
[2026-07-10 22:26:58] TRADE MATCHED: Ticker: SUNPHARMA | Buy Order: 3666 | Sell Order: 3500 | Price: ₹1070.99 | Qty: 2 | Total: ₹2141.98
[2026-07-10 22:27:00] TRADE MATCHED: Ticker: TATAMOTORS | Buy Order: 3530 | Sell Order: 3667 | Price: ₹637.29 | Qty: 2 | Total: ₹1274.58
[2026-07-10 22:27:00] TRADE MATCHED: Ticker: TATAMOTORS | Buy Order: 3505 | Sell Order: 3667 | Price: ₹636.93 | Qty: 5 | Total: ₹3184.65
[2026-07-10 22:27:02] TRADE MATCHED: Ticker: HDFCBANK | Buy Order: 3669 | Sell Order: 3526 | Price: ₹1593.59 | Qty: 2 | Total: ₹3187.18
[2026-07-10 22:27:04] TRADE MATCHED: Ticker: RELIANCE | Buy Order: 3601 | Sell Order: 3670 | Price: ₹2293.18 | Qty: 4 | Total: ₹9172.72
[2026-07-10 22:27:04] TRADE MATCHED: Ticker: RELIANCE | Buy Order: 3607 | Sell Order: 3670 | Price: ₹2281.37 | Qty: 2 | Total: ₹4562.74
[2026-07-10 22:27:05] TRADE MATCHED: Ticker: TCS | Buy Order: 3671 | Sell Order: 3203 | Price: ₹3205.89 | Qty: 9 | Total: ₹28853.01
[2026-07-10 22:27:07] TRADE MATCHED: Ticker: HDFCBANK | Buy Order: 3604 | Sell Order: 3673 | Price: ₹1592.36 | Qty: 2 | Total: ₹3184.72
[2026-07-10 22:27:08] TRADE MATCHED: Ticker: HDFCBANK | Buy Order: 3610 | Sell Order: 3673 | Price: ₹1592.10 | Qty: 8 | Total: ₹12736.80
[2026-07-10 22:27:09] TRADE MATCHED: Ticker: RELIANCE | Buy Order: 3674 | Sell Order: 3675 | Price: ₹2300.42 | Qty: 9 | Total: ₹20703.78
[2026-07-10 22:27:14] TRADE MATCHED: Ticker: TATAMOTORS | Buy Order: 3677 | Sell Order: 2370 | Price: ₹640.87 | Qty: 3 | Total: ₹1922.61
[2026-07-10 22:27:14] TRADE MATCHED: Ticker: TATAMOTORS | Buy Order: 3677 | Sell Order: 3072 | Price: ₹640.98 | Qty: 5 | Total: ₹3204.90
[2026-07-10 22:27:14] TRADE MATCHED: Ticker: TCS | Buy Order: 3678 | Sell Order: 3203 | Price: ₹3205.89 | Qty: 2 | Total: ₹6411.78
[2026-07-10 22:27:14] TRADE MATCHED: Ticker: TCS | Buy Order: 3678 | Sell Order: 3560 | Price: ₹3206.00 | Qty: 4 | Total: ₹12824.00
[2026-07-10 22:27:16] TRADE MATCHED: Ticker: RELIANCE | Buy Order: 3679 | Sell Order: 3642 | Price: ₹2302.49 | Qty: 1 | Total: ₹2302.49
[2026-07-10 22:27:16] TRADE MATCHED: Ticker: RELIANCE | Buy Order: 3679 | Sell Order: 3493 | Price: ₹2307.09 | Qty: 7 | Total: ₹16149.63
[2026-07-10 22:27:16] TRADE MATCHED: Ticker: RELIANCE | Buy Order: 3679 | Sell Order: 3362 | Price: ₹2309.21 | Qty: 5 | Total: ₹11546.05
[2026-07-10 22:27:16] TRADE MATCHED: Ticker: RELIANCE | Buy Order: 3679 | Sell Order: 3189 | Price: ₹2309.92 | Qty: 2 | Total: ₹4619.84
[2026-07-10 22:27:20] TRADE MATCHED: Ticker: TCS | Buy Order: 3682 | Sell Order: 3560 | Price: ₹3206.00 | Qty: 2 | Total: ₹6412.00
[2026-07-10 22:27:21] TRADE MATCHED: Ticker: TCS | Buy Order: 3570 | Sell Order: 3683 | Price: ₹3197.71 | Qty: 1 | Total: ₹3197.71
[2026-07-10 22:27:24] TRADE MATCHED: Ticker: TATAMOTORS | Buy Order: 3686 | Sell Order: 3072 | Price: ₹640.98 | Qty: 9 | Total: ₹5768.82
[2026-07-10 22:27:24] TRADE MATCHED: Ticker: TATAMOTORS | Buy Order: 3686 | Sell Order: 3091 | Price: ₹641.00 | Qty: 5 | Total: ₹3205.00
[2026-07-10 22:27:26] TRADE MATCHED: Ticker: HDFCBANK | Buy Order: 3687 | Sell Order: 3526 | Price: ₹1593.59 | Qty: 1 | Total: ₹1593.59
[2026-07-10 22:27:26] TRADE MATCHED: Ticker: HDFCBANK | Buy Order: 3687 | Sell Order: 3016 | Price: ₹1594.31 | Qty: 4 | Total: ₹6377.24
[2026-07-10 22:27:26] TRADE MATCHED: Ticker: HDFCBANK | Buy Order: 3687 | Sell Order: 2225 | Price: ₹1594.34 | Qty: 2 | Total: ₹3188.68
[2026-07-10 22:27:27] TRADE MATCHED: Ticker: HDFCBANK | Buy Order: 3610 | Sell Order: 3689 | Price: ₹1592.10 | Qty: 3 | Total: ₹4776.30
[2026-07-10 22:27:27] TRADE MATCHED: Ticker: HDFCBANK | Buy Order: 3684 | Sell Order: 3689 | Price: ₹1587.74 | Qty: 10 | Total: ₹15877.40
[2026-07-10 22:27:31] TRADE MATCHED: Ticker: RELIANCE | Buy Order: 3674 | Sell Order: 3690 | Price: ₹2300.42 | Qty: 2 | Total: ₹4600.84
[2026-07-10 22:27:32] TRADE MATCHED: Ticker: TATAMOTORS | Buy Order: 3691 | Sell Order: 3091 | Price: ₹641.00 | Qty: 6 | Total: ₹3846.00
[2026-07-10 22:27:32] TRADE MATCHED: Ticker: TATAMOTORS | Buy Order: 3692 | Sell Order: 3091 | Price: ₹641.00 | Qty: 2 | Total: ₹1282.00
[2026-07-10 22:27:32] TRADE MATCHED: Ticker: TATAMOTORS | Buy Order: 3692 | Sell Order: 402 | Price: ₹641.06 | Qty: 2 | Total: ₹1282.12
[2026-07-10 22:27:42] TRADE MATCHED: Ticker: TATAMOTORS | Buy Order: 3699 | Sell Order: 402 | Price: ₹641.06 | Qty: 8 | Total: ₹5128.48
[2026-07-10 22:27:42] TRADE MATCHED: Ticker: TATAMOTORS | Buy Order: 3699 | Sell Order: 2843 | Price: ₹641.13 | Qty: 3 | Total: ₹1923.39
[2026-07-10 22:27:43] TRADE MATCHED: Ticker: TCS | Buy Order: 3570 | Sell Order: 3700 | Price: ₹3197.71 | Qty: 4 | Total: ₹12790.84
[2026-07-10 22:27:43] TRADE MATCHED: Ticker: TCS | Buy Order: 3640 | Sell Order: 3700 | Price: ₹3197.48 | Qty: 8 | Total: ₹25579.84
[2026-07-10 22:27:43] TRADE MATCHED: Ticker: SUNPHARMA | Buy Order: 3680 | Sell Order: 3701 | Price: ₹1066.16 | Qty: 11 | Total: ₹11727.76
[2026-07-10 22:27:47] TRADE MATCHED: Ticker: RELIANCE | Buy Order: 3674 | Sell Order: 3702 | Price: ₹2300.42 | Qty: 4 | Total: ₹9201.68
[2026-07-10 22:27:47] TRADE MATCHED: Ticker: RELIANCE | Buy Order: 3607 | Sell Order: 3702 | Price: ₹2281.37 | Qty: 4 | Total: ₹9125.48
[2026-07-10 22:27:48] TRADE MATCHED: Ticker: SUNPHARMA | Buy Order: 3680 | Sell Order: 3704 | Price: ₹1066.16 | Qty: 1 | Total: ₹1066.16
[2026-07-10 22:27:51] TRADE MATCHED: Ticker: RELIANCE | Buy Order: 3607 | Sell Order: 3705 | Price: ₹2281.37 | Qty: 4 | Total: ₹9125.48
[2026-07-10 22:27:51] TRADE MATCHED: Ticker: RELIANCE | Buy Order: 3388 | Sell Order: 3705 | Price: ₹2279.88 | Qty: 7 | Total: ₹15959.16
[2026-07-10 22:27:52] TRADE MATCHED: Ticker: TCS | Buy Order: 3707 | Sell Order: 3560 | Price: ₹3206.00 | Qty: 1 | Total: ₹3206.00
[2026-07-10 22:27:52] TRADE MATCHED: Ticker: TCS | Buy Order: 3707 | Sell Order: 3249 | Price: ₹3206.68 | Qty: 10 | Total: ₹32066.80
[2026-07-10 22:27:54] TRADE MATCHED: Ticker: HDFCBANK | Buy Order: 3684 | Sell Order: 3709 | Price: ₹1587.74 | Qty: 4 | Total: ₹6350.96
[2026-07-10 22:27:54] TRADE MATCHED: Ticker: HDFCBANK | Buy Order: 3597 | Sell Order: 3709 | Price: ₹1579.67 | Qty: 6 | Total: ₹9478.02
[2026-07-10 22:27:59] TRADE MATCHED: Ticker: TATAMOTORS | Buy Order: 3703 | Sell Order: 3714 | Price: ₹637.82 | Qty: 2 | Total: ₹1275.64
[2026-07-10 22:28:00] TRADE MATCHED: Ticker: SUNPHARMA | Buy Order: 3660 | Sell Order: 3715 | Price: ₹1053.52 | Qty: 9 | Total: ₹9481.68
[2026-07-10 22:28:03] TRADE MATCHED: Ticker: HDFCBANK | Buy Order: 3717 | Sell Order: 2225 | Price: ₹1594.34 | Qty: 11 | Total: ₹17537.74
[2026-07-10 22:28:03] TRADE MATCHED: Ticker: HDFCBANK | Buy Order: 3717 | Sell Order: 3283 | Price: ₹1594.60 | Qty: 3 | Total: ₹4783.80
[2026-07-10 22:28:05] TRADE MATCHED: Ticker: SUNPHARMA | Buy Order: 3719 | Sell Order: 3704 | Price: ₹1063.17 | Qty: 8 | Total: ₹8505.36
[2026-07-10 22:28:08] TRADE MATCHED: Ticker: TCS | Buy Order: 3722 | Sell Order: 3249 | Price: ₹3206.68 | Qty: 3 | Total: ₹9620.04
[2026-07-10 22:28:08] TRADE MATCHED: Ticker: TCS | Buy Order: 3722 | Sell Order: 3262 | Price: ₹3208.55 | Qty: 9 | Total: ₹28876.95
[2026-07-10 22:28:11] TRADE MATCHED: Ticker: SUNPHARMA | Buy Order: 3725 | Sell Order: 3704 | Price: ₹1063.17 | Qty: 5 | Total: ₹5315.85
[2026-07-10 22:28:11] TRADE MATCHED: Ticker: SUNPHARMA | Buy Order: 3725 | Sell Order: 3500 | Price: ₹1070.99 | Qty: 3 | Total: ₹3212.97
[2026-07-10 22:28:11] TRADE MATCHED: Ticker: SUNPHARMA | Buy Order: 3725 | Sell Order: 3563 | Price: ₹1071.04 | Qty: 7 | Total: ₹7497.28
[2026-07-10 22:28:12] TRADE MATCHED: Ticker: RELIANCE | Buy Order: 3447 | Sell Order: 3726 | Price: ₹2279.26 | Qty: 9 | Total: ₹20513.34
[2026-07-10 22:28:12] TRADE MATCHED: Ticker: RELIANCE | Buy Order: 3478 | Sell Order: 3726 | Price: ₹2275.30 | Qty: 6 | Total: ₹13651.80
[2026-07-10 22:28:15] TRADE MATCHED: Ticker: SUNPHARMA | Buy Order: 3728 | Sell Order: 3727 | Price: ₹1067.82 | Qty: 2 | Total: ₹2135.64
[2026-07-10 22:28:15] TRADE MATCHED: Ticker: SUNPHARMA | Buy Order: 3728 | Sell Order: 2754 | Price: ₹1071.14 | Qty: 1 | Total: ₹1071.14
[2026-07-10 22:28:22] TRADE MATCHED: Ticker: RELIANCE | Buy Order: 3478 | Sell Order: 3732 | Price: ₹2275.30 | Qty: 3 | Total: ₹6825.90
[2026-07-10 22:28:23] TRADE MATCHED: Ticker: HDFCBANK | Buy Order: 3597 | Sell Order: 3733 | Price: ₹1579.67 | Qty: 5 | Total: ₹7898.35
[2026-07-10 22:28:27] TRADE MATCHED: Ticker: RELIANCE | Buy Order: 3736 | Sell Order: 3731 | Price: ₹2277.43 | Qty: 6 | Total: ₹13664.58
[2026-07-10 22:28:32] TRADE MATCHED: Ticker: TATAMOTORS | Buy Order: 3703 | Sell Order: 3739 | Price: ₹637.82 | Qty: 3 | Total: ₹1913.46
[2026-07-10 22:28:32] TRADE MATCHED: Ticker: TATAMOTORS | Buy Order: 3505 | Sell Order: 3739 | Price: ₹636.93 | Qty: 1 | Total: ₹636.93
[2026-07-10 22:28:35] TRADE MATCHED: Ticker: TCS | Buy Order: 3633 | Sell Order: 3740 | Price: ₹3195.11 | Qty: 13 | Total: ₹41536.43
[2026-07-10 22:28:35] TRADE MATCHED: Ticker: RELIANCE | Buy Order: 3736 | Sell Order: 3741 | Price: ₹2282.02 | Qty: 9 | Total: ₹20538.18
[2026-07-10 22:28:35] TRADE MATCHED: Ticker: RELIANCE | Buy Order: 3393 | Sell Order: 3741 | Price: ₹2274.22 | Qty: 6 | Total: ₹13645.32
[2026-07-10 22:28:35] TRADE MATCHED: Ticker: SUNPHARMA | Buy Order: 3742 | Sell Order: 2754 | Price: ₹1071.14 | Qty: 1 | Total: ₹1071.14
[2026-07-10 22:28:35] TRADE MATCHED: Ticker: SUNPHARMA | Buy Order: 3742 | Sell Order: 3069 | Price: ₹1071.57 | Qty: 4 | Total: ₹4286.28
[2026-07-10 22:28:35] TRADE MATCHED: Ticker: SUNPHARMA | Buy Order: 3742 | Sell Order: 2705 | Price: ₹1072.11 | Qty: 8 | Total: ₹8576.88
[2026-07-10 22:28:35] TRADE MATCHED: Ticker: SUNPHARMA | Buy Order: 3742 | Sell Order: 1743 | Price: ₹1072.17 | Qty: 2 | Total: ₹2144.34
[2026-07-10 22:28:45] TRADE MATCHED: Ticker: HDFCBANK | Buy Order: 3737 | Sell Order: 3750 | Price: ₹1584.60 | Qty: 12 | Total: ₹19015.20
[2026-07-10 22:28:45] TRADE MATCHED: Ticker: HDFCBANK | Buy Order: 3597 | Sell Order: 3750 | Price: ₹1579.67 | Qty: 2 | Total: ₹3159.34
[2026-07-10 22:28:45] TRADE MATCHED: Ticker: HDFCBANK | Buy Order: 3556 | Sell Order: 3750 | Price: ₹1578.24 | Qty: 1 | Total: ₹1578.24
[2026-07-10 22:28:47] TRADE MATCHED: Ticker: HDFCBANK | Buy Order: 3556 | Sell Order: 3752 | Price: ₹1578.24 | Qty: 1 | Total: ₹1578.24
[2026-07-10 22:28:49] TRADE MATCHED: Ticker: TCS | Buy Order: 3746 | Sell Order: 3754 | Price: ₹3179.88 | Qty: 2 | Total: ₹6359.76
[2026-07-10 22:28:54] TRADE MATCHED: Ticker: SUNPHARMA | Buy Order: 3759 | Sell Order: 3748 | Price: ₹1065.03 | Qty: 4 | Total: ₹4260.12
[2026-07-10 22:28:54] TRADE MATCHED: Ticker: SUNPHARMA | Buy Order: 3759 | Sell Order: 3757 | Price: ₹1065.04 | Qty: 7 | Total: ₹7455.28
[2026-07-10 22:29:00] TRADE MATCHED: Ticker: HDFCBANK | Buy Order: 3764 | Sell Order: 3718 | Price: ₹1585.44 | Qty: 8 | Total: ₹12683.52
[2026-07-10 22:29:05] TRADE MATCHED: Ticker: TATAMOTORS | Buy Order: 3768 | Sell Order: 2843 | Price: ₹641.13 | Qty: 10 | Total: ₹6411.30
[2026-07-10 22:29:05] TRADE MATCHED: Ticker: TATAMOTORS | Buy Order: 3769 | Sell Order: 2843 | Price: ₹641.13 | Qty: 1 | Total: ₹641.13
[2026-07-10 22:29:05] TRADE MATCHED: Ticker: TATAMOTORS | Buy Order: 3769 | Sell Order: 459 | Price: ₹641.14 | Qty: 6 | Total: ₹3846.84
[2026-07-10 22:29:05] TRADE MATCHED: Ticker: TATAMOTORS | Buy Order: 3769 | Sell Order: 746 | Price: ₹641.38 | Qty: 5 | Total: ₹3206.90
[2026-07-10 22:29:05] TRADE MATCHED: Ticker: SUNPHARMA | Buy Order: 3770 | Sell Order: 3761 | Price: ₹1069.65 | Qty: 13 | Total: ₹13905.45
[2026-07-10 22:29:06] TRADE MATCHED: Ticker: SUNPHARMA | Buy Order: 3770 | Sell Order: 3766 | Price: ₹1071.26 | Qty: 1 | Total: ₹1071.26
[2026-07-10 22:29:09] TRADE MATCHED: Ticker: TATAMOTORS | Buy Order: 3773 | Sell Order: 3603 | Price: ₹641.40 | Qty: 11 | Total: ₹7055.40
[2026-07-10 22:29:09] TRADE MATCHED: Ticker: TATAMOTORS | Buy Order: 3773 | Sell Order: 3198 | Price: ₹641.44 | Qty: 1 | Total: ₹641.44
[2026-07-10 22:29:09] TRADE MATCHED: Ticker: TATAMOTORS | Buy Order: 3773 | Sell Order: 1502 | Price: ₹641.46 | Qty: 1 | Total: ₹641.46
[2026-07-10 22:29:09] TRADE MATCHED: Ticker: RELIANCE | Buy Order: 3393 | Sell Order: 3774 | Price: ₹2274.22 | Qty: 1 | Total: ₹2274.22
[2026-07-10 22:29:11] TRADE MATCHED: Ticker: RELIANCE | Buy Order: 3393 | Sell Order: 3775 | Price: ₹2274.22 | Qty: 4 | Total: ₹9096.88
[2026-07-10 22:29:11] TRADE MATCHED: Ticker: RELIANCE | Buy Order: 3664 | Sell Order: 3775 | Price: ₹2273.76 | Qty: 7 | Total: ₹15916.32
[2026-07-10 22:29:11] TRADE MATCHED: Ticker: RELIANCE | Buy Order: 3588 | Sell Order: 3775 | Price: ₹2273.16 | Qty: 1 | Total: ₹2273.16
[2026-07-10 22:29:12] TRADE MATCHED: Ticker: RELIANCE | Buy Order: 2982 | Sell Order: 3776 | Price: ₹2273.11 | Qty: 2 | Total: ₹4546.22
[2026-07-10 22:29:12] TRADE MATCHED: Ticker: RELIANCE | Buy Order: 3321 | Sell Order: 3776 | Price: ₹2271.58 | Qty: 8 | Total: ₹18172.64
[2026-07-10 22:29:12] TRADE MATCHED: Ticker: TATAMOTORS | Buy Order: 3777 | Sell Order: 1502 | Price: ₹641.46 | Qty: 11 | Total: ₹7056.06
[2026-07-10 22:29:12] TRADE MATCHED: Ticker: TATAMOTORS | Buy Order: 3777 | Sell Order: 3094 | Price: ₹641.51 | Qty: 4 | Total: ₹2566.04
[2026-07-10 22:29:17] TRADE MATCHED: Ticker: SUNPHARMA | Buy Order: 3767 | Sell Order: 3780 | Price: ₹1063.94 | Qty: 12 | Total: ₹12767.28
[2026-07-10 22:29:20] TRADE MATCHED: Ticker: RELIANCE | Buy Order: 3321 | Sell Order: 3781 | Price: ₹2271.58 | Qty: 2 | Total: ₹4543.16
[2026-07-10 22:29:20] TRADE MATCHED: Ticker: RELIANCE | Buy Order: 3749 | Sell Order: 3781 | Price: ₹2271.54 | Qty: 3 | Total: ₹6814.62
[2026-07-10 22:29:20] TRADE MATCHED: Ticker: HDFCBANK | Buy Order: 3782 | Sell Order: 3718 | Price: ₹1585.44 | Qty: 3 | Total: ₹4756.32
[2026-07-10 22:29:20] TRADE MATCHED: Ticker: HDFCBANK | Buy Order: 3782 | Sell Order: 3743 | Price: ₹1586.52 | Qty: 7 | Total: ₹11105.64
[2026-07-10 22:29:25] TRADE MATCHED: Ticker: SUNPHARMA | Buy Order: 3744 | Sell Order: 3784 | Price: ₹1054.23 | Qty: 1 | Total: ₹1054.23
[2026-07-10 22:29:26] TRADE MATCHED: Ticker: TCS | Buy Order: 3786 | Sell Order: 3740 | Price: ₹3188.52 | Qty: 2 | Total: ₹6377.04
[2026-07-10 22:29:30] TRADE MATCHED: Ticker: SUNPHARMA | Buy Order: 3744 | Sell Order: 3788 | Price: ₹1054.23 | Qty: 3 | Total: ₹3162.69
[2026-07-10 22:29:31] TRADE MATCHED: Ticker: RELIANCE | Buy Order: 3749 | Sell Order: 3789 | Price: ₹2271.54 | Qty: 1 | Total: ₹2271.54
[2026-07-10 22:29:42] TRADE MATCHED: Ticker: TATAMOTORS | Buy Order: 3505 | Sell Order: 3798 | Price: ₹636.93 | Qty: 2 | Total: ₹1273.86
[2026-07-10 22:29:42] TRADE MATCHED: Ticker: TATAMOTORS | Buy Order: 3672 | Sell Order: 3798 | Price: ₹635.84 | Qty: 10 | Total: ₹6358.40
[2026-07-10 22:29:45] TRADE MATCHED: Ticker: TCS | Buy Order: 3644 | Sell Order: 3800 | Price: ₹3169.58 | Qty: 10 | Total: ₹31695.80
[2026-07-10 22:29:48] TRADE MATCHED: Ticker: TATAMOTORS | Buy Order: 3672 | Sell Order: 3802 | Price: ₹635.84 | Qty: 1 | Total: ₹635.84
[2026-07-10 22:29:48] TRADE MATCHED: Ticker: TATAMOTORS | Buy Order: 3489 | Sell Order: 3802 | Price: ₹635.17 | Qty: 8 | Total: ₹5081.36
[2026-07-10 22:29:48] TRADE MATCHED: Ticker: TATAMOTORS | Buy Order: 3632 | Sell Order: 3802 | Price: ₹635.06 | Qty: 1 | Total: ₹635.06
[2026-07-10 22:29:52] TRADE MATCHED: Ticker: TATAMOTORS | Buy Order: 3632 | Sell Order: 3806 | Price: ₹635.06 | Qty: 4 | Total: ₹2540.24
[2026-07-10 22:29:52] TRADE MATCHED: Ticker: TATAMOTORS | Buy Order: 3745 | Sell Order: 3806 | Price: ₹634.16 | Qty: 7 | Total: ₹4439.12
[2026-07-10 22:29:55] TRADE MATCHED: Ticker: HDFCBANK | Buy Order: 3807 | Sell Order: 3804 | Price: ₹1581.66 | Qty: 5 | Total: ₹7908.30
[2026-07-10 22:29:55] TRADE MATCHED: Ticker: HDFCBANK | Buy Order: 3807 | Sell Order: 3793 | Price: ₹1584.71 | Qty: 3 | Total: ₹4754.13
[2026-07-10 22:29:55] TRADE MATCHED: Ticker: HDFCBANK | Buy Order: 3807 | Sell Order: 3743 | Price: ₹1586.52 | Qty: 1 | Total: ₹1586.52
[2026-07-10 22:29:56] TRADE MATCHED: Ticker: TCS | Buy Order: 3644 | Sell Order: 3808 | Price: ₹3169.58 | Qty: 2 | Total: ₹6339.16
[2026-07-10 22:29:56] TRADE MATCHED: Ticker: TCS | Buy Order: 3792 | Sell Order: 3808 | Price: ₹3165.13 | Qty: 4 | Total: ₹12660.52
[2026-07-10 22:29:57] TRADE MATCHED: Ticker: HDFCBANK | Buy Order: 3801 | Sell Order: 3809 | Price: ₹1578.99 | Qty: 15 | Total: ₹23684.85
[2026-07-10 22:30:01] TRADE MATCHED: Ticker: HDFCBANK | Buy Order: 3813 | Sell Order: 3811 | Price: ₹1585.44 | Qty: 13 | Total: ₹20610.72
[2026-07-10 22:30:01] TRADE MATCHED: Ticker: SUNPHARMA | Buy Order: 3814 | Sell Order: 3780 | Price: ₹1058.35 | Qty: 2 | Total: ₹2116.70
[2026-07-10 22:30:02] TRADE MATCHED: Ticker: TCS | Buy Order: 3771 | Sell Order: 3815 | Price: ₹3163.96 | Qty: 4 | Total: ₹12655.84
[2026-07-10 22:30:04] TRADE MATCHED: Ticker: RELIANCE | Buy Order: 3749 | Sell Order: 3816 | Price: ₹2271.54 | Qty: 3 | Total: ₹6814.62
[2026-07-10 22:30:04] TRADE MATCHED: Ticker: RELIANCE | Buy Order: 3550 | Sell Order: 3816 | Price: ₹2270.62 | Qty: 9 | Total: ₹20435.58
[2026-07-10 22:30:04] TRADE MATCHED: Ticker: HDFCBANK | Buy Order: 3817 | Sell Order: 3811 | Price: ₹1585.44 | Qty: 1 | Total: ₹1585.44
[2026-07-10 22:30:04] TRADE MATCHED: Ticker: HDFCBANK | Buy Order: 3817 | Sell Order: 3743 | Price: ₹1586.52 | Qty: 6 | Total: ₹9519.12
[2026-07-10 22:30:04] TRADE MATCHED: Ticker: HDFCBANK | Buy Order: 3817 | Sell Order: 3755 | Price: ₹1587.76 | Qty: 2 | Total: ₹3175.52
[2026-07-10 22:30:04] TRADE MATCHED: Ticker: HDFCBANK | Buy Order: 3817 | Sell Order: 3753 | Price: ₹1592.36 | Qty: 2 | Total: ₹3184.72
[2026-07-10 22:30:06] TRADE MATCHED: Ticker: SUNPHARMA | Buy Order: 3818 | Sell Order: 3805 | Price: ₹1064.08 | Qty: 2 | Total: ₹2128.16
[2026-07-10 22:30:06] TRADE MATCHED: Ticker: SUNPHARMA | Buy Order: 3814 | Sell Order: 3820 | Price: ₹1063.39 | Qty: 10 | Total: ₹10633.90
[2026-07-10 22:30:10] TRADE MATCHED: Ticker: TCS | Buy Order: 3822 | Sell Order: 3819 | Price: ₹3193.39 | Qty: 5 | Total: ₹15966.95
[2026-07-10 22:30:10] TRADE MATCHED: Ticker: TCS | Buy Order: 3822 | Sell Order: 3262 | Price: ₹3208.55 | Qty: 2 | Total: ₹6417.10
[2026-07-10 22:30:13] TRADE MATCHED: Ticker: HDFCBANK | Buy Order: 3824 | Sell Order: 3753 | Price: ₹1592.36 | Qty: 7 | Total: ₹11146.52
[2026-07-10 22:30:15] TRADE MATCHED: Ticker: RELIANCE | Buy Order: 3159 | Sell Order: 3826 | Price: ₹2270.05 | Qty: 5 | Total: ₹11350.25
[2026-07-10 22:30:15] TRADE MATCHED: Ticker: RELIANCE | Buy Order: 3036 | Sell Order: 3826 | Price: ₹2269.09 | Qty: 3 | Total: ₹6807.27
[2026-07-10 22:30:17] TRADE MATCHED: Ticker: TATAMOTORS | Buy Order: 3745 | Sell Order: 3829 | Price: ₹634.16 | Qty: 1 | Total: ₹634.16
[2026-07-10 22:30:17] TRADE MATCHED: Ticker: TATAMOTORS | Buy Order: 3598 | Sell Order: 3829 | Price: ₹633.61 | Qty: 4 | Total: ₹2534.44
[2026-07-10 22:30:19] TRADE MATCHED: Ticker: TATAMOTORS | Buy Order: 3831 | Sell Order: 3797 | Price: ₹641.31 | Qty: 1 | Total: ₹641.31
[2026-07-10 22:30:19] TRADE MATCHED: Ticker: TATAMOTORS | Buy Order: 3831 | Sell Order: 3094 | Price: ₹641.51 | Qty: 1 | Total: ₹641.51
[2026-07-10 22:30:20] TRADE MATCHED: Ticker: TATAMOTORS | Buy Order: 3831 | Sell Order: 2483 | Price: ₹641.54 | Qty: 6 | Total: ₹3849.24
[2026-07-10 22:30:23] TRADE MATCHED: Ticker: RELIANCE | Buy Order: 3036 | Sell Order: 3833 | Price: ₹2269.09 | Qty: 10 | Total: ₹22690.90
[2026-07-10 22:30:27] TRADE MATCHED: Ticker: RELIANCE | Buy Order: 3036 | Sell Order: 3837 | Price: ₹2269.09 | Qty: 1 | Total: ₹2269.09
[2026-07-10 22:30:27] TRADE MATCHED: Ticker: RELIANCE | Buy Order: 2668 | Sell Order: 3837 | Price: ₹2268.78 | Qty: 1 | Total: ₹2268.78
[2026-07-10 22:30:27] TRADE MATCHED: Ticker: RELIANCE | Buy Order: 3242 | Sell Order: 3837 | Price: ₹2268.43 | Qty: 3 | Total: ₹6805.29
[2026-07-10 22:30:27] TRADE MATCHED: Ticker: RELIANCE | Buy Order: 3553 | Sell Order: 3837 | Price: ₹2267.53 | Qty: 7 | Total: ₹15872.71
[2026-07-10 22:30:33] TRADE MATCHED: Ticker: HDFCBANK | Buy Order: 3841 | Sell Order: 3753 | Price: ₹1592.36 | Qty: 1 | Total: ₹1592.36
[2026-07-10 22:30:38] TRADE MATCHED: Ticker: TCS | Buy Order: 3846 | Sell Order: 3485 | Price: ₹3208.69 | Qty: 7 | Total: ₹22460.83
[2026-07-10 22:30:42] TRADE MATCHED: Ticker: SUNPHARMA | Buy Order: 3744 | Sell Order: 3850 | Price: ₹1054.23 | Qty: 1 | Total: ₹1054.23
[2026-07-10 22:30:42] TRADE MATCHED: Ticker: SUNPHARMA | Buy Order: 3756 | Sell Order: 3850 | Price: ₹1053.57 | Qty: 11 | Total: ₹11589.27
[2026-07-10 22:30:42] TRADE MATCHED: Ticker: SUNPHARMA | Buy Order: 3660 | Sell Order: 3850 | Price: ₹1053.52 | Qty: 1 | Total: ₹1053.52
[2026-07-10 22:30:43] TRADE MATCHED: Ticker: SUNPHARMA | Buy Order: 3810 | Sell Order: 3850 | Price: ₹1053.49 | Qty: 1 | Total: ₹1053.49
[2026-07-10 22:30:51] TRADE MATCHED: Ticker: SUNPHARMA | Buy Order: 3810 | Sell Order: 3856 | Price: ₹1053.49 | Qty: 1 | Total: ₹1053.49
[2026-07-10 22:30:51] TRADE MATCHED: Ticker: SUNPHARMA | Buy Order: 3406 | Sell Order: 3856 | Price: ₹1052.51 | Qty: 3 | Total: ₹3157.53
[2026-07-10 22:30:51] TRADE MATCHED: Ticker: SUNPHARMA | Buy Order: 3519 | Sell Order: 3856 | Price: ₹1052.48 | Qty: 4 | Total: ₹4209.92
[2026-07-10 22:30:53] TRADE MATCHED: Ticker: TATAMOTORS | Buy Order: 3857 | Sell Order: 3842 | Price: ₹640.42 | Qty: 6 | Total: ₹3842.52
[2026-07-10 22:30:53] TRADE MATCHED: Ticker: TATAMOTORS | Buy Order: 3857 | Sell Order: 2483 | Price: ₹641.54 | Qty: 5 | Total: ₹3207.70
[2026-07-10 22:30:56] TRADE MATCHED: Ticker: SUNPHARMA | Buy Order: 3519 | Sell Order: 3859 | Price: ₹1052.48 | Qty: 3 | Total: ₹3157.44
[2026-07-10 22:30:56] TRADE MATCHED: Ticker: SUNPHARMA | Buy Order: 3338 | Sell Order: 3859 | Price: ₹1052.31 | Qty: 9 | Total: ₹9470.79
[2026-07-10 22:30:58] TRADE MATCHED: Ticker: TCS | Buy Order: 3836 | Sell Order: 3860 | Price: ₹3207.81 | Qty: 7 | Total: ₹22454.67
[2026-07-10 22:31:01] TRADE MATCHED: Ticker: HDFCBANK | Buy Order: 3863 | Sell Order: 3753 | Price: ₹1592.36 | Qty: 3 | Total: ₹4777.08
[2026-07-10 22:31:04] TRADE MATCHED: Ticker: HDFCBANK | Buy Order: 3828 | Sell Order: 3867 | Price: ₹1589.48 | Qty: 3 | Total: ₹4768.44
[2026-07-10 22:31:04] TRADE MATCHED: Ticker: HDFCBANK | Buy Order: 3835 | Sell Order: 3867 | Price: ₹1584.93 | Qty: 2 | Total: ₹3169.86
[2026-07-10 22:31:05] TRADE MATCHED: Ticker: TCS | Buy Order: 3869 | Sell Order: 3485 | Price: ₹3208.69 | Qty: 3 | Total: ₹9626.07
[2026-07-10 22:31:07] TRADE MATCHED: Ticker: TATAMOTORS | Buy Order: 3855 | Sell Order: 3870 | Price: ₹639.60 | Qty: 5 | Total: ₹3198.00
[2026-07-10 22:31:09] TRADE MATCHED: Ticker: RELIANCE | Buy Order: 3845 | Sell Order: 3871 | Price: ₹2277.55 | Qty: 2 | Total: ₹4555.10
[2026-07-10 22:31:09] TRADE MATCHED: Ticker: RELIANCE | Buy Order: 3553 | Sell Order: 3871 | Price: ₹2267.53 | Qty: 2 | Total: ₹4535.06
[2026-07-10 22:31:09] TRADE MATCHED: Ticker: RELIANCE | Buy Order: 2862 | Sell Order: 3871 | Price: ₹2266.86 | Qty: 9 | Total: ₹20401.74
[2026-07-10 22:31:09] TRADE MATCHED: Ticker: RELIANCE | Buy Order: 3872 | Sell Order: 3738 | Price: ₹2293.44 | Qty: 1 | Total: ₹2293.44
[2026-07-10 22:31:10] TRADE MATCHED: Ticker: TCS | Buy Order: 3873 | Sell Order: 3485 | Price: ₹3208.69 | Qty: 3 | Total: ₹9626.07
[2026-07-10 22:31:10] TRADE MATCHED: Ticker: TCS | Buy Order: 3873 | Sell Order: 3868 | Price: ₹3209.28 | Qty: 10 | Total: ₹32092.80
[2026-07-10 22:31:11] TRADE MATCHED: Ticker: TATAMOTORS | Buy Order: 3855 | Sell Order: 3874 | Price: ₹639.60 | Qty: 4 | Total: ₹2558.40
[2026-07-10 22:31:11] TRADE MATCHED: Ticker: TATAMOTORS | Buy Order: 3847 | Sell Order: 3874 | Price: ₹635.04 | Qty: 1 | Total: ₹635.04
[2026-07-10 22:31:12] TRADE MATCHED: Ticker: TATAMOTORS | Buy Order: 3598 | Sell Order: 3874 | Price: ₹633.61 | Qty: 1 | Total: ₹633.61
[2026-07-10 22:31:14] TRADE MATCHED: Ticker: TATAMOTORS | Buy Order: 3648 | Sell Order: 3876 | Price: ₹632.10 | Qty: 11 | Total: ₹6953.10
[2026-07-10 22:31:15] TRADE MATCHED: Ticker: SUNPHARMA | Buy Order: 3878 | Sell Order: 3843 | Price: ₹1058.08 | Qty: 12 | Total: ₹12696.96
[2026-07-10 22:31:18] TRADE MATCHED: Ticker: TATAMOTORS | Buy Order: 3436 | Sell Order: 3879 | Price: ₹631.85 | Qty: 2 | Total: ₹1263.70
[2026-07-10 22:31:19] TRADE MATCHED: Ticker: TCS | Buy Order: 3836 | Sell Order: 3880 | Price: ₹3207.81 | Qty: 2 | Total: ₹6415.62
[2026-07-10 22:31:21] TRADE MATCHED: Ticker: RELIANCE | Buy Order: 2862 | Sell Order: 3883 | Price: ₹2266.86 | Qty: 4 | Total: ₹9067.44
[2026-07-10 22:31:22] TRADE MATCHED: Ticker: RELIANCE | Buy Order: 2653 | Sell Order: 3883 | Price: ₹2266.68 | Qty: 3 | Total: ₹6800.04
[2026-07-10 22:31:25] TRADE MATCHED: Ticker: RELIANCE | Buy Order: 2653 | Sell Order: 3885 | Price: ₹2266.68 | Qty: 6 | Total: ₹13600.08
[2026-07-10 22:31:25] TRADE MATCHED: Ticker: RELIANCE | Buy Order: 2374 | Sell Order: 3885 | Price: ₹2266.55 | Qty: 2 | Total: ₹4533.10
[2026-07-10 22:31:25] TRADE MATCHED: Ticker: RELIANCE | Buy Order: 3343 | Sell Order: 3885 | Price: ₹2266.25 | Qty: 2 | Total: ₹4532.50
[2026-07-10 22:31:28] TRADE MATCHED: Ticker: RELIANCE | Buy Order: 3343 | Sell Order: 3887 | Price: ₹2266.25 | Qty: 4 | Total: ₹9065.00
[2026-07-10 22:31:30] TRADE MATCHED: Ticker: TCS | Buy Order: 3836 | Sell Order: 3889 | Price: ₹3207.81 | Qty: 6 | Total: ₹19246.86
[2026-07-10 22:31:35] TRADE MATCHED: Ticker: HDFCBANK | Buy Order: 3893 | Sell Order: 3753 | Price: ₹1592.36 | Qty: 1 | Total: ₹1592.36
[2026-07-10 22:31:35] TRADE MATCHED: Ticker: HDFCBANK | Buy Order: 3893 | Sell Order: 3823 | Price: ₹1594.04 | Qty: 5 | Total: ₹7970.20
[2026-07-10 22:31:35] TRADE MATCHED: Ticker: HDFCBANK | Buy Order: 3893 | Sell Order: 3283 | Price: ₹1594.60 | Qty: 5 | Total: ₹7973.00
[2026-07-10 22:31:35] TRADE MATCHED: Ticker: HDFCBANK | Buy Order: 3893 | Sell Order: 3034 | Price: ₹1595.23 | Qty: 3 | Total: ₹4785.69
[2026-07-10 22:31:38] TRADE MATCHED: Ticker: TATAMOTORS | Buy Order: 3436 | Sell Order: 3895 | Price: ₹631.85 | Qty: 4 | Total: ₹2527.40
[2026-07-10 22:31:38] TRADE MATCHED: Ticker: TATAMOTORS | Buy Order: 3545 | Sell Order: 3895 | Price: ₹631.43 | Qty: 3 | Total: ₹1894.29
[2026-07-10 22:31:38] TRADE MATCHED: Ticker: TATAMOTORS | Buy Order: 3518 | Sell Order: 3895 | Price: ₹631.01 | Qty: 6 | Total: ₹3786.06
[2026-07-10 22:31:38] TRADE MATCHED: Ticker: HDFCBANK | Buy Order: 3896 | Sell Order: 3034 | Price: ₹1595.23 | Qty: 8 | Total: ₹12761.84
[2026-07-10 22:31:39] TRADE MATCHED: Ticker: HDFCBANK | Buy Order: 3896 | Sell Order: 2537 | Price: ₹1595.65 | Qty: 7 | Total: ₹11169.55
[2026-07-10 22:31:42] TRADE MATCHED: Ticker: HDFCBANK | Buy Order: 3898 | Sell Order: 2537 | Price: ₹1595.65 | Qty: 1 | Total: ₹1595.65
[2026-07-10 22:31:42] TRADE MATCHED: Ticker: HDFCBANK | Buy Order: 3898 | Sell Order: 3028 | Price: ₹1595.89 | Qty: 9 | Total: ₹14363.01
[2026-07-10 22:31:45] TRADE MATCHED: Ticker: TCS | Buy Order: 3851 | Sell Order: 3900 | Price: ₹3196.11 | Qty: 7 | Total: ₹22372.77
[2026-07-10 22:31:45] TRADE MATCHED: Ticker: TCS | Buy Order: 3888 | Sell Order: 3900 | Price: ₹3195.93 | Qty: 3 | Total: ₹9587.79
[2026-07-10 22:31:49] TRADE MATCHED: Ticker: RELIANCE | Buy Order: 3904 | Sell Order: 3877 | Price: ₹2280.60 | Qty: 8 | Total: ₹18244.80
[2026-07-10 22:31:50] TRADE MATCHED: Ticker: TATAMOTORS | Buy Order: 3903 | Sell Order: 3905 | Price: ₹637.45 | Qty: 10 | Total: ₹6374.50
[2026-07-10 22:31:50] TRADE MATCHED: Ticker: TATAMOTORS | Buy Order: 3518 | Sell Order: 3905 | Price: ₹631.01 | Qty: 3 | Total: ₹1893.03
[2026-07-10 22:31:53] TRADE MATCHED: Ticker: HDFCBANK | Buy Order: 3907 | Sell Order: 3028 | Price: ₹1595.89 | Qty: 1 | Total: ₹1595.89
[2026-07-10 22:31:53] TRADE MATCHED: Ticker: HDFCBANK | Buy Order: 3907 | Sell Order: 3333 | Price: ₹1595.92 | Qty: 10 | Total: ₹15959.20
[2026-07-10 22:31:56] TRADE MATCHED: Ticker: HDFCBANK | Buy Order: 3835 | Sell Order: 3910 | Price: ₹1584.93 | Qty: 4 | Total: ₹6339.72
[2026-07-10 22:32:01] TRADE MATCHED: Ticker: SUNPHARMA | Buy Order: 3902 | Sell Order: 3915 | Price: ₹1055.89 | Qty: 6 | Total: ₹6335.34
[2026-07-10 22:32:05] TRADE MATCHED: Ticker: SUNPHARMA | Buy Order: 3902 | Sell Order: 3917 | Price: ₹1055.89 | Qty: 5 | Total: ₹5279.45
[2026-07-10 22:32:08] TRADE MATCHED: Ticker: TCS | Buy Order: 3914 | Sell Order: 3919 | Price: ₹3201.31 | Qty: 10 | Total: ₹32013.10
[2026-07-10 22:32:10] TRADE MATCHED: Ticker: HDFCBANK | Buy Order: 3835 | Sell Order: 3922 | Price: ₹1584.93 | Qty: 1 | Total: ₹1584.93
[2026-07-10 22:32:16] TRADE MATCHED: Ticker: TCS | Buy Order: 3925 | Sell Order: 3890 | Price: ₹3207.72 | Qty: 7 | Total: ₹22454.04
[2026-07-10 22:32:20] TRADE MATCHED: Ticker: TCS | Buy Order: 3914 | Sell Order: 3928 | Price: ₹3201.31 | Qty: 2 | Total: ₹6402.62
[2026-07-10 22:32:20] TRADE MATCHED: Ticker: TCS | Buy Order: 3888 | Sell Order: 3928 | Price: ₹3195.93 | Qty: 7 | Total: ₹22371.51
[2026-07-10 22:32:21] TRADE MATCHED: Ticker: SUNPHARMA | Buy Order: 3902 | Sell Order: 3929 | Price: ₹1055.89 | Qty: 3 | Total: ₹3167.67
[2026-07-10 22:32:21] TRADE MATCHED: Ticker: SUNPHARMA | Buy Order: 3313 | Sell Order: 3929 | Price: ₹1051.86 | Qty: 4 | Total: ₹4207.44
[2026-07-10 22:32:30] TRADE MATCHED: Ticker: TCS | Buy Order: 3901 | Sell Order: 3936 | Price: ₹3195.92 | Qty: 1 | Total: ₹3195.92
[2026-07-10 22:32:30] TRADE MATCHED: Ticker: TCS | Buy Order: 3926 | Sell Order: 3936 | Price: ₹3175.53 | Qty: 1 | Total: ₹3175.53
[2026-07-10 22:32:35] TRADE MATCHED: Ticker: SUNPHARMA | Buy Order: 3939 | Sell Order: 3930 | Price: ₹1054.47 | Qty: 10 | Total: ₹10544.70
[2026-07-10 22:32:36] TRADE MATCHED: Ticker: TATAMOTORS | Buy Order: 3866 | Sell Order: 3940 | Price: ₹630.16 | Qty: 8 | Total: ₹5041.28
[2026-07-10 22:32:36] TRADE MATCHED: Ticker: HDFCBANK | Buy Order: 3835 | Sell Order: 3941 | Price: ₹1584.93 | Qty: 1 | Total: ₹1584.93
[2026-07-10 22:32:36] TRADE MATCHED: Ticker: HDFCBANK | Buy Order: 3933 | Sell Order: 3941 | Price: ₹1584.14 | Qty: 7 | Total: ₹11088.98
[2026-07-10 22:32:39] TRADE MATCHED: Ticker: HDFCBANK | Buy Order: 3942 | Sell Order: 3943 | Price: ₹1586.67 | Qty: 2 | Total: ₹3173.34
[2026-07-10 22:32:56] TRADE MATCHED: Ticker: TATAMOTORS | Buy Order: 3955 | Sell Order: 3948 | Price: ₹632.55 | Qty: 4 | Total: ₹2530.20
[2026-07-10 22:32:56] TRADE MATCHED: Ticker: TATAMOTORS | Buy Order: 3955 | Sell Order: 3950 | Price: ₹636.32 | Qty: 6 | Total: ₹3817.92
[2026-07-10 22:32:56] TRADE MATCHED: Ticker: TATAMOTORS | Buy Order: 3955 | Sell Order: 3906 | Price: ₹639.76 | Qty: 3 | Total: ₹1919.28
[2026-07-10 22:33:04] TRADE MATCHED: Ticker: RELIANCE | Buy Order: 3932 | Sell Order: 3962 | Price: ₹2278.43 | Qty: 1 | Total: ₹2278.43
[2026-07-10 22:33:04] TRADE MATCHED: Ticker: RELIANCE | Buy Order: 3937 | Sell Order: 3962 | Price: ₹2271.52 | Qty: 1 | Total: ₹2271.52
[2026-07-10 22:33:06] TRADE MATCHED: Ticker: TATAMOTORS | Buy Order: 3961 | Sell Order: 3964 | Price: ₹639.02 | Qty: 3 | Total: ₹1917.06
[2026-07-10 22:33:07] TRADE MATCHED: Ticker: TATAMOTORS | Buy Order: 3961 | Sell Order: 3965 | Price: ₹639.02 | Qty: 8 | Total: ₹5112.16
[2026-07-10 22:33:10] TRADE MATCHED: Ticker: HDFCBANK | Buy Order: 3967 | Sell Order: 3944 | Price: ₹1587.66 | Qty: 10 | Total: ₹15876.60
[2026-07-10 22:33:10] TRADE MATCHED: Ticker: HDFCBANK | Buy Order: 3967 | Sell Order: 3333 | Price: ₹1595.92 | Qty: 1 | Total: ₹1595.92
[2026-07-10 22:33:11] TRADE MATCHED: Ticker: HDFCBANK | Buy Order: 3968 | Sell Order: 3333 | Price: ₹1595.92 | Qty: 4 | Total: ₹6383.68
[2026-07-10 22:33:11] TRADE MATCHED: Ticker: HDFCBANK | Buy Order: 3968 | Sell Order: 3077 | Price: ₹1595.96 | Qty: 11 | Total: ₹17555.56
[2026-07-10 22:33:12] TRADE MATCHED: Ticker: TATAMOTORS | Buy Order: 3866 | Sell Order: 3969 | Price: ₹630.16 | Qty: 1 | Total: ₹630.16
[2026-07-10 22:33:12] TRADE MATCHED: Ticker: TATAMOTORS | Buy Order: 3647 | Sell Order: 3969 | Price: ₹629.95 | Qty: 1 | Total: ₹629.95
[2026-07-10 22:33:14] TRADE MATCHED: Ticker: TATAMOTORS | Buy Order: 3970 | Sell Order: 3965 | Price: ₹635.21 | Qty: 1 | Total: ₹635.21
[2026-07-10 22:33:16] TRADE MATCHED: Ticker: RELIANCE | Buy Order: 3343 | Sell Order: 3971 | Price: ₹2266.25 | Qty: 7 | Total: ₹15863.75
[2026-07-10 22:33:22] TRADE MATCHED: Ticker: TATAMOTORS | Buy Order: 3970 | Sell Order: 3976 | Price: ₹638.24 | Qty: 7 | Total: ₹4467.68
[2026-07-10 22:33:23] TRADE MATCHED: Ticker: HDFCBANK | Buy Order: 3977 | Sell Order: 2518 | Price: ₹1595.99 | Qty: 2 | Total: ₹3191.98
[2026-07-10 22:33:25] TRADE MATCHED: Ticker: TCS | Buy Order: 3980 | Sell Order: 3974 | Price: ₹3181.03 | Qty: 3 | Total: ₹9543.09
[2026-07-10 22:33:26] TRADE MATCHED: Ticker: RELIANCE | Buy Order: 3981 | Sell Order: 3877 | Price: ₹2280.60 | Qty: 7 | Total: ₹15964.20
[2026-07-10 22:33:27] TRADE MATCHED: Ticker: RELIANCE | Buy Order: 3981 | Sell Order: 3952 | Price: ₹2290.35 | Qty: 6 | Total: ₹13742.10
[2026-07-10 22:33:29] TRADE MATCHED: Ticker: TCS | Buy Order: 3926 | Sell Order: 3982 | Price: ₹3175.53 | Qty: 9 | Total: ₹28579.77
[2026-07-10 22:33:29] TRADE MATCHED: Ticker: TCS | Buy Order: 3945 | Sell Order: 3982 | Price: ₹3164.90 | Qty: 2 | Total: ₹6329.80
[2026-07-10 22:33:31] TRADE MATCHED: Ticker: HDFCBANK | Buy Order: 3973 | Sell Order: 3984 | Price: ₹1591.88 | Qty: 5 | Total: ₹7959.40
[2026-07-10 22:33:31] TRADE MATCHED: Ticker: HDFCBANK | Buy Order: 3942 | Sell Order: 3984 | Price: ₹1586.67 | Qty: 6 | Total: ₹9520.02
[2026-07-10 22:33:33] TRADE MATCHED: Ticker: TATAMOTORS | Buy Order: 3986 | Sell Order: 3976 | Price: ₹636.17 | Qty: 4 | Total: ₹2544.68
[2026-07-10 22:33:33] TRADE MATCHED: Ticker: TATAMOTORS | Buy Order: 3986 | Sell Order: 3906 | Price: ₹639.76 | Qty: 9 | Total: ₹5757.84
[2026-07-10 22:33:34] TRADE MATCHED: Ticker: TATAMOTORS | Buy Order: 3986 | Sell Order: 3913 | Price: ₹640.62 | Qty: 2 | Total: ₹1281.24
[2026-07-10 22:33:35] TRADE MATCHED: Ticker: SUNPHARMA | Buy Order: 3987 | Sell Order: 3930 | Price: ₹1054.47 | Qty: 1 | Total: ₹1054.47
[2026-07-10 22:33:39] TRADE MATCHED: Ticker: TATAMOTORS | Buy Order: 3991 | Sell Order: 3913 | Price: ₹640.62 | Qty: 9 | Total: ₹5765.58
[2026-07-10 22:33:39] TRADE MATCHED: Ticker: TATAMOTORS | Buy Order: 3991 | Sell Order: 3989 | Price: ₹640.68 | Qty: 3 | Total: ₹1922.04
[2026-07-10 22:33:40] TRADE MATCHED: Ticker: HDFCBANK | Buy Order: 3942 | Sell Order: 3992 | Price: ₹1586.67 | Qty: 2 | Total: ₹3173.34
[2026-07-10 22:33:43] TRADE MATCHED: Ticker: RELIANCE | Buy Order: 3994 | Sell Order: 3952 | Price: ₹2290.35 | Qty: 9 | Total: ₹20613.15
[2026-07-10 22:33:43] TRADE MATCHED: Ticker: RELIANCE | Buy Order: 3994 | Sell Order: 3738 | Price: ₹2293.44 | Qty: 2 | Total: ₹4586.88
[2026-07-10 22:33:44] TRADE MATCHED: Ticker: HDFCBANK | Buy Order: 3995 | Sell Order: 2518 | Price: ₹1595.99 | Qty: 9 | Total: ₹14363.91
[2026-07-10 22:33:44] TRADE MATCHED: Ticker: HDFCBANK | Buy Order: 3995 | Sell Order: 1759 | Price: ₹1596.30 | Qty: 1 | Total: ₹1596.30
[2026-07-10 22:33:45] TRADE MATCHED: Ticker: RELIANCE | Buy Order: 3996 | Sell Order: 3738 | Price: ₹2293.44 | Qty: 3 | Total: ₹6880.32
[2026-07-10 22:33:49] TRADE MATCHED: Ticker: RELIANCE | Buy Order: 3999 | Sell Order: 3738 | Price: ₹2293.44 | Qty: 6 | Total: ₹13760.64
[2026-07-10 22:33:49] TRADE MATCHED: Ticker: RELIANCE | Buy Order: 3999 | Sell Order: 3978 | Price: ₹2295.36 | Qty: 3 | Total: ₹6886.08
[2026-07-10 22:33:53] TRADE MATCHED: Ticker: TATAMOTORS | Buy Order: 4002 | Sell Order: 4000 | Price: ₹639.77 | Qty: 6 | Total: ₹3838.62
[2026-07-10 22:33:53] TRADE MATCHED: Ticker: TATAMOTORS | Buy Order: 4002 | Sell Order: 3989 | Price: ₹640.68 | Qty: 1 | Total: ₹640.68
[2026-07-10 22:33:53] TRADE MATCHED: Ticker: TATAMOTORS | Buy Order: 4001 | Sell Order: 3989 | Price: ₹640.68 | Qty: 1 | Total: ₹640.68
[2026-07-10 22:33:54] TRADE MATCHED: Ticker: SUNPHARMA | Buy Order: 4003 | Sell Order: 3930 | Price: ₹1054.47 | Qty: 2 | Total: ₹2108.94
[2026-07-10 22:33:54] TRADE MATCHED: Ticker: SUNPHARMA | Buy Order: 4003 | Sell Order: 3957 | Price: ₹1054.75 | Qty: 2 | Total: ₹2109.50
[2026-07-10 22:33:54] TRADE MATCHED: Ticker: SUNPHARMA | Buy Order: 4003 | Sell Order: 3886 | Price: ₹1056.96 | Qty: 7 | Total: ₹7398.72
[2026-07-10 22:34:00] TRADE MATCHED: Ticker: HDFCBANK | Buy Order: 3993 | Sell Order: 4007 | Price: ₹1591.72 | Qty: 4 | Total: ₹6366.88
[2026-07-10 22:34:00] TRADE MATCHED: Ticker: HDFCBANK | Buy Order: 3933 | Sell Order: 4007 | Price: ₹1584.14 | Qty: 4 | Total: ₹6336.56
[2026-07-10 22:34:00] TRADE MATCHED: Ticker: HDFCBANK | Buy Order: 3990 | Sell Order: 4007 | Price: ₹1581.22 | Qty: 3 | Total: ₹4743.66
[2026-07-10 22:34:07] TRADE MATCHED: Ticker: SUNPHARMA | Buy Order: 3313 | Sell Order: 4012 | Price: ₹1051.86 | Qty: 5 | Total: ₹5259.30
[2026-07-10 22:34:08] TRADE MATCHED: Ticker: TCS | Buy Order: 3945 | Sell Order: 4014 | Price: ₹3164.90 | Qty: 1 | Total: ₹3164.90
[2026-07-10 22:34:12] TRADE MATCHED: Ticker: SUNPHARMA | Buy Order: 3313 | Sell Order: 4016 | Price: ₹1051.86 | Qty: 1 | Total: ₹1051.86
[2026-07-10 22:34:12] TRADE MATCHED: Ticker: SUNPHARMA | Buy Order: 3785 | Sell Order: 4016 | Price: ₹1051.50 | Qty: 1 | Total: ₹1051.50
[2026-07-10 22:34:12] TRADE MATCHED: Ticker: SUNPHARMA | Buy Order: 4013 | Sell Order: 4016 | Price: ₹1051.24 | Qty: 2 | Total: ₹2102.48
[2026-07-10 22:34:12] TRADE MATCHED: Ticker: SUNPHARMA | Buy Order: 3299 | Sell Order: 4016 | Price: ₹1050.98 | Qty: 2 | Total: ₹2101.96
[2026-07-10 22:34:12] TRADE MATCHED: Ticker: TCS | Buy Order: 4017 | Sell Order: 4015 | Price: ₹3167.86 | Qty: 5 | Total: ₹15839.30
[2026-07-10 22:34:18] TRADE MATCHED: Ticker: HDFCBANK | Buy Order: 3990 | Sell Order: 4019 | Price: ₹1581.22 | Qty: 1 | Total: ₹1581.22
[2026-07-10 22:34:18] TRADE MATCHED: Ticker: RELIANCE | Buy Order: 4020 | Sell Order: 3978 | Price: ₹2295.36 | Qty: 4 | Total: ₹9181.44
[2026-07-10 22:34:20] TRADE MATCHED: Ticker: SUNPHARMA | Buy Order: 3299 | Sell Order: 4021 | Price: ₹1050.98 | Qty: 4 | Total: ₹4203.92
[2026-07-10 22:34:20] TRADE MATCHED: Ticker: SUNPHARMA | Buy Order: 2541 | Sell Order: 4021 | Price: ₹1050.39 | Qty: 3 | Total: ₹3151.17
[2026-07-10 22:34:20] TRADE MATCHED: Ticker: TATAMOTORS | Buy Order: 4022 | Sell Order: 2483 | Price: ₹641.54 | Qty: 1 | Total: ₹641.54
[2026-07-10 22:34:20] TRADE MATCHED: Ticker: TATAMOTORS | Buy Order: 4022 | Sell Order: 3182 | Price: ₹641.56 | Qty: 8 | Total: ₹5132.48
[2026-07-10 22:34:23] TRADE MATCHED: Ticker: TATAMOTORS | Buy Order: 4001 | Sell Order: 4024 | Price: ₹641.47 | Qty: 1 | Total: ₹641.47
[2026-07-10 22:34:23] TRADE MATCHED: Ticker: TATAMOTORS | Buy Order: 4005 | Sell Order: 4024 | Price: ₹635.25 | Qty: 5 | Total: ₹3176.25
[2026-07-10 22:34:26] TRADE MATCHED: Ticker: TCS | Buy Order: 4017 | Sell Order: 4026 | Price: ₹3176.49 | Qty: 4 | Total: ₹12705.96
[2026-07-10 22:34:26] TRADE MATCHED: Ticker: TCS | Buy Order: 3945 | Sell Order: 4026 | Price: ₹3164.90 | Qty: 1 | Total: ₹3164.90
[2026-07-10 22:34:26] TRADE MATCHED: Ticker: TCS | Buy Order: 3771 | Sell Order: 4026 | Price: ₹3163.96 | Qty: 4 | Total: ₹12655.84
[2026-07-10 22:34:26] TRADE MATCHED: Ticker: TCS | Buy Order: 3839 | Sell Order: 4026 | Price: ₹3162.49 | Qty: 2 | Total: ₹6324.98
[2026-07-10 22:34:26] TRADE MATCHED: Ticker: TCS | Buy Order: 2246 | Sell Order: 4026 | Price: ₹3161.89 | Qty: 3 | Total: ₹9485.67
[2026-07-10 22:34:27] TRADE MATCHED: Ticker: TCS | Buy Order: 4027 | Sell Order: 3974 | Price: ₹3181.03 | Qty: 1 | Total: ₹3181.03
[2026-07-10 22:34:27] TRADE MATCHED: Ticker: TCS | Buy Order: 2246 | Sell Order: 4028 | Price: ₹3161.89 | Qty: 3 | Total: ₹9485.67
[2026-07-10 22:34:27] TRADE MATCHED: Ticker: TCS | Buy Order: 2032 | Sell Order: 4028 | Price: ₹3161.64 | Qty: 1 | Total: ₹3161.64
[2026-07-10 22:34:29] TRADE MATCHED: Ticker: TCS | Buy Order: 4029 | Sell Order: 3974 | Price: ₹3181.03 | Qty: 2 | Total: ₹6362.06
[2026-07-10 22:34:29] TRADE MATCHED: Ticker: TCS | Buy Order: 4030 | Sell Order: 3974 | Price: ₹3181.03 | Qty: 5 | Total: ₹15905.15
[2026-07-10 22:34:33] TRADE MATCHED: Ticker: RELIANCE | Buy Order: 4031 | Sell Order: 3978 | Price: ₹2295.36 | Qty: 3 | Total: ₹6886.08
[2026-07-10 22:34:33] TRADE MATCHED: Ticker: RELIANCE | Buy Order: 4031 | Sell Order: 4009 | Price: ₹2301.41 | Qty: 8 | Total: ₹18411.28
[2026-07-10 22:34:34] TRADE MATCHED: Ticker: SUNPHARMA | Buy Order: 2541 | Sell Order: 4033 | Price: ₹1050.39 | Qty: 1 | Total: ₹1050.39
[2026-07-10 22:34:34] TRADE MATCHED: Ticker: SUNPHARMA | Buy Order: 3173 | Sell Order: 4033 | Price: ₹1050.23 | Qty: 1 | Total: ₹1050.23
[2026-07-10 22:34:39] TRADE MATCHED: Ticker: TATAMOTORS | Buy Order: 4037 | Sell Order: 4024 | Price: ₹631.04 | Qty: 5 | Total: ₹3155.20
[2026-07-10 22:34:39] TRADE MATCHED: Ticker: TATAMOTORS | Buy Order: 4037 | Sell Order: 3182 | Price: ₹641.56 | Qty: 3 | Total: ₹1924.68
[2026-07-10 22:34:40] TRADE MATCHED: Ticker: TATAMOTORS | Buy Order: 4038 | Sell Order: 3182 | Price: ₹641.56 | Qty: 2 | Total: ₹1283.12
[2026-07-10 22:34:40] TRADE MATCHED: Ticker: TATAMOTORS | Buy Order: 4038 | Sell Order: 2881 | Price: ₹641.61 | Qty: 7 | Total: ₹4491.27
[2026-07-10 22:34:40] TRADE MATCHED: Ticker: TATAMOTORS | Buy Order: 4038 | Sell Order: 2847 | Price: ₹641.84 | Qty: 1 | Total: ₹641.84
[2026-07-10 22:34:49] TRADE MATCHED: Ticker: RELIANCE | Buy Order: 4044 | Sell Order: 4009 | Price: ₹2301.41 | Qty: 1 | Total: ₹2301.41
[2026-07-10 22:34:52] TRADE MATCHED: Ticker: HDFCBANK | Buy Order: 4042 | Sell Order: 4048 | Price: ₹1586.12 | Qty: 11 | Total: ₹17447.32
[2026-07-10 22:34:52] TRADE MATCHED: Ticker: HDFCBANK | Buy Order: 3990 | Sell Order: 4048 | Price: ₹1581.22 | Qty: 4 | Total: ₹6324.88
[2026-07-10 22:34:53] TRADE MATCHED: Ticker: SUNPHARMA | Buy Order: 3173 | Sell Order: 4049 | Price: ₹1050.23 | Qty: 3 | Total: ₹3150.69
[2026-07-10 22:34:55] TRADE MATCHED: Ticker: TATAMOTORS | Buy Order: 4039 | Sell Order: 4050 | Price: ₹634.63 | Qty: 1 | Total: ₹634.63
[2026-07-10 22:35:06] TRADE MATCHED: Ticker: TATAMOTORS | Buy Order: 4051 | Sell Order: 4059 | Price: ₹638.89 | Qty: 1 | Total: ₹638.89
[2026-07-10 22:35:09] TRADE MATCHED: Ticker: TCS | Buy Order: 4054 | Sell Order: 4062 | Price: ₹3165.64 | Qty: 6 | Total: ₹18993.84
[2026-07-10 22:35:11] TRADE MATCHED: Ticker: TATAMOTORS | Buy Order: 4064 | Sell Order: 4059 | Price: ₹635.25 | Qty: 10 | Total: ₹6352.50
[2026-07-10 22:35:13] TRADE MATCHED: Ticker: HDFCBANK | Buy Order: 3990 | Sell Order: 4066 | Price: ₹1581.22 | Qty: 2 | Total: ₹3162.44
[2026-07-10 22:35:18] TRADE MATCHED: Ticker: RELIANCE | Buy Order: 4067 | Sell Order: 4055 | Price: ₹2297.54 | Qty: 1 | Total: ₹2297.54
[2026-07-10 22:35:18] TRADE MATCHED: Ticker: SUNPHARMA | Buy Order: 4069 | Sell Order: 3886 | Price: ₹1056.96 | Qty: 2 | Total: ₹2113.92
[2026-07-10 22:35:21] TRADE MATCHED: Ticker: TATAMOTORS | Buy Order: 4072 | Sell Order: 2847 | Price: ₹641.84 | Qty: 11 | Total: ₹7060.24
[2026-07-10 22:35:22] TRADE MATCHED: Ticker: TATAMOTORS | Buy Order: 4073 | Sell Order: 2847 | Price: ₹641.84 | Qty: 3 | Total: ₹1925.52
[2026-07-10 22:35:23] TRADE MATCHED: Ticker: TATAMOTORS | Buy Order: 4073 | Sell Order: 3293 | Price: ₹641.90 | Qty: 7 | Total: ₹4493.30
[2026-07-10 22:35:23] TRADE MATCHED: Ticker: HDFCBANK | Buy Order: 4074 | Sell Order: 4011 | Price: ₹1593.58 | Qty: 7 | Total: ₹11155.06
[2026-07-10 22:35:25] TRADE MATCHED: Ticker: TCS | Buy Order: 4076 | Sell Order: 4035 | Price: ₹3171.42 | Qty: 2 | Total: ₹6342.84
[2026-07-10 22:35:25] TRADE MATCHED: Ticker: TCS | Buy Order: 4076 | Sell Order: 3974 | Price: ₹3181.03 | Qty: 3 | Total: ₹9543.09
[2026-07-10 22:35:26] TRADE MATCHED: Ticker: TCS | Buy Order: 4076 | Sell Order: 3953 | Price: ₹3184.98 | Qty: 3 | Total: ₹9554.94
[2026-07-10 22:35:33] TRADE MATCHED: Ticker: RELIANCE | Buy Order: 4081 | Sell Order: 4055 | Price: ₹2297.54 | Qty: 7 | Total: ₹16082.78
[2026-07-10 22:35:34] TRADE MATCHED: Ticker: RELIANCE | Buy Order: 4043 | Sell Order: 4082 | Price: ₹2288.42 | Qty: 5 | Total: ₹11442.10
[2026-07-10 22:35:39] TRADE MATCHED: Ticker: RELIANCE | Buy Order: 4085 | Sell Order: 4055 | Price: ₹2297.54 | Qty: 3 | Total: ₹6892.62
[2026-07-10 22:35:39] TRADE MATCHED: Ticker: RELIANCE | Buy Order: 4085 | Sell Order: 4009 | Price: ₹2301.41 | Qty: 3 | Total: ₹6904.23
[2026-07-10 22:35:39] TRADE MATCHED: Ticker: RELIANCE | Buy Order: 4085 | Sell Order: 3189 | Price: ₹2309.92 | Qty: 4 | Total: ₹9239.68
[2026-07-10 22:35:45] TRADE MATCHED: Ticker: HDFCBANK | Buy Order: 4092 | Sell Order: 1759 | Price: ₹1596.30 | Qty: 1 | Total: ₹1596.30
[2026-07-10 22:35:45] TRADE MATCHED: Ticker: HDFCBANK | Buy Order: 4092 | Sell Order: 1755 | Price: ₹1596.72 | Qty: 3 | Total: ₹4790.16
[2026-07-10 22:35:45] TRADE MATCHED: Ticker: HDFCBANK | Buy Order: 4092 | Sell Order: 3407 | Price: ₹1597.26 | Qty: 4 | Total: ₹6389.04
[2026-07-10 22:35:58] TRADE MATCHED: Ticker: TCS | Buy Order: 4102 | Sell Order: 4097 | Price: ₹3177.32 | Qty: 13 | Total: ₹41305.16
[2026-07-10 22:36:00] TRADE MATCHED: Ticker: SUNPHARMA | Buy Order: 4103 | Sell Order: 3886 | Price: ₹1056.96 | Qty: 4 | Total: ₹4227.84
[2026-07-10 22:36:00] TRADE MATCHED: Ticker: SUNPHARMA | Buy Order: 4103 | Sell Order: 4099 | Price: ₹1057.49 | Qty: 5 | Total: ₹5287.45
[2026-07-10 22:36:00] TRADE MATCHED: Ticker: SUNPHARMA | Buy Order: 4103 | Sell Order: 4065 | Price: ₹1058.43 | Qty: 5 | Total: ₹5292.15
[2026-07-10 22:36:03] TRADE MATCHED: Ticker: HDFCBANK | Buy Order: 4104 | Sell Order: 3407 | Price: ₹1597.26 | Qty: 3 | Total: ₹4791.78
[2026-07-10 22:36:03] TRADE MATCHED: Ticker: HDFCBANK | Buy Order: 4104 | Sell Order: 749 | Price: ₹1597.30 | Qty: 1 | Total: ₹1597.30
[2026-07-10 22:36:03] TRADE MATCHED: Ticker: HDFCBANK | Buy Order: 4104 | Sell Order: 2294 | Price: ₹1597.31 | Qty: 8 | Total: ₹12778.48
[2026-07-10 22:36:04] TRADE MATCHED: Ticker: HDFCBANK | Buy Order: 4104 | Sell Order: 2946 | Price: ₹1597.33 | Qty: 3 | Total: ₹4791.99
[2026-07-10 22:36:07] TRADE MATCHED: Ticker: TCS | Buy Order: 4101 | Sell Order: 4109 | Price: ₹3172.97 | Qty: 1 | Total: ₹3172.97
[2026-07-10 22:36:09] TRADE MATCHED: Ticker: TATAMOTORS | Buy Order: 4111 | Sell Order: 3293 | Price: ₹641.90 | Qty: 4 | Total: ₹2567.60
[2026-07-10 22:36:09] TRADE MATCHED: Ticker: TATAMOTORS | Buy Order: 4111 | Sell Order: 1725 | Price: ₹642.15 | Qty: 1 | Total: ₹642.15
[2026-07-10 22:36:10] TRADE MATCHED: Ticker: TCS | Buy Order: 4054 | Sell Order: 4112 | Price: ₹3165.64 | Qty: 3 | Total: ₹9496.92
[2026-07-10 22:36:10] TRADE MATCHED: Ticker: TCS | Buy Order: 2304 | Sell Order: 4112 | Price: ₹3161.51 | Qty: 8 | Total: ₹25292.08
[2026-07-10 22:36:12] TRADE MATCHED: Ticker: HDFCBANK | Buy Order: 4096 | Sell Order: 4115 | Price: ₹1596.53 | Qty: 1 | Total: ₹1596.53
[2026-07-10 22:36:16] TRADE MATCHED: Ticker: HDFCBANK | Buy Order: 4118 | Sell Order: 4117 | Price: ₹1591.51 | Qty: 3 | Total: ₹4774.53
[2026-07-10 22:36:16] TRADE MATCHED: Ticker: HDFCBANK | Buy Order: 4096 | Sell Order: 4117 | Price: ₹1596.53 | Qty: 2 | Total: ₹3193.06
[2026-07-10 22:36:16] TRADE MATCHED: Ticker: HDFCBANK | Buy Order: 4098 | Sell Order: 4117 | Price: ₹1592.08 | Qty: 3 | Total: ₹4776.24
[2026-07-10 22:36:19] TRADE MATCHED: Ticker: TCS | Buy Order: 2304 | Sell Order: 4121 | Price: ₹3161.51 | Qty: 1 | Total: ₹3161.51
[2026-07-10 22:36:19] TRADE MATCHED: Ticker: TCS | Buy Order: 1931 | Sell Order: 4121 | Price: ₹3161.31 | Qty: 6 | Total: ₹18967.86
[2026-07-10 22:36:21] TRADE MATCHED: Ticker: TCS | Buy Order: 1931 | Sell Order: 4122 | Price: ₹3161.31 | Qty: 3 | Total: ₹9483.93
[2026-07-10 22:36:21] TRADE MATCHED: Ticker: TCS | Buy Order: 3963 | Sell Order: 4122 | Price: ₹3161.14 | Qty: 9 | Total: ₹28450.26
[2026-07-10 22:36:21] TRADE MATCHED: Ticker: TCS | Buy Order: 2132 | Sell Order: 4122 | Price: ₹3161.13 | Qty: 3 | Total: ₹9483.39
[2026-07-10 22:36:23] TRADE MATCHED: Ticker: TCS | Buy Order: 2132 | Sell Order: 4123 | Price: ₹3161.13 | Qty: 1 | Total: ₹3161.13
[2026-07-10 22:36:28] TRADE MATCHED: Ticker: RELIANCE | Buy Order: 4091 | Sell Order: 4127 | Price: ₹2294.46 | Qty: 14 | Total: ₹32122.44
[2026-07-10 22:36:30] TRADE MATCHED: Ticker: HDFCBANK | Buy Order: 4098 | Sell Order: 4129 | Price: ₹1592.08 | Qty: 12 | Total: ₹19104.96
[2026-07-10 22:36:33] TRADE MATCHED: Ticker: TCS | Buy Order: 2132 | Sell Order: 4131 | Price: ₹3161.13 | Qty: 5 | Total: ₹15805.65
[2026-07-10 22:36:33] TRADE MATCHED: Ticker: TCS | Buy Order: 1593 | Sell Order: 4131 | Price: ₹3161.11 | Qty: 2 | Total: ₹6322.22
[2026-07-10 22:36:33] TRADE MATCHED: Ticker: TCS | Buy Order: 2449 | Sell Order: 4131 | Price: ₹3160.90 | Qty: 2 | Total: ₹6321.80
[2026-07-10 22:36:33] TRADE MATCHED: Ticker: HDFCBANK | Buy Order: 4133 | Sell Order: 2946 | Price: ₹1597.33 | Qty: 6 | Total: ₹9583.98
[2026-07-10 22:36:34] TRADE MATCHED: Ticker: HDFCBANK | Buy Order: 4133 | Sell Order: 2693 | Price: ₹1597.61 | Qty: 4 | Total: ₹6390.44
[2026-07-10 22:36:34] TRADE MATCHED: Ticker: HDFCBANK | Buy Order: 4133 | Sell Order: 1259 | Price: ₹1597.85 | Qty: 1 | Total: ₹1597.85
[2026-07-10 22:36:35] TRADE MATCHED: Ticker: RELIANCE | Buy Order: 4134 | Sell Order: 4110 | Price: ₹2298.71 | Qty: 3 | Total: ₹6896.13
[2026-07-10 22:36:38] TRADE MATCHED: Ticker: SUNPHARMA | Buy Order: 4135 | Sell Order: 4114 | Price: ₹1056.61 | Qty: 6 | Total: ₹6339.66
[2026-07-10 22:36:38] TRADE MATCHED: Ticker: TATAMOTORS | Buy Order: 4136 | Sell Order: 1725 | Price: ₹642.15 | Qty: 5 | Total: ₹3210.75
[2026-07-10 22:36:38] TRADE MATCHED: Ticker: TATAMOTORS | Buy Order: 4136 | Sell Order: 1747 | Price: ₹642.18 | Qty: 2 | Total: ₹1284.36
[2026-07-10 22:36:41] TRADE MATCHED: Ticker: TATAMOTORS | Buy Order: 4139 | Sell Order: 2497 | Price: ₹642.20 | Qty: 8 | Total: ₹5137.60
[2026-07-10 22:36:42] TRADE MATCHED: Ticker: TATAMOTORS | Buy Order: 4139 | Sell Order: 721 | Price: ₹642.21 | Qty: 2 | Total: ₹1284.42
[2026-07-10 22:36:45] TRADE MATCHED: Ticker: TCS | Buy Order: 4141 | Sell Order: 4095 | Price: ₹3180.92 | Qty: 8 | Total: ₹25447.36
[2026-07-10 22:36:46] TRADE MATCHED: Ticker: RELIANCE | Buy Order: 3988 | Sell Order: 4142 | Price: ₹2276.46 | Qty: 4 | Total: ₹9105.84
[2026-07-10 22:36:53] TRADE MATCHED: Ticker: RELIANCE | Buy Order: 3988 | Sell Order: 4147 | Price: ₹2276.46 | Qty: 6 | Total: ₹13658.76
[2026-07-10 22:36:53] TRADE MATCHED: Ticker: RELIANCE | Buy Order: 3343 | Sell Order: 4147 | Price: ₹2266.25 | Qty: 1 | Total: ₹2266.25
[2026-07-10 22:36:53] TRADE MATCHED: Ticker: RELIANCE | Buy Order: 3230 | Sell Order: 4147 | Price: ₹2265.87 | Qty: 1 | Total: ₹2265.87
[2026-07-10 22:36:54] TRADE MATCHED: Ticker: TCS | Buy Order: 4148 | Sell Order: 3953 | Price: ₹3184.98 | Qty: 6 | Total: ₹19109.88
[2026-07-10 22:36:54] TRADE MATCHED: Ticker: TCS | Buy Order: 4148 | Sell Order: 4071 | Price: ₹3190.73 | Qty: 4 | Total: ₹12762.92
[2026-07-10 22:36:56] TRADE MATCHED: Ticker: HDFCBANK | Buy Order: 4151 | Sell Order: 1259 | Price: ₹1597.85 | Qty: 8 | Total: ₹12782.80
[2026-07-10 22:36:56] TRADE MATCHED: Ticker: HDFCBANK | Buy Order: 4151 | Sell Order: 1263 | Price: ₹1597.90 | Qty: 1 | Total: ₹1597.90
[2026-07-10 22:36:57] TRADE MATCHED: Ticker: TATAMOTORS | Buy Order: 4152 | Sell Order: 721 | Price: ₹642.21 | Qty: 2 | Total: ₹1284.42
[2026-07-10 22:36:57] TRADE MATCHED: Ticker: TATAMOTORS | Buy Order: 4152 | Sell Order: 3891 | Price: ₹642.56 | Qty: 9 | Total: ₹5783.04
[2026-07-10 22:37:09] TRADE MATCHED: Ticker: HDFCBANK | Buy Order: 4156 | Sell Order: 4160 | Price: ₹1585.74 | Qty: 2 | Total: ₹3171.48
[2026-07-10 22:37:09] TRADE MATCHED: Ticker: HDFCBANK | Buy Order: 3990 | Sell Order: 4160 | Price: ₹1581.22 | Qty: 1 | Total: ₹1581.22
[2026-07-10 22:37:11] TRADE MATCHED: Ticker: TCS | Buy Order: 4163 | Sell Order: 4071 | Price: ₹3190.73 | Qty: 7 | Total: ₹22335.11
[2026-07-10 22:37:13] TRADE MATCHED: Ticker: HDFCBANK | Buy Order: 4164 | Sell Order: 4160 | Price: ₹1580.75 | Qty: 3 | Total: ₹4742.25
[2026-07-10 22:37:18] TRADE MATCHED: Ticker: RELIANCE | Buy Order: 4165 | Sell Order: 4167 | Price: ₹2272.01 | Qty: 2 | Total: ₹4544.02
[2026-07-10 22:37:18] TRADE MATCHED: Ticker: RELIANCE | Buy Order: 4166 | Sell Order: 4167 | Price: ₹2265.56 | Qty: 3 | Total: ₹6796.68
[2026-07-10 22:37:18] TRADE MATCHED: Ticker: RELIANCE | Buy Order: 2739 | Sell Order: 4167 | Price: ₹2265.52 | Qty: 9 | Total: ₹20389.68
[2026-07-10 22:37:18] TRADE MATCHED: Ticker: RELIANCE | Buy Order: 4169 | Sell Order: 4140 | Price: ₹2277.35 | Qty: 6 | Total: ₹13664.10
[2026-07-10 22:37:21] TRADE MATCHED: Ticker: SUNPHARMA | Buy Order: 4058 | Sell Order: 4170 | Price: ₹1055.04 | Qty: 7 | Total: ₹7385.28
[2026-07-10 22:37:21] TRADE MATCHED: Ticker: SUNPHARMA | Buy Order: 4070 | Sell Order: 4170 | Price: ₹1052.78 | Qty: 3 | Total: ₹3158.34
[2026-07-10 22:37:21] TRADE MATCHED: Ticker: SUNPHARMA | Buy Order: 4063 | Sell Order: 4170 | Price: ₹1051.42 | Qty: 2 | Total: ₹2102.84
[2026-07-10 22:37:23] TRADE MATCHED: Ticker: TCS | Buy Order: 4173 | Sell Order: 4071 | Price: ₹3190.73 | Qty: 3 | Total: ₹9572.19
[2026-07-10 22:37:23] TRADE MATCHED: Ticker: TCS | Buy Order: 4173 | Sell Order: 4052 | Price: ₹3193.73 | Qty: 10 | Total: ₹31937.30
[2026-07-10 22:37:24] TRADE MATCHED: Ticker: SUNPHARMA | Buy Order: 4063 | Sell Order: 4174 | Price: ₹1051.42 | Qty: 2 | Total: ₹2102.84
[2026-07-10 22:37:26] TRADE MATCHED: Ticker: TATAMOTORS | Buy Order: 4176 | Sell Order: 3891 | Price: ₹642.56 | Qty: 5 | Total: ₹3212.80
[2026-07-10 22:37:26] TRADE MATCHED: Ticker: TATAMOTORS | Buy Order: 4176 | Sell Order: 644 | Price: ₹642.72 | Qty: 6 | Total: ₹3856.32
[2026-07-10 22:37:27] TRADE MATCHED: Ticker: TATAMOTORS | Buy Order: 4176 | Sell Order: 3328 | Price: ₹642.72 | Qty: 3 | Total: ₹1928.16
[2026-07-10 22:37:28] TRADE MATCHED: Ticker: SUNPHARMA | Buy Order: 4179 | Sell Order: 4114 | Price: ₹1056.61 | Qty: 5 | Total: ₹5283.05
[2026-07-10 22:37:28] TRADE MATCHED: Ticker: SUNPHARMA | Buy Order: 4179 | Sell Order: 4065 | Price: ₹1058.43 | Qty: 3 | Total: ₹3175.29
[2026-07-10 22:37:33] TRADE MATCHED: Ticker: TATAMOTORS | Buy Order: 4182 | Sell Order: 3328 | Price: ₹642.72 | Qty: 1 | Total: ₹642.72
[2026-07-10 22:37:33] TRADE MATCHED: Ticker: TATAMOTORS | Buy Order: 4182 | Sell Order: 2086 | Price: ₹642.78 | Qty: 9 | Total: ₹5785.02
[2026-07-10 22:37:35] TRADE MATCHED: Ticker: TCS | Buy Order: 4183 | Sell Order: 4178 | Price: ₹3185.85 | Qty: 9 | Total: ₹28672.65
[2026-07-10 22:37:40] TRADE MATCHED: Ticker: TATAMOTORS | Buy Order: 4187 | Sell Order: 2086 | Price: ₹642.78 | Qty: 2 | Total: ₹1285.56
[2026-07-10 22:37:41] TRADE MATCHED: Ticker: TCS | Buy Order: 4189 | Sell Order: 4178 | Price: ₹3185.85 | Qty: 4 | Total: ₹12743.40
[2026-07-10 22:37:46] TRADE MATCHED: Ticker: SUNPHARMA | Buy Order: 4194 | Sell Order: 4065 | Price: ₹1058.43 | Qty: 3 | Total: ₹3175.29
[2026-07-10 22:37:46] TRADE MATCHED: Ticker: SUNPHARMA | Buy Order: 4194 | Sell Order: 3820 | Price: ₹1059.07 | Qty: 3 | Total: ₹3177.21
[2026-07-10 22:37:47] TRADE MATCHED: Ticker: SUNPHARMA | Buy Order: 4194 | Sell Order: 4149 | Price: ₹1059.11 | Qty: 8 | Total: ₹8472.88
[2026-07-10 22:37:49] TRADE MATCHED: Ticker: SUNPHARMA | Buy Order: 4177 | Sell Order: 4195 | Price: ₹1056.15 | Qty: 5 | Total: ₹5280.75
[2026-07-10 22:37:50] TRADE MATCHED: Ticker: HDFCBANK | Buy Order: 3997 | Sell Order: 4196 | Price: ₹1579.34 | Qty: 8 | Total: ₹12634.72
[2026-07-10 22:37:50] TRADE MATCHED: Ticker: HDFCBANK | Buy Order: 4041 | Sell Order: 4196 | Price: ₹1578.90 | Qty: 2 | Total: ₹3157.80
[2026-07-10 22:37:55] TRADE MATCHED: Ticker: TATAMOTORS | Buy Order: 4155 | Sell Order: 4199 | Price: ₹641.15 | Qty: 6 | Total: ₹3846.90
[2026-07-10 22:37:59] TRADE MATCHED: Ticker: SUNPHARMA | Buy Order: 4177 | Sell Order: 4203 | Price: ₹1056.15 | Qty: 3 | Total: ₹3168.45
[2026-07-10 22:37:59] TRADE MATCHED: Ticker: SUNPHARMA | Buy Order: 4193 | Sell Order: 4203 | Price: ₹1054.61 | Qty: 9 | Total: ₹9491.49
[2026-07-10 22:38:00] TRADE MATCHED: Ticker: TCS | Buy Order: 4204 | Sell Order: 4178 | Price: ₹3185.85 | Qty: 1 | Total: ₹3185.85
[2026-07-10 22:38:03] TRADE MATCHED: Ticker: RELIANCE | Buy Order: 4206 | Sell Order: 4110 | Price: ₹2298.71 | Qty: 4 | Total: ₹9194.84
[2026-07-10 22:38:04] TRADE MATCHED: Ticker: HDFCBANK | Buy Order: 4138 | Sell Order: 4205 | Price: ₹1578.23 | Qty: 5 | Total: ₹7891.15
[2026-07-10 22:38:09] TRADE MATCHED: Ticker: TATAMOTORS | Buy Order: 4212 | Sell Order: 2086 | Price: ₹642.78 | Qty: 2 | Total: ₹1285.56
[2026-07-10 22:38:12] TRADE MATCHED: Ticker: TCS | Buy Order: 4201 | Sell Order: 4214 | Price: ₹3162.47 | Qty: 4 | Total: ₹12649.88
[2026-07-10 22:38:21] TRADE MATCHED: Ticker: SUNPHARMA | Buy Order: 4193 | Sell Order: 4219 | Price: ₹1054.61 | Qty: 3 | Total: ₹3163.83
[2026-07-10 22:38:21] TRADE MATCHED: Ticker: SUNPHARMA | Buy Order: 4063 | Sell Order: 4219 | Price: ₹1051.42 | Qty: 4 | Total: ₹4205.68
[2026-07-10 22:38:22] TRADE MATCHED: Ticker: HDFCBANK | Buy Order: 4218 | Sell Order: 4220 | Price: ₹1580.06 | Qty: 2 | Total: ₹3160.12
[2026-07-10 22:38:22] TRADE MATCHED: Ticker: HDFCBANK | Buy Order: 4138 | Sell Order: 4220 | Price: ₹1578.23 | Qty: 2 | Total: ₹3156.46
[2026-07-10 22:38:22] TRADE MATCHED: Ticker: HDFCBANK | Buy Order: 3956 | Sell Order: 4220 | Price: ₹1577.80 | Qty: 7 | Total: ₹11044.60
[2026-07-10 22:38:22] TRADE MATCHED: Ticker: HDFCBANK | Buy Order: 4093 | Sell Order: 4220 | Price: ₹1577.03 | Qty: 1 | Total: ₹1577.03
[2026-07-10 22:38:26] TRADE MATCHED: Ticker: TATAMOTORS | Buy Order: 4064 | Sell Order: 4223 | Price: ₹640.22 | Qty: 5 | Total: ₹3201.10
[2026-07-10 22:38:26] TRADE MATCHED: Ticker: TATAMOTORS | Buy Order: 4124 | Sell Order: 4223 | Price: ₹640.18 | Qty: 4 | Total: ₹2560.72
[2026-07-10 22:38:26] TRADE MATCHED: Ticker: TATAMOTORS | Buy Order: 4077 | Sell Order: 4223 | Price: ₹636.66 | Qty: 4 | Total: ₹2546.64
[2026-07-10 22:38:27] TRADE MATCHED: Ticker: SUNPHARMA | Buy Order: 4224 | Sell Order: 4149 | Price: ₹1059.11 | Qty: 2 | Total: ₹2118.22
[2026-07-10 22:38:29] TRADE MATCHED: Ticker: TCS | Buy Order: 4201 | Sell Order: 4226 | Price: ₹3162.47 | Qty: 1 | Total: ₹3162.47
[2026-07-10 22:38:29] TRADE MATCHED: Ticker: TCS | Buy Order: 2449 | Sell Order: 4226 | Price: ₹3160.90 | Qty: 3 | Total: ₹9482.70
[2026-07-10 22:38:30] TRADE MATCHED: Ticker: SUNPHARMA | Buy Order: 4063 | Sell Order: 4228 | Price: ₹1051.42 | Qty: 3 | Total: ₹3154.26
[2026-07-10 22:38:37] TRADE MATCHED: Ticker: RELIANCE | Buy Order: 4206 | Sell Order: 4233 | Price: ₹2299.58 | Qty: 8 | Total: ₹18396.64
[2026-07-10 22:38:37] TRADE MATCHED: Ticker: RELIANCE | Buy Order: 4171 | Sell Order: 4233 | Price: ₹2298.61 | Qty: 5 | Total: ₹11493.05
[2026-07-10 22:38:42] TRADE MATCHED: Ticker: TCS | Buy Order: 2449 | Sell Order: 4236 | Price: ₹3160.90 | Qty: 8 | Total: ₹25287.20
[2026-07-10 22:38:42] TRADE MATCHED: Ticker: TCS | Buy Order: 2651 | Sell Order: 4236 | Price: ₹3159.61 | Qty: 1 | Total: ₹3159.61
[2026-07-10 22:38:42] TRADE MATCHED: Ticker: RELIANCE | Buy Order: 4171 | Sell Order: 4237 | Price: ₹2298.61 | Qty: 4 | Total: ₹9194.44
[2026-07-10 22:38:42] TRADE MATCHED: Ticker: RELIANCE | Buy Order: 4169 | Sell Order: 4237 | Price: ₹2281.44 | Qty: 2 | Total: ₹4562.88
[2026-07-10 22:38:45] TRADE MATCHED: Ticker: RELIANCE | Buy Order: 4169 | Sell Order: 4240 | Price: ₹2281.44 | Qty: 6 | Total: ₹13688.64
[2026-07-10 22:38:48] TRADE MATCHED: Ticker: HDFCBANK | Buy Order: 4093 | Sell Order: 4242 | Price: ₹1577.03 | Qty: 7 | Total: ₹11039.21
[2026-07-10 22:38:48] TRADE MATCHED: Ticker: HDFCBANK | Buy Order: 3720 | Sell Order: 4242 | Price: ₹1576.78 | Qty: 8 | Total: ₹12614.24
[2026-07-10 22:38:51] TRADE MATCHED: Ticker: TCS | Buy Order: 4244 | Sell Order: 4235 | Price: ₹3161.70 | Qty: 5 | Total: ₹15808.50
[2026-07-10 22:38:54] TRADE MATCHED: Ticker: TATAMOTORS | Buy Order: 4246 | Sell Order: 4245 | Price: ₹638.61 | Qty: 10 | Total: ₹6386.10
[2026-07-10 22:38:55] TRADE MATCHED: Ticker: TCS | Buy Order: 2651 | Sell Order: 4247 | Price: ₹3159.61 | Qty: 3 | Total: ₹9478.83
[2026-07-10 22:38:55] TRADE MATCHED: Ticker: TCS | Buy Order: 4159 | Sell Order: 4247 | Price: ₹3159.43 | Qty: 8 | Total: ₹25275.44
[2026-07-10 22:38:56] TRADE MATCHED: Ticker: TATAMOTORS | Buy Order: 4249 | Sell Order: 4245 | Price: ₹638.61 | Qty: 2 | Total: ₹1277.22
[2026-07-10 22:38:58] TRADE MATCHED: Ticker: TCS | Buy Order: 4250 | Sell Order: 4235 | Price: ₹3161.70 | Qty: 1 | Total: ₹3161.70
[2026-07-10 22:39:00] TRADE MATCHED: Ticker: TATAMOTORS | Buy Order: 4252 | Sell Order: 4222 | Price: ₹642.51 | Qty: 13 | Total: ₹8352.63
[2026-07-10 22:39:00] TRADE MATCHED: Ticker: TATAMOTORS | Buy Order: 4252 | Sell Order: 3760 | Price: ₹642.82 | Qty: 1 | Total: ₹642.82
[2026-07-10 22:39:00] TRADE MATCHED: Ticker: RELIANCE | Buy Order: 4229 | Sell Order: 4253 | Price: ₹2278.92 | Qty: 2 | Total: ₹4557.84
[2026-07-10 22:39:03] TRADE MATCHED: Ticker: RELIANCE | Buy Order: 4255 | Sell Order: 4253 | Price: ₹2272.44 | Qty: 2 | Total: ₹4544.88
[2026-07-10 22:39:09] TRADE MATCHED: Ticker: SUNPHARMA | Buy Order: 4234 | Sell Order: 4259 | Price: ₹1059.16 | Qty: 11 | Total: ₹11650.76
[2026-07-10 22:39:09] TRADE MATCHED: Ticker: SUNPHARMA | Buy Order: 4063 | Sell Order: 4259 | Price: ₹1051.42 | Qty: 3 | Total: ₹3154.26
[2026-07-10 22:39:11] TRADE MATCHED: Ticker: SUNPHARMA | Buy Order: 4260 | Sell Order: 3934 | Price: ₹1059.22 | Qty: 2 | Total: ₹2118.44
[2026-07-10 22:39:11] TRADE MATCHED: Ticker: SUNPHARMA | Buy Order: 4260 | Sell Order: 4023 | Price: ₹1060.30 | Qty: 1 | Total: ₹1060.30
[2026-07-10 22:39:11] TRADE MATCHED: Ticker: SUNPHARMA | Buy Order: 4260 | Sell Order: 3916 | Price: ₹1060.75 | Qty: 1 | Total: ₹1060.75
[2026-07-10 22:39:11] TRADE MATCHED: Ticker: TCS | Buy Order: 4250 | Sell Order: 4261 | Price: ₹3192.11 | Qty: 8 | Total: ₹25536.88
[2026-07-10 22:39:11] TRADE MATCHED: Ticker: TCS | Buy Order: 4159 | Sell Order: 4261 | Price: ₹3159.43 | Qty: 1 | Total: ₹3159.43
[2026-07-10 22:39:13] TRADE MATCHED: Ticker: TATAMOTORS | Buy Order: 4262 | Sell Order: 3760 | Price: ₹642.82 | Qty: 1 | Total: ₹642.82
[2026-07-10 22:39:13] TRADE MATCHED: Ticker: TATAMOTORS | Buy Order: 4262 | Sell Order: 2332 | Price: ₹642.96 | Qty: 2 | Total: ₹1285.92
[2026-07-10 22:39:16] TRADE MATCHED: Ticker: TCS | Buy Order: 4265 | Sell Order: 4052 | Price: ₹3193.73 | Qty: 4 | Total: ₹12774.92
[2026-07-10 22:39:16] TRADE MATCHED: Ticker: TCS | Buy Order: 4265 | Sell Order: 4068 | Price: ₹3194.20 | Qty: 3 | Total: ₹9582.60
[2026-07-10 22:39:19] TRADE MATCHED: Ticker: TATAMOTORS | Buy Order: 4266 | Sell Order: 2332 | Price: ₹642.96 | Qty: 7 | Total: ₹4500.72
[2026-07-10 22:39:19] TRADE MATCHED: Ticker: TCS | Buy Order: 4267 | Sell Order: 4068 | Price: ₹3194.20 | Qty: 1 | Total: ₹3194.20
[2026-07-10 22:39:23] TRADE MATCHED: Ticker: SUNPHARMA | Buy Order: 4269 | Sell Order: 3916 | Price: ₹1060.75 | Qty: 3 | Total: ₹3182.25
[2026-07-10 22:39:25] TRADE MATCHED: Ticker: TATAMOTORS | Buy Order: 4249 | Sell Order: 4272 | Price: ₹638.63 | Qty: 2 | Total: ₹1277.26
[2026-07-10 22:39:27] TRADE MATCHED: Ticker: SUNPHARMA | Buy Order: 4273 | Sell Order: 4271 | Price: ₹1055.37 | Qty: 12 | Total: ₹12664.44
[2026-07-10 22:39:31] TRADE MATCHED: Ticker: RELIANCE | Buy Order: 4276 | Sell Order: 4253 | Price: ₹2272.44 | Qty: 4 | Total: ₹9089.76
[2026-07-10 22:39:36] TRADE MATCHED: Ticker: HDFCBANK | Buy Order: 4281 | Sell Order: 4232 | Price: ₹1582.10 | Qty: 6 | Total: ₹9492.60
[2026-07-10 22:39:43] TRADE MATCHED: Ticker: RELIANCE | Buy Order: 4287 | Sell Order: 4253 | Price: ₹2272.44 | Qty: 5 | Total: ₹11362.20
[2026-07-10 22:39:43] TRADE MATCHED: Ticker: RELIANCE | Buy Order: 4287 | Sell Order: 4274 | Price: ₹2287.20 | Qty: 3 | Total: ₹6861.60
[2026-07-10 22:39:49] TRADE MATCHED: Ticker: TATAMOTORS | Buy Order: 4292 | Sell Order: 4272 | Price: ₹638.06 | Qty: 7 | Total: ₹4466.42
[2026-07-10 22:39:50] TRADE MATCHED: Ticker: HDFCBANK | Buy Order: 3720 | Sell Order: 4293 | Price: ₹1576.78 | Qty: 1 | Total: ₹1576.78
[2026-07-10 22:39:50] TRADE MATCHED: Ticker: HDFCBANK | Buy Order: 3345 | Sell Order: 4293 | Price: ₹1576.39 | Qty: 3 | Total: ₹4729.17
[2026-07-10 22:39:50] TRADE MATCHED: Ticker: HDFCBANK | Buy Order: 3803 | Sell Order: 4293 | Price: ₹1576.31 | Qty: 3 | Total: ₹4728.93
[2026-07-10 22:39:50] TRADE MATCHED: Ticker: HDFCBANK | Buy Order: 4100 | Sell Order: 4293 | Price: ₹1576.07 | Qty: 4 | Total: ₹6304.28
[2026-07-10 22:39:50] TRADE MATCHED: Ticker: HDFCBANK | Buy Order: 3779 | Sell Order: 4293 | Price: ₹1576.05 | Qty: 1 | Total: ₹1576.05
[2026-07-10 22:39:52] TRADE MATCHED: Ticker: TCS | Buy Order: 4295 | Sell Order: 4068 | Price: ₹3194.20 | Qty: 2 | Total: ₹6388.40
[2026-07-10 22:39:52] TRADE MATCHED: Ticker: TCS | Buy Order: 4295 | Sell Order: 4078 | Price: ₹3205.41 | Qty: 4 | Total: ₹12821.64
[2026-07-10 22:39:53] TRADE MATCHED: Ticker: HDFCBANK | Buy Order: 4294 | Sell Order: 4297 | Price: ₹1577.13 | Qty: 10 | Total: ₹15771.30
[2026-07-10 22:39:55] TRADE MATCHED: Ticker: TATAMOTORS | Buy Order: 4298 | Sell Order: 4272 | Price: ₹638.06 | Qty: 1 | Total: ₹638.06
[2026-07-10 22:39:56] TRADE MATCHED: Ticker: TATAMOTORS | Buy Order: 4298 | Sell Order: 2332 | Price: ₹642.96 | Qty: 1 | Total: ₹642.96
[2026-07-10 22:39:56] TRADE MATCHED: Ticker: TATAMOTORS | Buy Order: 4299 | Sell Order: 2740 | Price: ₹643.05 | Qty: 3 | Total: ₹1929.15
[2026-07-10 22:39:58] TRADE MATCHED: Ticker: HDFCBANK | Buy Order: 4301 | Sell Order: 4290 | Price: ₹1591.11 | Qty: 2 | Total: ₹3182.22
[2026-07-10 22:40:06] TRADE MATCHED: Ticker: TATAMOTORS | Buy Order: 4298 | Sell Order: 4307 | Price: ₹642.99 | Qty: 1 | Total: ₹642.99
[2026-07-10 22:40:06] TRADE MATCHED: Ticker: TATAMOTORS | Buy Order: 4077 | Sell Order: 4307 | Price: ₹636.66 | Qty: 1 | Total: ₹636.66
[2026-07-10 22:40:06] TRADE MATCHED: Ticker: TATAMOTORS | Buy Order: 4105 | Sell Order: 4307 | Price: ₹636.27 | Qty: 10 | Total: ₹6362.70
[2026-07-10 22:40:06] TRADE MATCHED: Ticker: RELIANCE | Buy Order: 4200 | Sell Order: 4308 | Price: ₹2271.25 | Qty: 8 | Total: ₹18170.00
[2026-07-10 22:40:12] TRADE MATCHED: Ticker: HDFCBANK | Buy Order: 4312 | Sell Order: 4290 | Price: ₹1591.11 | Qty: 6 | Total: ₹9546.66
[2026-07-10 22:40:17] TRADE MATCHED: Ticker: TATAMOTORS | Buy Order: 4105 | Sell Order: 4316 | Price: ₹636.27 | Qty: 2 | Total: ₹1272.54
[2026-07-10 22:40:19] TRADE MATCHED: Ticker: RELIANCE | Buy Order: 4317 | Sell Order: 4315 | Price: ₹2270.21 | Qty: 1 | Total: ₹2270.21
[2026-07-10 22:40:19] TRADE MATCHED: Ticker: RELIANCE | Buy Order: 4317 | Sell Order: 4303 | Price: ₹2275.11 | Qty: 10 | Total: ₹22751.10
[2026-07-10 22:40:21] TRADE MATCHED: Ticker: HDFCBANK | Buy Order: 4305 | Sell Order: 4318 | Price: ₹1588.55 | Qty: 4 | Total: ₹6354.20
[2026-07-10 22:40:21] TRADE MATCHED: Ticker: TCS | Buy Order: 4311 | Sell Order: 4319 | Price: ₹3201.06 | Qty: 8 | Total: ₹25608.48
[2026-07-10 22:40:21] TRADE MATCHED: Ticker: TCS | Buy Order: 4304 | Sell Order: 4319 | Price: ₹3179.96 | Qty: 5 | Total: ₹15899.80
[2026-07-10 22:40:22] TRADE MATCHED: Ticker: TATAMOTORS | Buy Order: 4320 | Sell Order: 2740 | Price: ₹643.05 | Qty: 2 | Total: ₹1286.10
[2026-07-10 22:40:22] TRADE MATCHED: Ticker: TATAMOTORS | Buy Order: 4320 | Sell Order: 517 | Price: ₹643.27 | Qty: 10 | Total: ₹6432.70
[2026-07-10 22:40:29] TRADE MATCHED: Ticker: SUNPHARMA | Buy Order: 4325 | Sell Order: 4271 | Price: ₹1055.37 | Qty: 3 | Total: ₹3166.11
[2026-07-10 22:40:29] TRADE MATCHED: Ticker: SUNPHARMA | Buy Order: 4325 | Sell Order: 4278 | Price: ₹1056.44 | Qty: 2 | Total: ₹2112.88
[2026-07-10 22:40:34] TRADE MATCHED: Ticker: SUNPHARMA | Buy Order: 4330 | Sell Order: 4278 | Price: ₹1056.44 | Qty: 7 | Total: ₹7395.08
[2026-07-10 22:40:34] TRADE MATCHED: Ticker: SUNPHARMA | Buy Order: 4330 | Sell Order: 4275 | Price: ₹1057.04 | Qty: 5 | Total: ₹5285.20
[2026-07-10 22:40:37] TRADE MATCHED: Ticker: RELIANCE | Buy Order: 4331 | Sell Order: 4303 | Price: ₹2275.11 | Qty: 5 | Total: ₹11375.55
[2026-07-10 22:40:37] TRADE MATCHED: Ticker: RELIANCE | Buy Order: 4331 | Sell Order: 4310 | Price: ₹2288.85 | Qty: 4 | Total: ₹9155.40
[2026-07-10 22:40:38] TRADE MATCHED: Ticker: RELIANCE | Buy Order: 4332 | Sell Order: 4310 | Price: ₹2288.85 | Qty: 1 | Total: ₹2288.85
[2026-07-10 22:40:41] TRADE MATCHED: Ticker: SUNPHARMA | Buy Order: 4335 | Sell Order: 4275 | Price: ₹1057.04 | Qty: 7 | Total: ₹7399.28
[2026-07-10 22:40:41] TRADE MATCHED: Ticker: SUNPHARMA | Buy Order: 4335 | Sell Order: 4283 | Price: ₹1059.58 | Qty: 4 | Total: ₹4238.32
[2026-07-10 22:40:44] TRADE MATCHED: Ticker: RELIANCE | Buy Order: 4337 | Sell Order: 4310 | Price: ₹2288.85 | Qty: 3 | Total: ₹6866.55
[2026-07-10 22:40:44] TRADE MATCHED: Ticker: RELIANCE | Buy Order: 4337 | Sell Order: 4302 | Price: ₹2290.12 | Qty: 1 | Total: ₹2290.12
[2026-07-10 22:40:50] TRADE MATCHED: Ticker: SUNPHARMA | Buy Order: 4289 | Sell Order: 4342 | Price: ₹1052.16 | Qty: 5 | Total: ₹5260.80
[2026-07-10 22:40:50] TRADE MATCHED: Ticker: SUNPHARMA | Buy Order: 4075 | Sell Order: 4342 | Price: ₹1050.61 | Qty: 6 | Total: ₹6303.66
[2026-07-10 22:40:50] TRADE MATCHED: Ticker: SUNPHARMA | Buy Order: 3173 | Sell Order: 4342 | Price: ₹1050.23 | Qty: 1 | Total: ₹1050.23
[2026-07-10 22:40:51] TRADE MATCHED: Ticker: HDFCBANK | Buy Order: 4343 | Sell Order: 4318 | Price: ₹1581.97 | Qty: 10 | Total: ₹15819.70
[2026-07-10 22:40:51] TRADE MATCHED: Ticker: HDFCBANK | Buy Order: 4343 | Sell Order: 4327 | Price: ₹1584.12 | Qty: 1 | Total: ₹1584.12
[2026-07-10 22:40:55] TRADE MATCHED: Ticker: SUNPHARMA | Buy Order: 4345 | Sell Order: 4347 | Price: ₹1055.92 | Qty: 4 | Total: ₹4223.68
[2026-07-10 22:40:55] TRADE MATCHED: Ticker: SUNPHARMA | Buy Order: 3173 | Sell Order: 4347 | Price: ₹1050.23 | Qty: 2 | Total: ₹2100.46
[2026-07-10 22:40:55] TRADE MATCHED: Ticker: SUNPHARMA | Buy Order: 4348 | Sell Order: 4283 | Price: ₹1059.58 | Qty: 2 | Total: ₹2119.16
[2026-07-10 22:40:55] TRADE MATCHED: Ticker: SUNPHARMA | Buy Order: 4348 | Sell Order: 3916 | Price: ₹1060.75 | Qty: 3 | Total: ₹3182.25
[2026-07-10 22:40:55] TRADE MATCHED: Ticker: SUNPHARMA | Buy Order: 4348 | Sell Order: 4210 | Price: ₹1061.20 | Qty: 4 | Total: ₹4244.80
[2026-07-10 22:40:55] TRADE MATCHED: Ticker: SUNPHARMA | Buy Order: 4348 | Sell Order: 4107 | Price: ₹1061.35 | Qty: 5 | Total: ₹5306.75
[2026-07-10 22:41:11] TRADE MATCHED: Ticker: SUNPHARMA | Buy Order: 4361 | Sell Order: 4107 | Price: ₹1061.35 | Qty: 3 | Total: ₹3184.05
[2026-07-10 22:41:12] TRADE MATCHED: Ticker: TATAMOTORS | Buy Order: 4362 | Sell Order: 4323 | Price: ₹639.69 | Qty: 8 | Total: ₹5117.52
[2026-07-10 22:41:16] TRADE MATCHED: Ticker: TATAMOTORS | Buy Order: 4336 | Sell Order: 4365 | Price: ₹636.51 | Qty: 12 | Total: ₹7638.12
[2026-07-10 22:41:16] TRADE MATCHED: Ticker: TATAMOTORS | Buy Order: 4105 | Sell Order: 4365 | Price: ₹636.27 | Qty: 1 | Total: ₹636.27
[2026-07-10 22:41:19] TRADE MATCHED: Ticker: HDFCBANK | Buy Order: 4367 | Sell Order: 4290 | Price: ₹1591.11 | Qty: 3 | Total: ₹4773.33
[2026-07-10 22:41:19] TRADE MATCHED: Ticker: HDFCBANK | Buy Order: 4367 | Sell Order: 4366 | Price: ₹1596.93 | Qty: 1 | Total: ₹1596.93
[2026-07-10 22:41:22] TRADE MATCHED: Ticker: TCS | Buy Order: 4370 | Sell Order: 4326 | Price: ₹3185.57 | Qty: 6 | Total: ₹19113.42
[2026-07-10 22:41:25] TRADE MATCHED: Ticker: TCS | Buy Order: 4304 | Sell Order: 4372 | Price: ₹3179.96 | Qty: 5 | Total: ₹15899.80
[2026-07-10 22:41:25] TRADE MATCHED: Ticker: TCS | Buy Order: 4340 | Sell Order: 4372 | Price: ₹3177.65 | Qty: 2 | Total: ₹6355.30
[2026-07-10 22:41:26] TRADE MATCHED: Ticker: TCS | Buy Order: 4373 | Sell Order: 4326 | Price: ₹3185.57 | Qty: 3 | Total: ₹9556.71
[2026-07-10 22:41:26] TRADE MATCHED: Ticker: TCS | Buy Order: 4373 | Sell Order: 4352 | Price: ₹3188.84 | Qty: 9 | Total: ₹28699.56
[2026-07-10 22:41:29] TRADE MATCHED: Ticker: HDFCBANK | Buy Order: 4375 | Sell Order: 4366 | Price: ₹1596.93 | Qty: 3 | Total: ₹4790.79
[2026-07-10 22:41:29] TRADE MATCHED: Ticker: HDFCBANK | Buy Order: 4375 | Sell Order: 1263 | Price: ₹1597.90 | Qty: 3 | Total: ₹4793.70
[2026-07-10 22:41:30] TRADE MATCHED: Ticker: SUNPHARMA | Buy Order: 4376 | Sell Order: 4107 | Price: ₹1061.35 | Qty: 6 | Total: ₹6368.10
[2026-07-10 22:41:30] TRADE MATCHED: Ticker: SUNPHARMA | Buy Order: 4376 | Sell Order: 4108 | Price: ₹1061.94 | Qty: 6 | Total: ₹6371.64
[2026-07-10 22:41:35] TRADE MATCHED: Ticker: RELIANCE | Buy Order: 4381 | Sell Order: 4368 | Price: ₹2285.80 | Qty: 7 | Total: ₹16000.60
[2026-07-10 22:41:39] TRADE MATCHED: Ticker: TCS | Buy Order: 4280 | Sell Order: 4384 | Price: ₹3175.92 | Qty: 1 | Total: ₹3175.92
[2026-07-10 22:41:45] TRADE MATCHED: Ticker: SUNPHARMA | Buy Order: 4354 | Sell Order: 4389 | Price: ₹1054.02 | Qty: 9 | Total: ₹9486.18
[2026-07-10 22:41:53] TRADE MATCHED: Ticker: SUNPHARMA | Buy Order: 4378 | Sell Order: 4396 | Price: ₹1052.47 | Qty: 2 | Total: ₹2104.94
[2026-07-10 22:41:53] TRADE MATCHED: Ticker: SUNPHARMA | Buy Order: 2932 | Sell Order: 4396 | Price: ₹1050.22 | Qty: 9 | Total: ₹9451.98
[2026-07-10 22:42:00] TRADE MATCHED: Ticker: RELIANCE | Buy Order: 4386 | Sell Order: 4401 | Price: ₹2281.64 | Qty: 1 | Total: ₹2281.64
[2026-07-10 22:42:06] TRADE MATCHED: Ticker: TCS | Buy Order: 4405 | Sell Order: 4384 | Price: ₹3173.62 | Qty: 1 | Total: ₹3173.62
[2026-07-10 22:42:11] TRADE MATCHED: Ticker: TCS | Buy Order: 4321 | Sell Order: 4409 | Price: ₹3165.03 | Qty: 5 | Total: ₹15825.15
[2026-07-10 22:42:21] TRADE MATCHED: Ticker: RELIANCE | Buy Order: 4416 | Sell Order: 4403 | Price: ₹2284.81 | Qty: 8 | Total: ₹18278.48
[2026-07-10 22:42:24] TRADE MATCHED: Ticker: SUNPHARMA | Buy Order: 4418 | Sell Order: 4394 | Price: ₹1059.12 | Qty: 4 | Total: ₹4236.48
[2026-07-10 22:42:26] TRADE MATCHED: Ticker: HDFCBANK | Buy Order: 4421 | Sell Order: 4406 | Price: ₹1595.42 | Qty: 10 | Total: ₹15954.20
[2026-07-10 22:42:26] TRADE MATCHED: Ticker: HDFCBANK | Buy Order: 4421 | Sell Order: 1263 | Price: ₹1597.90 | Qty: 2 | Total: ₹3195.80
[2026-07-10 22:42:28] TRADE MATCHED: Ticker: HDFCBANK | Buy Order: 4344 | Sell Order: 4422 | Price: ₹1586.32 | Qty: 1 | Total: ₹1586.32
[2026-07-10 22:42:34] TRADE MATCHED: Ticker: HDFCBANK | Buy Order: 4423 | Sell Order: 4428 | Price: ₹1597.03 | Qty: 4 | Total: ₹6388.12
[2026-07-10 22:42:34] TRADE MATCHED: Ticker: HDFCBANK | Buy Order: 4344 | Sell Order: 4428 | Price: ₹1586.32 | Qty: 3 | Total: ₹4758.96
[2026-07-10 22:42:39] TRADE MATCHED: Ticker: RELIANCE | Buy Order: 4386 | Sell Order: 4430 | Price: ₹2281.64 | Qty: 3 | Total: ₹6844.92
[2026-07-10 22:42:39] TRADE MATCHED: Ticker: SUNPHARMA | Buy Order: 4418 | Sell Order: 4431 | Price: ₹1059.24 | Qty: 3 | Total: ₹3177.72
[2026-07-10 22:42:39] TRADE MATCHED: Ticker: SUNPHARMA | Buy Order: 2932 | Sell Order: 4431 | Price: ₹1050.22 | Qty: 2 | Total: ₹2100.44
[2026-07-10 22:42:39] TRADE MATCHED: Ticker: SUNPHARMA | Buy Order: 3170 | Sell Order: 4431 | Price: ₹1049.88 | Qty: 1 | Total: ₹1049.88
[2026-07-10 22:42:45] TRADE MATCHED: Ticker: TCS | Buy Order: 4321 | Sell Order: 4435 | Price: ₹3165.03 | Qty: 1 | Total: ₹3165.03
[2026-07-10 22:42:45] TRADE MATCHED: Ticker: TCS | Buy Order: 4309 | Sell Order: 4435 | Price: ₹3160.02 | Qty: 2 | Total: ₹6320.04
[2026-07-10 22:42:52] TRADE MATCHED: Ticker: TATAMOTORS | Buy Order: 4441 | Sell Order: 4407 | Price: ₹637.12 | Qty: 3 | Total: ₹1911.36
[2026-07-10 22:42:55] TRADE MATCHED: Ticker: TATAMOTORS | Buy Order: 4443 | Sell Order: 4407 | Price: ₹637.12 | Qty: 1 | Total: ₹637.12
[2026-07-10 22:42:55] TRADE MATCHED: Ticker: TATAMOTORS | Buy Order: 4443 | Sell Order: 4432 | Price: ₹637.39 | Qty: 3 | Total: ₹1912.17
[2026-07-10 22:43:00] TRADE MATCHED: Ticker: SUNPHARMA | Buy Order: 4437 | Sell Order: 4446 | Price: ₹1056.30 | Qty: 2 | Total: ₹2112.60
[2026-07-10 22:43:07] TRADE MATCHED: Ticker: TCS | Buy Order: 4309 | Sell Order: 4450 | Price: ₹3160.02 | Qty: 4 | Total: ₹12640.08
[2026-07-10 22:43:10] TRADE MATCHED: Ticker: TATAMOTORS | Buy Order: 4453 | Sell Order: 4432 | Price: ₹637.39 | Qty: 2 | Total: ₹1274.78
[2026-07-10 22:43:15] TRADE MATCHED: Ticker: TATAMOTORS | Buy Order: 4333 | Sell Order: 4457 | Price: ₹636.25 | Qty: 7 | Total: ₹4453.75
[2026-07-10 22:43:15] TRADE MATCHED: Ticker: TCS | Buy Order: 4309 | Sell Order: 4456 | Price: ₹3160.02 | Qty: 3 | Total: ₹9480.06
[2026-07-10 22:43:15] TRADE MATCHED: Ticker: TCS | Buy Order: 3508 | Sell Order: 4456 | Price: ₹3159.00 | Qty: 11 | Total: ₹34749.00
[2026-07-10 22:43:17] TRADE MATCHED: Ticker: SUNPHARMA | Buy Order: 4437 | Sell Order: 4459 | Price: ₹1056.30 | Qty: 1 | Total: ₹1056.30
[2026-07-10 22:43:20] TRADE MATCHED: Ticker: TATAMOTORS | Buy Order: 4461 | Sell Order: 4432 | Price: ₹637.39 | Qty: 8 | Total: ₹5099.12
[2026-07-10 22:43:20] TRADE MATCHED: Ticker: TATAMOTORS | Buy Order: 4461 | Sell Order: 4400 | Price: ₹638.62 | Qty: 3 | Total: ₹1915.86
[2026-07-10 22:43:20] TRADE MATCHED: Ticker: TATAMOTORS | Buy Order: 4462 | Sell Order: 4400 | Price: ₹638.62 | Qty: 2 | Total: ₹1277.24
[2026-07-10 22:43:25] TRADE MATCHED: Ticker: SUNPHARMA | Buy Order: 4437 | Sell Order: 4465 | Price: ₹1056.30 | Qty: 5 | Total: ₹5281.50
[2026-07-10 22:43:25] TRADE MATCHED: Ticker: SUNPHARMA | Buy Order: 2930 | Sell Order: 4465 | Price: ₹1049.79 | Qty: 5 | Total: ₹5248.95
[2026-07-10 22:43:25] TRADE MATCHED: Ticker: SUNPHARMA | Buy Order: 4190 | Sell Order: 4465 | Price: ₹1049.30 | Qty: 5 | Total: ₹5246.50
[2026-07-10 22:43:27] TRADE MATCHED: Ticker: TCS | Buy Order: 3508 | Sell Order: 4466 | Price: ₹3159.00 | Qty: 1 | Total: ₹3159.00
[2026-07-10 22:43:27] TRADE MATCHED: Ticker: TCS | Buy Order: 2211 | Sell Order: 4466 | Price: ₹3158.98 | Qty: 8 | Total: ₹25271.84
[2026-07-10 22:43:27] TRADE MATCHED: Ticker: TCS | Buy Order: 2995 | Sell Order: 4466 | Price: ₹3158.54 | Qty: 6 | Total: ₹18951.24
[2026-07-10 22:43:30] TRADE MATCHED: Ticker: SUNPHARMA | Buy Order: 4467 | Sell Order: 4463 | Price: ₹1058.15 | Qty: 5 | Total: ₹5290.75
[2026-07-10 22:43:31] TRADE MATCHED: Ticker: TCS | Buy Order: 2995 | Sell Order: 4469 | Price: ₹3158.54 | Qty: 5 | Total: ₹15792.70
[2026-07-10 22:43:31] TRADE MATCHED: Ticker: TCS | Buy Order: 4006 | Sell Order: 4469 | Price: ₹3157.49 | Qty: 5 | Total: ₹15787.45
[2026-07-10 22:43:36] TRADE MATCHED: Ticker: TATAMOTORS | Buy Order: 4473 | Sell Order: 4400 | Price: ₹638.62 | Qty: 2 | Total: ₹1277.24
[2026-07-10 22:43:37] TRADE MATCHED: Ticker: RELIANCE | Buy Order: 4386 | Sell Order: 4474 | Price: ₹2281.64 | Qty: 3 | Total: ₹6844.92
[2026-07-10 22:43:38] TRADE MATCHED: Ticker: TATAMOTORS | Buy Order: 4468 | Sell Order: 4475 | Price: ₹638.46 | Qty: 1 | Total: ₹638.46
[2026-07-10 22:43:38] TRADE MATCHED: Ticker: TATAMOTORS | Buy Order: 4333 | Sell Order: 4475 | Price: ₹636.25 | Qty: 2 | Total: ₹1272.50
[2026-07-10 22:43:38] TRADE MATCHED: Ticker: TATAMOTORS | Buy Order: 4429 | Sell Order: 4475 | Price: ₹631.69 | Qty: 10 | Total: ₹6316.90
[2026-07-10 22:43:45] TRADE MATCHED: Ticker: SUNPHARMA | Buy Order: 4481 | Sell Order: 4391 | Price: ₹1060.99 | Qty: 5 | Total: ₹5304.95
[2026-07-10 22:43:46] TRADE MATCHED: Ticker: TCS | Buy Order: 4482 | Sell Order: 4420 | Price: ₹3166.48 | Qty: 9 | Total: ₹28498.32
[2026-07-10 22:43:46] TRADE MATCHED: Ticker: TCS | Buy Order: 4482 | Sell Order: 4384 | Price: ₹3173.62 | Qty: 1 | Total: ₹3173.62
[2026-07-10 22:43:49] TRADE MATCHED: Ticker: TATAMOTORS | Buy Order: 4487 | Sell Order: 4400 | Price: ₹638.62 | Qty: 1 | Total: ₹638.62
[2026-07-10 22:43:52] TRADE MATCHED: Ticker: HDFCBANK | Buy Order: 4442 | Sell Order: 4488 | Price: ₹1586.79 | Qty: 2 | Total: ₹3173.58
[2026-07-10 22:43:53] TRADE MATCHED: Ticker: HDFCBANK | Buy Order: 4489 | Sell Order: 4472 | Price: ₹1589.93 | Qty: 11 | Total: ₹17489.23
[2026-07-10 22:43:53] TRADE MATCHED: Ticker: HDFCBANK | Buy Order: 4489 | Sell Order: 4455 | Price: ₹1596.79 | Qty: 3 | Total: ₹4790.37
[2026-07-10 22:44:04] TRADE MATCHED: Ticker: TCS | Buy Order: 4498 | Sell Order: 4384 | Price: ₹3173.62 | Qty: 4 | Total: ₹12694.48
[2026-07-10 22:44:04] TRADE MATCHED: Ticker: TCS | Buy Order: 4498 | Sell Order: 4444 | Price: ₹3175.27 | Qty: 1 | Total: ₹3175.27
[2026-07-10 22:44:07] TRADE MATCHED: Ticker: SUNPHARMA | Buy Order: 4499 | Sell Order: 4395 | Price: ₹1061.31 | Qty: 1 | Total: ₹1061.31
[2026-07-10 22:44:07] TRADE MATCHED: Ticker: SUNPHARMA | Buy Order: 4499 | Sell Order: 4108 | Price: ₹1061.94 | Qty: 3 | Total: ₹3185.82
[2026-07-10 22:44:07] TRADE MATCHED: Ticker: SUNPHARMA | Buy Order: 4499 | Sell Order: 4448 | Price: ₹1062.00 | Qty: 1 | Total: ₹1062.00
[2026-07-10 22:44:08] TRADE MATCHED: Ticker: TATAMOTORS | Buy Order: 4487 | Sell Order: 4500 | Price: ₹639.11 | Qty: 8 | Total: ₹5112.88
[2026-07-10 22:44:08] TRADE MATCHED: Ticker: RELIANCE | Buy Order: 4386 | Sell Order: 4501 | Price: ₹2281.64 | Qty: 5 | Total: ₹11408.20
[2026-07-10 22:44:08] TRADE MATCHED: Ticker: RELIANCE | Buy Order: 4495 | Sell Order: 4501 | Price: ₹2280.69 | Qty: 9 | Total: ₹20526.21
[2026-07-10 22:44:08] TRADE MATCHED: Ticker: RELIANCE | Buy Order: 4363 | Sell Order: 4501 | Price: ₹2280.45 | Qty: 1 | Total: ₹2280.45
[2026-07-10 22:44:11] TRADE MATCHED: Ticker: TCS | Buy Order: 4502 | Sell Order: 4352 | Price: ₹3188.84 | Qty: 2 | Total: ₹6377.68
[2026-07-10 22:44:11] TRADE MATCHED: Ticker: HDFCBANK | Buy Order: 4503 | Sell Order: 4455 | Price: ₹1596.79 | Qty: 1 | Total: ₹1596.79
[2026-07-10 22:44:11] TRADE MATCHED: Ticker: HDFCBANK | Buy Order: 4503 | Sell Order: 1263 | Price: ₹1597.90 | Qty: 3 | Total: ₹4793.70
[2026-07-10 22:44:16] TRADE MATCHED: Ticker: SUNPHARMA | Buy Order: 4507 | Sell Order: 4448 | Price: ₹1062.00 | Qty: 7 | Total: ₹7434.00
[2026-07-10 22:44:16] TRADE MATCHED: Ticker: SUNPHARMA | Buy Order: 4507 | Sell Order: 4433 | Price: ₹1062.15 | Qty: 7 | Total: ₹7435.05
[2026-07-10 22:44:19] TRADE MATCHED: Ticker: TCS | Buy Order: 4509 | Sell Order: 4388 | Price: ₹3195.38 | Qty: 1 | Total: ₹3195.38
[2026-07-10 22:44:20] TRADE MATCHED: Ticker: HDFCBANK | Buy Order: 4442 | Sell Order: 4510 | Price: ₹1586.79 | Qty: 7 | Total: ₹11107.53
[2026-07-10 22:44:20] TRADE MATCHED: Ticker: HDFCBANK | Buy Order: 4344 | Sell Order: 4510 | Price: ₹1586.32 | Qty: 2 | Total: ₹3172.64
[2026-07-10 22:44:20] TRADE MATCHED: Ticker: TCS | Buy Order: 4502 | Sell Order: 4511 | Price: ₹3192.56 | Qty: 2 | Total: ₹6385.12
[2026-07-10 22:44:21] TRADE MATCHED: Ticker: TCS | Buy Order: 2989 | Sell Order: 4511 | Price: ₹3157.14 | Qty: 8 | Total: ₹25257.12
[2026-07-10 22:44:23] TRADE MATCHED: Ticker: TATAMOTORS | Buy Order: 4512 | Sell Order: 4513 | Price: ₹637.50 | Qty: 5 | Total: ₹3187.50
[2026-07-10 22:44:26] TRADE MATCHED: Ticker: SUNPHARMA | Buy Order: 4516 | Sell Order: 4433 | Price: ₹1062.15 | Qty: 4 | Total: ₹4248.60
[2026-07-10 22:44:31] TRADE MATCHED: Ticker: TATAMOTORS | Buy Order: 4520 | Sell Order: 4515 | Price: ₹638.09 | Qty: 6 | Total: ₹3828.54
[2026-07-10 22:44:32] TRADE MATCHED: Ticker: TATAMOTORS | Buy Order: 4522 | Sell Order: 4515 | Price: ₹638.09 | Qty: 8 | Total: ₹5104.72
[2026-07-10 22:44:32] TRADE MATCHED: Ticker: TATAMOTORS | Buy Order: 4522 | Sell Order: 4500 | Price: ₹638.98 | Qty: 1 | Total: ₹638.98
[2026-07-10 22:44:33] TRADE MATCHED: Ticker: TATAMOTORS | Buy Order: 4522 | Sell Order: 4323 | Price: ₹639.69 | Qty: 1 | Total: ₹639.69
[2026-07-10 22:44:34] TRADE MATCHED: Ticker: TCS | Buy Order: 4524 | Sell Order: 4517 | Price: ₹3165.42 | Qty: 3 | Total: ₹9496.26
[2026-07-10 22:44:43] TRADE MATCHED: Ticker: TCS | Buy Order: 3765 | Sell Order: 4529 | Price: ₹3156.87 | Qty: 2 | Total: ₹6313.74
[2026-07-10 22:44:43] TRADE MATCHED: Ticker: TCS | Buy Order: 1958 | Sell Order: 4529 | Price: ₹3156.11 | Qty: 1 | Total: ₹3156.11
[2026-07-10 22:44:43] TRADE MATCHED: Ticker: TCS | Buy Order: 2516 | Sell Order: 4529 | Price: ₹3156.02 | Qty: 3 | Total: ₹9468.06
[2026-07-10 22:44:43] TRADE MATCHED: Ticker: TCS | Buy Order: 4341 | Sell Order: 4529 | Price: ₹3155.94 | Qty: 2 | Total: ₹6311.88
[2026-07-10 22:44:43] TRADE MATCHED: Ticker: TCS | Buy Order: 3711 | Sell Order: 4529 | Price: ₹3155.10 | Qty: 1 | Total: ₹3155.10
[2026-07-10 22:44:45] TRADE MATCHED: Ticker: TCS | Buy Order: 4530 | Sell Order: 4517 | Price: ₹3165.42 | Qty: 5 | Total: ₹15827.10
[2026-07-10 22:44:48] TRADE MATCHED: Ticker: HDFCBANK | Buy Order: 4533 | Sell Order: 4492 | Price: ₹1598.16 | Qty: 10 | Total: ₹15981.60
[2026-07-10 22:44:48] TRADE MATCHED: Ticker: HDFCBANK | Buy Order: 4533 | Sell Order: 2614 | Price: ₹1598.18 | Qty: 4 | Total: ₹6392.72
[2026-07-10 22:44:51] TRADE MATCHED: Ticker: HDFCBANK | Buy Order: 4536 | Sell Order: 3882 | Price: ₹1598.29 | Qty: 4 | Total: ₹6393.16
[2026-07-10 22:44:51] TRADE MATCHED: Ticker: HDFCBANK | Buy Order: 4536 | Sell Order: 2713 | Price: ₹1598.45 | Qty: 4 | Total: ₹6393.80
[2026-07-10 22:44:54] TRADE MATCHED: Ticker: HDFCBANK | Buy Order: 4535 | Sell Order: 4538 | Price: ₹1592.23 | Qty: 5 | Total: ₹7961.15
[2026-07-10 22:44:56] TRADE MATCHED: Ticker: HDFCBANK | Buy Order: 4535 | Sell Order: 4540 | Price: ₹1592.23 | Qty: 3 | Total: ₹4776.69
[2026-07-10 22:45:00] TRADE MATCHED: Ticker: HDFCBANK | Buy Order: 4344 | Sell Order: 4542 | Price: ₹1586.32 | Qty: 8 | Total: ₹12690.56
[2026-07-10 22:45:01] TRADE MATCHED: Ticker: HDFCBANK | Buy Order: 4369 | Sell Order: 4542 | Price: ₹1579.78 | Qty: 5 | Total: ₹7898.90
[2026-07-10 22:45:14] TRADE MATCHED: Ticker: TATAMOTORS | Buy Order: 4553 | Sell Order: 4523 | Price: ₹639.40 | Qty: 1 | Total: ₹639.40
[2026-07-10 22:45:16] TRADE MATCHED: Ticker: HDFCBANK | Buy Order: 4369 | Sell Order: 4556 | Price: ₹1579.78 | Qty: 2 | Total: ₹3159.56
[2026-07-10 22:45:16] TRADE MATCHED: Ticker: HDFCBANK | Buy Order: 4514 | Sell Order: 4556 | Price: ₹1578.56 | Qty: 2 | Total: ₹3157.12
[2026-07-10 22:45:16] TRADE MATCHED: Ticker: HDFCBANK | Buy Order: 4480 | Sell Order: 4556 | Price: ₹1576.85 | Qty: 3 | Total: ₹4730.55
[2026-07-10 22:45:16] TRADE MATCHED: Ticker: HDFCBANK | Buy Order: 3258 | Sell Order: 4556 | Price: ₹1575.56 | Qty: 2 | Total: ₹3151.12
[2026-07-10 22:45:16] TRADE MATCHED: Ticker: HDFCBANK | Buy Order: 3790 | Sell Order: 4556 | Price: ₹1575.52 | Qty: 3 | Total: ₹4726.56
[2026-07-10 22:45:21] TRADE MATCHED: Ticker: HDFCBANK | Buy Order: 4561 | Sell Order: 2713 | Price: ₹1598.45 | Qty: 8 | Total: ₹12787.60
[2026-07-10 22:45:21] TRADE MATCHED: Ticker: HDFCBANK | Buy Order: 4561 | Sell Order: 4424 | Price: ₹1598.52 | Qty: 1 | Total: ₹1598.52
[2026-07-10 22:45:27] TRADE MATCHED: Ticker: RELIANCE | Buy Order: 4566 | Sell Order: 4403 | Price: ₹2284.81 | Qty: 1 | Total: ₹2284.81
[2026-07-10 22:45:28] TRADE MATCHED: Ticker: TATAMOTORS | Buy Order: 4567 | Sell Order: 4523 | Price: ₹639.40 | Qty: 7 | Total: ₹4475.80
[2026-07-10 22:45:31] TRADE MATCHED: Ticker: RELIANCE | Buy Order: 4569 | Sell Order: 4368 | Price: ₹2285.80 | Qty: 2 | Total: ₹4571.60
[2026-07-10 22:45:33] TRADE MATCHED: Ticker: TATAMOTORS | Buy Order: 4571 | Sell Order: 4523 | Price: ₹639.40 | Qty: 6 | Total: ₹3836.40
[2026-07-10 22:45:33] TRADE MATCHED: Ticker: TATAMOTORS | Buy Order: 4571 | Sell Order: 4323 | Price: ₹639.69 | Qty: 2 | Total: ₹1279.38
[2026-07-10 22:45:35] TRADE MATCHED: Ticker: TATAMOTORS | Buy Order: 4534 | Sell Order: 4573 | Price: ₹639.08 | Qty: 8 | Total: ₹5112.64
[2026-07-10 22:45:37] TRADE MATCHED: Ticker: SUNPHARMA | Buy Order: 4467 | Sell Order: 4574 | Price: ₹1059.42 | Qty: 3 | Total: ₹3178.26
[2026-07-10 22:45:41] TRADE MATCHED: Ticker: RELIANCE | Buy Order: 4578 | Sell Order: 4368 | Price: ₹2285.80 | Qty: 4 | Total: ₹9143.20
[2026-07-10 22:45:43] TRADE MATCHED: Ticker: SUNPHARMA | Buy Order: 4579 | Sell Order: 4254 | Price: ₹1062.19 | Qty: 1 | Total: ₹1062.19
[2026-07-10 22:45:46] TRADE MATCHED: Ticker: TCS | Buy Order: 4557 | Sell Order: 4581 | Price: ₹3163.63 | Qty: 6 | Total: ₹18981.78
[2026-07-10 22:45:56] TRADE MATCHED: Ticker: SUNPHARMA | Buy Order: 4589 | Sell Order: 4254 | Price: ₹1062.19 | Qty: 8 | Total: ₹8497.52
[2026-07-10 22:45:57] TRADE MATCHED: Ticker: TCS | Buy Order: 2943 | Sell Order: 4590 | Price: ₹3154.24 | Qty: 6 | Total: ₹18925.44
[2026-07-10 22:45:57] TRADE MATCHED: Ticker: TCS | Buy Order: 2633 | Sell Order: 4590 | Price: ₹3154.19 | Qty: 2 | Total: ₹6308.38
[2026-07-10 22:46:01] TRADE MATCHED: Ticker: RELIANCE | Buy Order: 4578 | Sell Order: 4593 | Price: ₹2289.48 | Qty: 11 | Total: ₹25184.28
[2026-07-10 22:46:01] TRADE MATCHED: Ticker: RELIANCE | Buy Order: 4417 | Sell Order: 4593 | Price: ₹2271.74 | Qty: 1 | Total: ₹2271.74
[2026-07-10 22:46:04] TRADE MATCHED: Ticker: TCS | Buy Order: 4596 | Sell Order: 4581 | Price: ₹3158.10 | Qty: 8 | Total: ₹25264.80
[2026-07-10 22:46:04] TRADE MATCHED: Ticker: TCS | Buy Order: 4596 | Sell Order: 4517 | Price: ₹3165.42 | Qty: 1 | Total: ₹3165.42
[2026-07-10 22:46:07] TRADE MATCHED: Ticker: SUNPHARMA | Buy Order: 4478 | Sell Order: 4600 | Price: ₹1056.43 | Qty: 3 | Total: ₹3169.29
[2026-07-10 22:46:18] TRADE MATCHED: Ticker: SUNPHARMA | Buy Order: 4478 | Sell Order: 4607 | Price: ₹1056.43 | Qty: 1 | Total: ₹1056.43
[2026-07-10 22:46:24] TRADE MATCHED: Ticker: RELIANCE | Buy Order: 4417 | Sell Order: 4612 | Price: ₹2271.74 | Qty: 4 | Total: ₹9086.96
[2026-07-10 22:46:24] TRADE MATCHED: Ticker: RELIANCE | Buy Order: 4584 | Sell Order: 4612 | Price: ₹2271.26 | Qty: 7 | Total: ₹15898.82
[2026-07-10 22:46:24] TRADE MATCHED: Ticker: RELIANCE | Buy Order: 4477 | Sell Order: 4612 | Price: ₹2270.66 | Qty: 2 | Total: ₹4541.32
[2026-07-10 22:46:30] TRADE MATCHED: Ticker: SUNPHARMA | Buy Order: 4618 | Sell Order: 4254 | Price: ₹1062.19 | Qty: 5 | Total: ₹5310.95
[2026-07-10 22:46:30] TRADE MATCHED: Ticker: SUNPHARMA | Buy Order: 4618 | Sell Order: 3805 | Price: ₹1064.08 | Qty: 1 | Total: ₹1064.08
[2026-07-10 22:46:30] TRADE MATCHED: Ticker: SUNPHARMA | Buy Order: 4618 | Sell Order: 3884 | Price: ₹1064.73 | Qty: 1 | Total: ₹1064.73
[2026-07-10 22:46:31] TRADE MATCHED: Ticker: TCS | Buy Order: 2454 | Sell Order: 4617 | Price: ₹3154.08 | Qty: 8 | Total: ₹25232.64
[2026-07-10 22:46:32] TRADE MATCHED: Ticker: TATAMOTORS | Buy Order: 4534 | Sell Order: 4619 | Price: ₹639.08 | Qty: 2 | Total: ₹1278.16
[2026-07-10 22:46:32] TRADE MATCHED: Ticker: TATAMOTORS | Buy Order: 4580 | Sell Order: 4619 | Price: ₹638.81 | Qty: 8 | Total: ₹5110.48
[2026-07-10 22:46:33] TRADE MATCHED: Ticker: HDFCBANK | Buy Order: 4599 | Sell Order: 4621 | Price: ₹1580.29 | Qty: 9 | Total: ₹14222.61
[2026-07-10 22:46:33] TRADE MATCHED: Ticker: HDFCBANK | Buy Order: 4559 | Sell Order: 4621 | Price: ₹1577.35 | Qty: 5 | Total: ₹7886.75
[2026-07-10 22:46:33] TRADE MATCHED: Ticker: HDFCBANK | Buy Order: 3790 | Sell Order: 4621 | Price: ₹1575.52 | Qty: 1 | Total: ₹1575.52
[2026-07-10 22:46:36] TRADE MATCHED: Ticker: TATAMOTORS | Buy Order: 4580 | Sell Order: 4623 | Price: ₹638.81 | Qty: 2 | Total: ₹1277.62
[2026-07-10 22:46:44] TRADE MATCHED: Ticker: RELIANCE | Buy Order: 4630 | Sell Order: 4625 | Price: ₹2288.86 | Qty: 4 | Total: ₹9155.44
[2026-07-10 22:46:44] TRADE MATCHED: Ticker: RELIANCE | Buy Order: 4630 | Sell Order: 4302 | Price: ₹2290.12 | Qty: 2 | Total: ₹4580.24
[2026-07-10 22:46:48] TRADE MATCHED: Ticker: TCS | Buy Order: 4633 | Sell Order: 4517 | Price: ₹3165.42 | Qty: 4 | Total: ₹12661.68
[2026-07-10 22:46:48] TRADE MATCHED: Ticker: TCS | Buy Order: 4633 | Sell Order: 4572 | Price: ₹3167.98 | Qty: 5 | Total: ₹15839.90
[2026-07-10 22:46:52] TRADE MATCHED: Ticker: HDFCBANK | Buy Order: 3790 | Sell Order: 4636 | Price: ₹1575.52 | Qty: 3 | Total: ₹4726.56
[2026-07-10 22:46:53] TRADE MATCHED: Ticker: SUNPHARMA | Buy Order: 4637 | Sell Order: 3884 | Price: ₹1064.73 | Qty: 2 | Total: ₹2129.46
[2026-07-10 22:46:54] TRADE MATCHED: Ticker: TCS | Buy Order: 4638 | Sell Order: 4570 | Price: ₹3178.05 | Qty: 2 | Total: ₹6356.10
[2026-07-10 22:46:55] TRADE MATCHED: Ticker: RELIANCE | Buy Order: 4639 | Sell Order: 4632 | Price: ₹2280.76 | Qty: 7 | Total: ₹15965.32
[2026-07-10 22:46:57] TRADE MATCHED: Ticker: TCS | Buy Order: 4633 | Sell Order: 4640 | Price: ₹3174.49 | Qty: 5 | Total: ₹15872.45
[2026-07-10 22:47:00] TRADE MATCHED: Ticker: TATAMOTORS | Buy Order: 4644 | Sell Order: 4323 | Price: ₹639.69 | Qty: 4 | Total: ₹2558.76
[2026-07-10 22:47:00] TRADE MATCHED: Ticker: TATAMOTORS | Buy Order: 4644 | Sell Order: 4634 | Price: ₹640.75 | Qty: 3 | Total: ₹1922.25
[2026-07-10 22:47:00] TRADE MATCHED: Ticker: TCS | Buy Order: 4643 | Sell Order: 4570 | Price: ₹3178.05 | Qty: 4 | Total: ₹12712.20
[2026-07-10 22:47:00] TRADE MATCHED: Ticker: TCS | Buy Order: 4643 | Sell Order: 4548 | Price: ₹3192.47 | Qty: 2 | Total: ₹6384.94
[2026-07-10 22:47:00] TRADE MATCHED: Ticker: TCS | Buy Order: 4643 | Sell Order: 4388 | Price: ₹3195.38 | Qty: 4 | Total: ₹12781.52
[2026-07-10 22:47:04] TRADE MATCHED: Ticker: RELIANCE | Buy Order: 4639 | Sell Order: 4647 | Price: ₹2281.06 | Qty: 5 | Total: ₹11405.30
[2026-07-10 22:47:04] TRADE MATCHED: Ticker: RELIANCE | Buy Order: 4477 | Sell Order: 4647 | Price: ₹2270.66 | Qty: 7 | Total: ₹15894.62
[2026-07-10 22:47:09] TRADE MATCHED: Ticker: HDFCBANK | Buy Order: 3790 | Sell Order: 4650 | Price: ₹1575.52 | Qty: 3 | Total: ₹4726.56
[2026-07-10 22:47:16] TRADE MATCHED: Ticker: RELIANCE | Buy Order: 4653 | Sell Order: 4656 | Price: ₹2286.51 | Qty: 6 | Total: ₹13719.06
[2026-07-10 22:47:16] TRADE MATCHED: Ticker: SUNPHARMA | Buy Order: 4657 | Sell Order: 4642 | Price: ₹1054.16 | Qty: 1 | Total: ₹1054.16
[2026-07-10 22:47:19] TRADE MATCHED: Ticker: RELIANCE | Buy Order: 4653 | Sell Order: 4661 | Price: ₹2286.51 | Qty: 2 | Total: ₹4573.02
[2026-07-10 22:47:19] TRADE MATCHED: Ticker: RELIANCE | Buy Order: 4477 | Sell Order: 4661 | Price: ₹2270.66 | Qty: 6 | Total: ₹13623.96
[2026-07-10 22:47:20] TRADE MATCHED: Ticker: RELIANCE | Buy Order: 4591 | Sell Order: 4661 | Price: ₹2268.92 | Qty: 1 | Total: ₹2268.92
[2026-07-10 22:47:20] TRADE MATCHED: Ticker: RELIANCE | Buy Order: 4359 | Sell Order: 4661 | Price: ₹2268.66 | Qty: 1 | Total: ₹2268.66
[2026-07-10 22:47:23] TRADE MATCHED: Ticker: SUNPHARMA | Buy Order: 4620 | Sell Order: 4663 | Price: ₹1053.37 | Qty: 6 | Total: ₹6320.22
[2026-07-10 22:47:28] TRADE MATCHED: Ticker: SUNPHARMA | Buy Order: 4620 | Sell Order: 4666 | Price: ₹1053.37 | Qty: 3 | Total: ₹3160.11
[2026-07-10 22:47:28] TRADE MATCHED: Ticker: SUNPHARMA | Buy Order: 4655 | Sell Order: 4666 | Price: ₹1052.54 | Qty: 9 | Total: ₹9472.86
[2026-07-10 22:47:28] TRADE MATCHED: Ticker: SUNPHARMA | Buy Order: 4190 | Sell Order: 4666 | Price: ₹1049.30 | Qty: 3 | Total: ₹3147.90
[2026-07-10 22:47:32] TRADE MATCHED: Ticker: HDFCBANK | Buy Order: 3790 | Sell Order: 4671 | Price: ₹1575.52 | Qty: 5 | Total: ₹7877.60
[2026-07-10 22:47:32] TRADE MATCHED: Ticker: HDFCBANK | Buy Order: 3960 | Sell Order: 4671 | Price: ₹1575.44 | Qty: 8 | Total: ₹12603.52
[2026-07-10 22:47:33] TRADE MATCHED: Ticker: HDFCBANK | Buy Order: 3273 | Sell Order: 4671 | Price: ₹1575.27 | Qty: 1 | Total: ₹1575.27
[2026-07-10 22:47:36] TRADE MATCHED: Ticker: SUNPHARMA | Buy Order: 4190 | Sell Order: 4674 | Price: ₹1049.30 | Qty: 4 | Total: ₹4197.20
[2026-07-10 22:47:36] TRADE MATCHED: Ticker: SUNPHARMA | Buy Order: 3098 | Sell Order: 4674 | Price: ₹1049.15 | Qty: 2 | Total: ₹2098.30
[2026-07-10 22:47:39] TRADE MATCHED: Ticker: HDFCBANK | Buy Order: 4676 | Sell Order: 4660 | Price: ₹1591.53 | Qty: 1 | Total: ₹1591.53
[2026-07-10 22:47:41] TRADE MATCHED: Ticker: TCS | Buy Order: 4678 | Sell Order: 4388 | Price: ₹3195.38 | Qty: 2 | Total: ₹6390.76
[2026-07-10 22:47:42] TRADE MATCHED: Ticker: TCS | Buy Order: 4678 | Sell Order: 4334 | Price: ₹3197.50 | Qty: 3 | Total: ₹9592.50
[2026-07-10 22:47:45] TRADE MATCHED: Ticker: TATAMOTORS | Buy Order: 4680 | Sell Order: 4667 | Price: ₹639.77 | Qty: 5 | Total: ₹3198.85
[2026-07-10 22:47:45] TRADE MATCHED: Ticker: HDFCBANK | Buy Order: 4681 | Sell Order: 4660 | Price: ₹1591.53 | Qty: 3 | Total: ₹4774.59
[2026-07-10 22:47:53] TRADE MATCHED: Ticker: TATAMOTORS | Buy Order: 4580 | Sell Order: 4687 | Price: ₹638.81 | Qty: 3 | Total: ₹1916.43
[2026-07-10 22:47:54] TRADE MATCHED: Ticker: TATAMOTORS | Buy Order: 4664 | Sell Order: 4687 | Price: ₹638.46 | Qty: 9 | Total: ₹5746.14
[2026-07-10 22:47:59] TRADE MATCHED: Ticker: TATAMOTORS | Buy Order: 4664 | Sell Order: 4692 | Price: ₹638.46 | Qty: 6 | Total: ₹3830.76
[2026-07-10 22:48:01] TRADE MATCHED: Ticker: TATAMOTORS | Buy Order: 4677 | Sell Order: 4692 | Price: ₹638.29 | Qty: 6 | Total: ₹3829.74
[2026-07-10 22:48:09] TRADE MATCHED: Ticker: TCS | Buy Order: 4699 | Sell Order: 4696 | Price: ₹3160.83 | Qty: 6 | Total: ₹18964.98
[2026-07-10 22:48:12] TRADE MATCHED: Ticker: HDFCBANK | Buy Order: 4701 | Sell Order: 4700 | Price: ₹1584.07 | Qty: 13 | Total: ₹20592.91
[2026-07-10 22:48:14] TRADE MATCHED: Ticker: TATAMOTORS | Buy Order: 4695 | Sell Order: 4703 | Price: ₹638.85 | Qty: 3 | Total: ₹1916.55
[2026-07-10 22:48:14] TRADE MATCHED: Ticker: TATAMOTORS | Buy Order: 4677 | Sell Order: 4703 | Price: ₹638.29 | Qty: 5 | Total: ₹3191.45
[2026-07-10 22:48:18] TRADE MATCHED: Ticker: HDFCBANK | Buy Order: 4707 | Sell Order: 4700 | Price: ₹1584.07 | Qty: 2 | Total: ₹3168.14
[2026-07-10 22:48:18] TRADE MATCHED: Ticker: HDFCBANK | Buy Order: 4707 | Sell Order: 4660 | Price: ₹1591.53 | Qty: 2 | Total: ₹3183.06
[2026-07-10 22:48:18] TRADE MATCHED: Ticker: HDFCBANK | Buy Order: 4707 | Sell Order: 4562 | Price: ₹1592.72 | Qty: 1 | Total: ₹1592.72
[2026-07-10 22:48:18] TRADE MATCHED: Ticker: HDFCBANK | Buy Order: 4707 | Sell Order: 4603 | Price: ₹1593.95 | Qty: 6 | Total: ₹9563.70
[2026-07-10 22:48:21] TRADE MATCHED: Ticker: TATAMOTORS | Buy Order: 4709 | Sell Order: 4667 | Price: ₹639.77 | Qty: 1 | Total: ₹639.77
[2026-07-10 22:48:22] TRADE MATCHED: Ticker: HDFCBANK | Buy Order: 4711 | Sell Order: 4603 | Price: ₹1593.95 | Qty: 7 | Total: ₹11157.65
[2026-07-10 22:48:22] TRADE MATCHED: Ticker: HDFCBANK | Buy Order: 4711 | Sell Order: 4626 | Price: ₹1597.84 | Qty: 3 | Total: ₹4793.52
[2026-07-10 22:48:22] TRADE MATCHED: Ticker: HDFCBANK | Buy Order: 4711 | Sell Order: 4608 | Price: ₹1598.00 | Qty: 2 | Total: ₹3196.00
[2026-07-10 22:48:24] TRADE MATCHED: Ticker: TATAMOTORS | Buy Order: 4677 | Sell Order: 4712 | Price: ₹638.29 | Qty: 1 | Total: ₹638.29
[2026-07-10 22:48:24] TRADE MATCHED: Ticker: TATAMOTORS | Buy Order: 4512 | Sell Order: 4712 | Price: ₹637.50 | Qty: 2 | Total: ₹1275.00
[2026-07-10 22:48:24] TRADE MATCHED: Ticker: TATAMOTORS | Buy Order: 4485 | Sell Order: 4712 | Price: ₹637.30 | Qty: 9 | Total: ₹5735.70
[2026-07-10 22:48:24] TRADE MATCHED: Ticker: TATAMOTORS | Buy Order: 4713 | Sell Order: 4667 | Price: ₹639.77 | Qty: 2 | Total: ₹1279.54
[2026-07-10 22:48:24] TRADE MATCHED: Ticker: TATAMOTORS | Buy Order: 4713 | Sell Order: 4658 | Price: ₹640.47 | Qty: 7 | Total: ₹4483.29
[2026-07-10 22:48:26] TRADE MATCHED: Ticker: SUNPHARMA | Buy Order: 3098 | Sell Order: 4714 | Price: ₹1049.15 | Qty: 4 | Total: ₹4196.60
[2026-07-10 22:48:26] TRADE MATCHED: Ticker: HDFCBANK | Buy Order: 4715 | Sell Order: 4608 | Price: ₹1598.00 | Qty: 7 | Total: ₹11186.00
[2026-07-10 22:48:26] TRADE MATCHED: Ticker: HDFCBANK | Buy Order: 4715 | Sell Order: 4424 | Price: ₹1598.52 | Qty: 2 | Total: ₹3197.04
[2026-07-10 22:48:36] TRADE MATCHED: Ticker: SUNPHARMA | Buy Order: 4724 | Sell Order: 4673 | Price: ₹1051.64 | Qty: 4 | Total: ₹4206.56
[2026-07-10 22:48:36] TRADE MATCHED: Ticker: SUNPHARMA | Buy Order: 4724 | Sell Order: 4642 | Price: ₹1054.16 | Qty: 4 | Total: ₹4216.64
[2026-07-10 22:48:41] TRADE MATCHED: Ticker: SUNPHARMA | Buy Order: 4728 | Sell Order: 4642 | Price: ₹1054.16 | Qty: 5 | Total: ₹5270.80
[2026-07-10 22:48:43] TRADE MATCHED: Ticker: HDFCBANK | Buy Order: 4710 | Sell Order: 4731 | Price: ₹1589.16 | Qty: 4 | Total: ₹6356.64
[2026-07-10 22:48:43] TRADE MATCHED: Ticker: SUNPHARMA | Buy Order: 4728 | Sell Order: 4732 | Price: ₹1060.02 | Qty: 3 | Total: ₹3180.06
[2026-07-10 22:48:43] TRADE MATCHED: Ticker: SUNPHARMA | Buy Order: 3098 | Sell Order: 4732 | Price: ₹1049.15 | Qty: 2 | Total: ₹2098.30
[2026-07-10 22:48:46] TRADE MATCHED: Ticker: TCS | Buy Order: 4733 | Sell Order: 4696 | Price: ₹3160.83 | Qty: 2 | Total: ₹6321.66
[2026-07-10 22:48:48] TRADE MATCHED: Ticker: TATAMOTORS | Buy Order: 4735 | Sell Order: 4717 | Price: ₹638.58 | Qty: 2 | Total: ₹1277.16
[2026-07-10 22:48:52] TRADE MATCHED: Ticker: TATAMOTORS | Buy Order: 4739 | Sell Order: 4717 | Price: ₹638.58 | Qty: 4 | Total: ₹2554.32
[2026-07-10 22:48:52] TRADE MATCHED: Ticker: TATAMOTORS | Buy Order: 4739 | Sell Order: 4658 | Price: ₹640.47 | Qty: 6 | Total: ₹3842.82
[2026-07-10 22:48:54] TRADE MATCHED: Ticker: TCS | Buy Order: 4685 | Sell Order: 4741 | Price: ₹3158.05 | Qty: 10 | Total: ₹31580.50
[2026-07-10 22:48:54] TRADE MATCHED: Ticker: TCS | Buy Order: 2454 | Sell Order: 4741 | Price: ₹3154.08 | Qty: 3 | Total: ₹9462.24
[2026-07-10 22:49:05] TRADE MATCHED: Ticker: SUNPHARMA | Buy Order: 4737 | Sell Order: 4750 | Price: ₹1059.57 | Qty: 6 | Total: ₹6357.42
[2026-07-10 22:49:05] TRADE MATCHED: Ticker: SUNPHARMA | Buy Order: 4748 | Sell Order: 4750 | Price: ₹1057.77 | Qty: 9 | Total: ₹9519.93
[2026-07-10 22:49:07] TRADE MATCHED: Ticker: SUNPHARMA | Buy Order: 4748 | Sell Order: 4751 | Price: ₹1057.77 | Qty: 2 | Total: ₹2115.54
[2026-07-10 22:49:07] TRADE MATCHED: Ticker: SUNPHARMA | Buy Order: 4738 | Sell Order: 4751 | Price: ₹1050.62 | Qty: 2 | Total: ₹2101.24
[2026-07-10 22:49:09] TRADE MATCHED: Ticker: RELIANCE | Buy Order: 4706 | Sell Order: 4753 | Price: ₹2276.65 | Qty: 7 | Total: ₹15936.55
[2026-07-10 22:49:09] TRADE MATCHED: Ticker: RELIANCE | Buy Order: 4720 | Sell Order: 4753 | Price: ₹2271.33 | Qty: 4 | Total: ₹9085.32
[2026-07-10 22:49:09] TRADE MATCHED: Ticker: SUNPHARMA | Buy Order: 4738 | Sell Order: 4754 | Price: ₹1050.62 | Qty: 6 | Total: ₹6303.72
[2026-07-10 22:49:09] TRADE MATCHED: Ticker: SUNPHARMA | Buy Order: 3098 | Sell Order: 4754 | Price: ₹1049.15 | Qty: 3 | Total: ₹3147.45
[2026-07-10 22:49:10] TRADE MATCHED: Ticker: SUNPHARMA | Buy Order: 2324 | Sell Order: 4754 | Price: ₹1049.11 | Qty: 2 | Total: ₹2098.22
[2026-07-10 22:49:10] TRADE MATCHED: Ticker: SUNPHARMA | Buy Order: 3527 | Sell Order: 4754 | Price: ₹1049.09 | Qty: 2 | Total: ₹2098.18
[2026-07-10 22:49:10] TRADE MATCHED: Ticker: SUNPHARMA | Buy Order: 2956 | Sell Order: 4754 | Price: ₹1048.96 | Qty: 1 | Total: ₹1048.96
[2026-07-10 22:49:11] TRADE MATCHED: Ticker: HDFCBANK | Buy Order: 4710 | Sell Order: 4755 | Price: ₹1589.16 | Qty: 3 | Total: ₹4767.48
[2026-07-10 22:49:12] TRADE MATCHED: Ticker: HDFCBANK | Buy Order: 3273 | Sell Order: 4755 | Price: ₹1575.27 | Qty: 12 | Total: ₹18903.24
[2026-07-10 22:49:12] TRADE MATCHED: Ticker: TCS | Buy Order: 4757 | Sell Order: 4696 | Price: ₹3160.83 | Qty: 3 | Total: ₹9482.49
[2026-07-10 22:49:12] TRADE MATCHED: Ticker: TCS | Buy Order: 4757 | Sell Order: 4334 | Price: ₹3197.50 | Qty: 3 | Total: ₹9592.50
[2026-07-10 22:49:12] TRADE MATCHED: Ticker: TCS | Buy Order: 4757 | Sell Order: 4694 | Price: ₹3200.19 | Qty: 7 | Total: ₹22401.33
[2026-07-10 22:49:15] TRADE MATCHED: Ticker: HDFCBANK | Buy Order: 4747 | Sell Order: 4758 | Price: ₹1575.20 | Qty: 10 | Total: ₹15752.00
[2026-07-10 22:49:15] TRADE MATCHED: Ticker: HDFCBANK | Buy Order: 3693 | Sell Order: 4758 | Price: ₹1574.96 | Qty: 2 | Total: ₹3149.92
[2026-07-10 22:49:16] TRADE MATCHED: Ticker: SUNPHARMA | Buy Order: 4759 | Sell Order: 4300 | Price: ₹1064.91 | Qty: 1 | Total: ₹1064.91
[2026-07-10 22:49:16] TRADE MATCHED: Ticker: SUNPHARMA | Buy Order: 4759 | Sell Order: 4670 | Price: ₹1065.18 | Qty: 4 | Total: ₹4260.72
[2026-07-10 22:49:16] TRADE MATCHED: Ticker: HDFCBANK | Buy Order: 3693 | Sell Order: 4760 | Price: ₹1574.96 | Qty: 1 | Total: ₹1574.96
[2026-07-10 22:49:16] TRADE MATCHED: Ticker: HDFCBANK | Buy Order: 3723 | Sell Order: 4760 | Price: ₹1574.91 | Qty: 2 | Total: ₹3149.82
[2026-07-10 22:49:25] TRADE MATCHED: Ticker: RELIANCE | Buy Order: 4767 | Sell Order: 4697 | Price: ₹2290.78 | Qty: 2 | Total: ₹4581.56
[2026-07-10 22:49:25] TRADE MATCHED: Ticker: RELIANCE | Buy Order: 4767 | Sell Order: 4577 | Price: ₹2290.79 | Qty: 5 | Total: ₹11453.95
[2026-07-10 22:49:25] TRADE MATCHED: Ticker: RELIANCE | Buy Order: 4767 | Sell Order: 4493 | Price: ₹2290.86 | Qty: 5 | Total: ₹11454.30
[2026-07-10 22:49:27] TRADE MATCHED: Ticker: TCS | Buy Order: 4768 | Sell Order: 4694 | Price: ₹3200.19 | Qty: 8 | Total: ₹25601.52
[2026-07-10 22:49:27] TRADE MATCHED: Ticker: TCS | Buy Order: 4768 | Sell Order: 4393 | Price: ₹3201.06 | Qty: 2 | Total: ₹6402.12
[2026-07-10 22:49:27] TRADE MATCHED: Ticker: TCS | Buy Order: 4768 | Sell Order: 4390 | Price: ₹3204.96 | Qty: 1 | Total: ₹3204.96
[2026-07-10 22:49:33] TRADE MATCHED: Ticker: SUNPHARMA | Buy Order: 4773 | Sell Order: 4670 | Price: ₹1065.18 | Qty: 7 | Total: ₹7456.26
[2026-07-10 22:49:33] TRADE MATCHED: Ticker: SUNPHARMA | Buy Order: 4773 | Sell Order: 4172 | Price: ₹1066.60 | Qty: 1 | Total: ₹1066.60
[2026-07-10 22:49:34] TRADE MATCHED: Ticker: HDFCBANK | Buy Order: 4765 | Sell Order: 4774 | Price: ₹1588.47 | Qty: 5 | Total: ₹7942.35
[2026-07-10 22:49:36] TRADE MATCHED: Ticker: HDFCBANK | Buy Order: 4765 | Sell Order: 4776 | Price: ₹1588.47 | Qty: 1 | Total: ₹1588.47
[2026-07-10 22:49:36] TRADE MATCHED: Ticker: HDFCBANK | Buy Order: 4764 | Sell Order: 4776 | Price: ₹1580.10 | Qty: 9 | Total: ₹14220.90
[2026-07-10 22:49:36] TRADE MATCHED: Ticker: HDFCBANK | Buy Order: 3723 | Sell Order: 4776 | Price: ₹1574.91 | Qty: 1 | Total: ₹1574.91
[2026-07-10 22:49:46] TRADE MATCHED: Ticker: RELIANCE | Buy Order: 4784 | Sell Order: 4777 | Price: ₹2287.84 | Qty: 6 | Total: ₹13727.04
[2026-07-10 22:49:46] TRADE MATCHED: Ticker: RELIANCE | Buy Order: 4784 | Sell Order: 4493 | Price: ₹2290.86 | Qty: 4 | Total: ₹9163.44
[2026-07-10 22:49:49] TRADE MATCHED: Ticker: SUNPHARMA | Buy Order: 4775 | Sell Order: 4787 | Price: ₹1059.47 | Qty: 3 | Total: ₹3178.41
[2026-07-10 22:49:52] TRADE MATCHED: Ticker: HDFCBANK | Buy Order: 4789 | Sell Order: 4424 | Price: ₹1598.52 | Qty: 1 | Total: ₹1598.52
[2026-07-10 22:49:53] TRADE MATCHED: Ticker: TCS | Buy Order: 2454 | Sell Order: 4790 | Price: ₹3154.08 | Qty: 1 | Total: ₹3154.08
[2026-07-10 22:49:53] TRADE MATCHED: Ticker: HDFCBANK | Buy Order: 4791 | Sell Order: 4424 | Price: ₹1598.52 | Qty: 7 | Total: ₹11189.64
[2026-07-10 22:49:53] TRADE MATCHED: Ticker: HDFCBANK | Buy Order: 4791 | Sell Order: 3437 | Price: ₹1598.81 | Qty: 2 | Total: ₹3197.62
[2026-07-10 22:49:55] TRADE MATCHED: Ticker: TCS | Buy Order: 2454 | Sell Order: 4792 | Price: ₹3154.08 | Qty: 1 | Total: ₹3154.08
[2026-07-10 22:49:55] TRADE MATCHED: Ticker: TCS | Buy Order: 4479 | Sell Order: 4792 | Price: ₹3153.18 | Qty: 2 | Total: ₹6306.36
[2026-07-10 22:49:55] TRADE MATCHED: Ticker: TCS | Buy Order: 3235 | Sell Order: 4792 | Price: ₹3152.81 | Qty: 1 | Total: ₹3152.81
[2026-07-10 22:49:55] TRADE MATCHED: Ticker: TCS | Buy Order: 3195 | Sell Order: 4792 | Price: ₹3152.62 | Qty: 9 | Total: ₹28373.58
[2026-07-10 22:49:55] TRADE MATCHED: Ticker: TCS | Buy Order: 3975 | Sell Order: 4792 | Price: ₹3152.37 | Qty: 2 | Total: ₹6304.74
[2026-07-10 22:49:55] TRADE MATCHED: Ticker: TATAMOTORS | Buy Order: 4793 | Sell Order: 4668 | Price: ₹640.59 | Qty: 7 | Total: ₹4484.13
[2026-07-10 22:49:56] TRADE MATCHED: Ticker: TATAMOTORS | Buy Order: 4793 | Sell Order: 4634 | Price: ₹640.75 | Qty: 5 | Total: ₹3203.75
[2026-07-10 22:50:01] TRADE MATCHED: Ticker: SUNPHARMA | Buy Order: 4796 | Sell Order: 4786 | Price: ₹1060.58 | Qty: 1 | Total: ₹1060.58
[2026-07-10 22:50:01] TRADE MATCHED: Ticker: TATAMOTORS | Buy Order: 4797 | Sell Order: 4634 | Price: ₹640.75 | Qty: 6 | Total: ₹3844.50
[2026-07-10 22:50:01] TRADE MATCHED: Ticker: TATAMOTORS | Buy Order: 4797 | Sell Order: 4729 | Price: ₹640.81 | Qty: 9 | Total: ₹5767.29
[2026-07-10 22:50:02] TRADE MATCHED: Ticker: SUNPHARMA | Buy Order: 4775 | Sell Order: 4798 | Price: ₹1059.47 | Qty: 6 | Total: ₹6356.82
[2026-07-10 22:50:02] TRADE MATCHED: Ticker: SUNPHARMA | Buy Order: 4756 | Sell Order: 4798 | Price: ₹1056.24 | Qty: 1 | Total: ₹1056.24
[2026-07-10 22:50:03] TRADE MATCHED: Ticker: SUNPHARMA | Buy Order: 4799 | Sell Order: 4778 | Price: ₹1061.00 | Qty: 9 | Total: ₹9549.00
[2026-07-10 22:50:03] TRADE MATCHED: Ticker: SUNPHARMA | Buy Order: 4799 | Sell Order: 4172 | Price: ₹1066.60 | Qty: 4 | Total: ₹4266.40
[2026-07-10 22:50:03] TRADE MATCHED: Ticker: SUNPHARMA | Buy Order: 4799 | Sell Order: 3838 | Price: ₹1067.53 | Qty: 1 | Total: ₹1067.53
[2026-07-10 22:50:06] TRADE MATCHED: Ticker: SUNPHARMA | Buy Order: 4802 | Sell Order: 3838 | Price: ₹1067.53 | Qty: 2 | Total: ₹2135.06
[2026-07-10 22:50:06] TRADE MATCHED: Ticker: SUNPHARMA | Buy Order: 4802 | Sell Order: 4438 | Price: ₹1067.66 | Qty: 7 | Total: ₹7473.62
[2026-07-10 22:50:08] TRADE MATCHED: Ticker: SUNPHARMA | Buy Order: 4803 | Sell Order: 3983 | Price: ₹1068.14 | Qty: 12 | Total: ₹12817.68
[2026-07-10 22:50:10] TRADE MATCHED: Ticker: RELIANCE | Buy Order: 4806 | Sell Order: 4493 | Price: ₹2290.86 | Qty: 1 | Total: ₹2290.86
[2026-07-10 22:50:10] TRADE MATCHED: Ticker: RELIANCE | Buy Order: 4806 | Sell Order: 4541 | Price: ₹2291.55 | Qty: 5 | Total: ₹11457.75
[2026-07-10 22:50:10] TRADE MATCHED: Ticker: RELIANCE | Buy Order: 4806 | Sell Order: 4392 | Price: ₹2292.55 | Qty: 3 | Total: ₹6877.65
[2026-07-10 22:50:13] TRADE MATCHED: Ticker: SUNPHARMA | Buy Order: 4808 | Sell Order: 3983 | Price: ₹1068.14 | Qty: 1 | Total: ₹1068.14
[2026-07-10 22:50:13] TRADE MATCHED: Ticker: SUNPHARMA | Buy Order: 4808 | Sell Order: 4662 | Price: ₹1068.14 | Qty: 13 | Total: ₹13885.82
[2026-07-10 22:50:18] TRADE MATCHED: Ticker: HDFCBANK | Buy Order: 4813 | Sell Order: 3437 | Price: ₹1598.81 | Qty: 1 | Total: ₹1598.81
[2026-07-10 22:50:18] TRADE MATCHED: Ticker: HDFCBANK | Buy Order: 4813 | Sell Order: 3239 | Price: ₹1599.15 | Qty: 1 | Total: ₹1599.15
[2026-07-10 22:50:18] TRADE MATCHED: Ticker: HDFCBANK | Buy Order: 4813 | Sell Order: 918 | Price: ₹1599.55 | Qty: 6 | Total: ₹9597.30
[2026-07-10 22:50:20] TRADE MATCHED: Ticker: TCS | Buy Order: 3975 | Sell Order: 4814 | Price: ₹3152.37 | Qty: 4 | Total: ₹12609.48
[2026-07-10 22:50:20] TRADE MATCHED: Ticker: HDFCBANK | Buy Order: 4788 | Sell Order: 4815 | Price: ₹1579.77 | Qty: 4 | Total: ₹6319.08
[2026-07-10 22:50:20] TRADE MATCHED: Ticker: HDFCBANK | Buy Order: 3723 | Sell Order: 4815 | Price: ₹1574.91 | Qty: 2 | Total: ₹3149.82
[2026-07-10 22:50:25] TRADE MATCHED: Ticker: TCS | Buy Order: 4816 | Sell Order: 4818 | Price: ₹3168.91 | Qty: 14 | Total: ₹44364.74
[2026-07-10 22:50:26] TRADE MATCHED: Ticker: RELIANCE | Buy Order: 4801 | Sell Order: 4820 | Price: ₹2290.32 | Qty: 9 | Total: ₹20612.88
[2026-07-10 22:50:26] TRADE MATCHED: Ticker: RELIANCE | Buy Order: 4720 | Sell Order: 4820 | Price: ₹2271.33 | Qty: 2 | Total: ₹4542.66
[2026-07-10 22:50:27] TRADE MATCHED: Ticker: RELIANCE | Buy Order: 4817 | Sell Order: 4820 | Price: ₹2270.53 | Qty: 2 | Total: ₹4541.06
[2026-07-10 22:50:29] TRADE MATCHED: Ticker: HDFCBANK | Buy Order: 3723 | Sell Order: 4821 | Price: ₹1574.91 | Qty: 4 | Total: ₹6299.64
[2026-07-10 22:50:31] TRADE MATCHED: Ticker: HDFCBANK | Buy Order: 4683 | Sell Order: 4821 | Price: ₹1574.60 | Qty: 1 | Total: ₹1574.60
[2026-07-10 22:50:36] TRADE MATCHED: Ticker: HDFCBANK | Buy Order: 4683 | Sell Order: 4827 | Price: ₹1574.60 | Qty: 7 | Total: ₹11022.20
[2026-07-10 22:50:39] TRADE MATCHED: Ticker: TCS | Buy Order: 4816 | Sell Order: 4829 | Price: ₹3168.91 | Qty: 1 | Total: ₹3168.91
[2026-07-10 22:50:39] TRADE MATCHED: Ticker: TCS | Buy Order: 3975 | Sell Order: 4829 | Price: ₹3152.37 | Qty: 3 | Total: ₹9457.11
[2026-07-10 22:50:41] TRADE MATCHED: Ticker: TATAMOTORS | Buy Order: 4831 | Sell Order: 4823 | Price: ₹638.65 | Qty: 3 | Total: ₹1915.95
[2026-07-10 22:50:42] TRADE MATCHED: Ticker: SUNPHARMA | Buy Order: 4811 | Sell Order: 4833 | Price: ₹1057.04 | Qty: 5 | Total: ₹5285.20
[2026-07-10 22:50:46] TRADE MATCHED: Ticker: TATAMOTORS | Buy Order: 4836 | Sell Order: 4823 | Price: ₹638.65 | Qty: 6 | Total: ₹3831.90
[2026-07-10 22:50:46] TRADE MATCHED: Ticker: TATAMOTORS | Buy Order: 4836 | Sell Order: 4729 | Price: ₹640.81 | Qty: 3 | Total: ₹1922.43
[2026-07-10 22:50:46] TRADE MATCHED: Ticker: TATAMOTORS | Buy Order: 4836 | Sell Order: 4828 | Price: ₹640.90 | Qty: 1 | Total: ₹640.90
[2026-07-10 22:50:46] TRADE MATCHED: Ticker: TATAMOTORS | Buy Order: 4836 | Sell Order: 4594 | Price: ₹641.35 | Qty: 2 | Total: ₹1282.70
[2026-07-10 22:50:49] TRADE MATCHED: Ticker: SUNPHARMA | Buy Order: 4838 | Sell Order: 4662 | Price: ₹1068.14 | Qty: 2 | Total: ₹2136.28
[2026-07-10 22:50:49] TRADE MATCHED: Ticker: SUNPHARMA | Buy Order: 4838 | Sell Order: 4010 | Price: ₹1068.73 | Qty: 5 | Total: ₹5343.65
[2026-07-10 22:50:51] TRADE MATCHED: Ticker: SUNPHARMA | Buy Order: 4811 | Sell Order: 4839 | Price: ₹1057.04 | Qty: 2 | Total: ₹2114.08
[2026-07-10 22:50:51] TRADE MATCHED: Ticker: SUNPHARMA | Buy Order: 4756 | Sell Order: 4839 | Price: ₹1056.24 | Qty: 4 | Total: ₹4224.96
[2026-07-10 22:50:56] TRADE MATCHED: Ticker: HDFCBANK | Buy Order: 4841 | Sell Order: 4844 | Price: ₹1595.06 | Qty: 3 | Total: ₹4785.18
[2026-07-10 22:51:00] TRADE MATCHED: Ticker: SUNPHARMA | Buy Order: 4846 | Sell Order: 4840 | Price: ₹1049.74 | Qty: 1 | Total: ₹1049.74
[2026-07-10 22:51:01] TRADE MATCHED: Ticker: SUNPHARMA | Buy Order: 4846 | Sell Order: 4839 | Price: ₹1052.20 | Qty: 6 | Total: ₹6313.20
[2026-07-10 22:51:01] TRADE MATCHED: Ticker: HDFCBANK | Buy Order: 4848 | Sell Order: 918 | Price: ₹1599.55 | Qty: 6 | Total: ₹9597.30
[2026-07-10 22:51:07] TRADE MATCHED: Ticker: TATAMOTORS | Buy Order: 4852 | Sell Order: 4837 | Price: ₹639.04 | Qty: 2 | Total: ₹1278.08
[2026-07-10 22:51:09] TRADE MATCHED: Ticker: SUNPHARMA | Buy Order: 4846 | Sell Order: 4853 | Price: ₹1067.96 | Qty: 8 | Total: ₹8543.68
[2026-07-10 22:51:10] TRADE MATCHED: Ticker: SUNPHARMA | Buy Order: 2956 | Sell Order: 4853 | Price: ₹1048.96 | Qty: 5 | Total: ₹5244.80
[2026-07-10 22:51:10] TRADE MATCHED: Ticker: TATAMOTORS | Buy Order: 4852 | Sell Order: 4854 | Price: ₹639.81 | Qty: 7 | Total: ₹4478.67
[2026-07-10 22:51:10] TRADE MATCHED: Ticker: TATAMOTORS | Buy Order: 4742 | Sell Order: 4854 | Price: ₹637.45 | Qty: 7 | Total: ₹4462.15
[2026-07-10 22:51:10] TRADE MATCHED: Ticker: TATAMOTORS | Buy Order: 4855 | Sell Order: 4594 | Price: ₹641.35 | Qty: 4 | Total: ₹2565.40
[2026-07-10 22:51:19] TRADE MATCHED: Ticker: TATAMOTORS | Buy Order: 4861 | Sell Order: 4594 | Price: ₹641.35 | Qty: 4 | Total: ₹2565.40
[2026-07-10 22:51:19] TRADE MATCHED: Ticker: TATAMOTORS | Buy Order: 4861 | Sell Order: 517 | Price: ₹643.27 | Qty: 1 | Total: ₹643.27
[2026-07-10 22:51:19] TRADE MATCHED: Ticker: TATAMOTORS | Buy Order: 4861 | Sell Order: 4770 | Price: ₹643.27 | Qty: 8 | Total: ₹5146.16
[2026-07-10 22:51:23] TRADE MATCHED: Ticker: SUNPHARMA | Buy Order: 4862 | Sell Order: 4864 | Price: ₹1063.48 | Qty: 1 | Total: ₹1063.48
[2026-07-10 22:51:25] TRADE MATCHED: Ticker: TCS | Buy Order: 4865 | Sell Order: 4849 | Price: ₹3177.12 | Qty: 2 | Total: ₹6354.24
[2026-07-10 22:51:28] TRADE MATCHED: Ticker: HDFCBANK | Buy Order: 4866 | Sell Order: 4867 | Price: ₹1597.41 | Qty: 14 | Total: ₹22363.74
[2026-07-10 22:51:31] TRADE MATCHED: Ticker: TCS | Buy Order: 4871 | Sell Order: 4870 | Price: ₹3167.89 | Qty: 2 | Total: ₹6335.78
[2026-07-10 22:51:31] TRADE MATCHED: Ticker: TCS | Buy Order: 4871 | Sell Order: 4849 | Price: ₹3177.12 | Qty: 2 | Total: ₹6354.24
[2026-07-10 22:51:33] TRADE MATCHED: Ticker: RELIANCE | Buy Order: 4822 | Sell Order: 4872 | Price: ₹2278.83 | Qty: 14 | Total: ₹31903.62
[2026-07-10 22:51:33] TRADE MATCHED: Ticker: RELIANCE | Buy Order: 4817 | Sell Order: 4872 | Price: ₹2270.53 | Qty: 1 | Total: ₹2270.53
[2026-07-10 22:51:35] TRADE MATCHED: Ticker: HDFCBANK | Buy Order: 4873 | Sell Order: 4867 | Price: ₹1597.29 | Qty: 1 | Total: ₹1597.29
[2026-07-10 22:51:35] TRADE MATCHED: Ticker: HDFCBANK | Buy Order: 4873 | Sell Order: 918 | Price: ₹1599.55 | Qty: 3 | Total: ₹4798.65
[2026-07-10 22:51:35] TRADE MATCHED: Ticker: HDFCBANK | Buy Order: 4873 | Sell Order: 4586 | Price: ₹1599.57 | Qty: 4 | Total: ₹6398.28
[2026-07-10 22:51:35] TRADE MATCHED: Ticker: SUNPHARMA | Buy Order: 4874 | Sell Order: 4010 | Price: ₹1068.73 | Qty: 7 | Total: ₹7481.11
[2026-07-10 22:51:35] TRADE MATCHED: Ticker: SUNPHARMA | Buy Order: 4874 | Sell Order: 3946 | Price: ₹1069.72 | Qty: 1 | Total: ₹1069.72
[2026-07-10 22:51:35] TRADE MATCHED: Ticker: SUNPHARMA | Buy Order: 4874 | Sell Order: 4651 | Price: ₹1070.36 | Qty: 1 | Total: ₹1070.36
[2026-07-10 22:52:03] TRADE MATCHED: Ticker: RELIANCE | Buy Order: 4877 | Sell Order: 4847 | Price: ₹2284.29 | Qty: 4 | Total: ₹9137.16
[2026-07-10 22:52:04] TRADE MATCHED: Ticker: RELIANCE | Buy Order: 4877 | Sell Order: 4392 | Price: ₹2292.55 | Qty: 1 | Total: ₹2292.55
[2026-07-10 22:52:04] TRADE MATCHED: Ticker: SUNPHARMA | Buy Order: 4862 | Sell Order: 4878 | Price: ₹1063.48 | Qty: 3 | Total: ₹3190.44
[2026-07-10 22:52:07] TRADE MATCHED: Ticker: TCS | Buy Order: 4880 | Sell Order: 4849 | Price: ₹3177.12 | Qty: 8 | Total: ₹25416.96
[2026-07-10 22:52:07] TRADE MATCHED: Ticker: TCS | Buy Order: 4880 | Sell Order: 4785 | Price: ₹3178.47 | Qty: 3 | Total: ₹9535.41
[2026-07-10 22:52:08] TRADE MATCHED: Ticker: SUNPHARMA | Buy Order: 4881 | Sell Order: 4651 | Price: ₹1070.36 | Qty: 8 | Total: ₹8562.88
[2026-07-10 22:52:08] TRADE MATCHED: Ticker: SUNPHARMA | Buy Order: 4881 | Sell Order: 4843 | Price: ₹1070.49 | Qty: 2 | Total: ₹2140.98
[2026-07-10 22:52:09] TRADE MATCHED: Ticker: TCS | Buy Order: 4882 | Sell Order: 4785 | Price: ₹3178.47 | Qty: 3 | Total: ₹9535.41
[2026-07-10 22:52:15] TRADE MATCHED: Ticker: SUNPHARMA | Buy Order: 4886 | Sell Order: 4843 | Price: ₹1070.49 | Qty: 1 | Total: ₹1070.49
[2026-07-10 22:52:15] TRADE MATCHED: Ticker: SUNPHARMA | Buy Order: 4886 | Sell Order: 4549 | Price: ₹1070.52 | Qty: 1 | Total: ₹1070.52
[2026-07-10 22:52:15] TRADE MATCHED: Ticker: SUNPHARMA | Buy Order: 4886 | Sell Order: 4460 | Price: ₹1071.14 | Qty: 1 | Total: ₹1071.14
[2026-07-10 22:52:15] TRADE MATCHED: Ticker: SUNPHARMA | Buy Order: 4886 | Sell Order: 3766 | Price: ₹1071.26 | Qty: 11 | Total: ₹11783.86
[2026-07-10 22:52:15] TRADE MATCHED: Ticker: SUNPHARMA | Buy Order: 4886 | Sell Order: 4449 | Price: ₹1071.32 | Qty: 1 | Total: ₹1071.32
[2026-07-10 22:52:18] TRADE MATCHED: Ticker: TCS | Buy Order: 4850 | Sell Order: 4888 | Price: ₹3154.12 | Qty: 10 | Total: ₹31541.20
[2026-07-10 22:52:19] TRADE MATCHED: Ticker: TCS | Buy Order: 4890 | Sell Order: 4785 | Price: ₹3178.47 | Qty: 2 | Total: ₹6356.94
[2026-07-10 22:52:21] TRADE MATCHED: Ticker: RELIANCE | Buy Order: 4891 | Sell Order: 4879 | Price: ₹2272.47 | Qty: 7 | Total: ₹15907.29
[2026-07-10 22:52:26] TRADE MATCHED: Ticker: TATAMOTORS | Buy Order: 4742 | Sell Order: 4895 | Price: ₹637.45 | Qty: 3 | Total: ₹1912.35
[2026-07-10 22:52:26] TRADE MATCHED: Ticker: TATAMOTORS | Buy Order: 4485 | Sell Order: 4895 | Price: ₹637.30 | Qty: 1 | Total: ₹637.30
[2026-07-10 22:52:26] TRADE MATCHED: Ticker: TATAMOTORS | Buy Order: 4716 | Sell Order: 4895 | Price: ₹637.13 | Qty: 8 | Total: ₹5097.04
[2026-07-10 22:52:27] TRADE MATCHED: Ticker: RELIANCE | Buy Order: 4817 | Sell Order: 4896 | Price: ₹2270.53 | Qty: 6 | Total: ₹13623.18
[2026-07-10 22:52:28] TRADE MATCHED: Ticker: TATAMOTORS | Buy Order: 4897 | Sell Order: 4889 | Price: ₹638.47 | Qty: 1 | Total: ₹638.47
[2026-07-10 22:52:29] TRADE MATCHED: Ticker: RELIANCE | Buy Order: 4898 | Sell Order: 4879 | Price: ₹2272.47 | Qty: 6 | Total: ₹13634.82
[2026-07-10 22:52:31] TRADE MATCHED: Ticker: RELIANCE | Buy Order: 4901 | Sell Order: 4879 | Price: ₹2272.47 | Qty: 1 | Total: ₹2272.47
[2026-07-10 22:52:33] TRADE MATCHED: Ticker: SUNPHARMA | Buy Order: 4903 | Sell Order: 4902 | Price: ₹1069.87 | Qty: 2 | Total: ₹2139.74
[2026-07-10 22:52:37] TRADE MATCHED: Ticker: SUNPHARMA | Buy Order: 4906 | Sell Order: 4902 | Price: ₹1069.87 | Qty: 2 | Total: ₹2139.74
[2026-07-10 22:52:37] TRADE MATCHED: Ticker: SUNPHARMA | Buy Order: 4906 | Sell Order: 4449 | Price: ₹1071.32 | Qty: 2 | Total: ₹2142.64
[2026-07-10 22:52:37] TRADE MATCHED: Ticker: SUNPHARMA | Buy Order: 4906 | Sell Order: 3921 | Price: ₹1071.50 | Qty: 9 | Total: ₹9643.50
[2026-07-10 22:52:41] TRADE MATCHED: Ticker: SUNPHARMA | Buy Order: 4862 | Sell Order: 4908 | Price: ₹1063.48 | Qty: 7 | Total: ₹7444.36
[2026-07-10 22:52:42] TRADE MATCHED: Ticker: TCS | Buy Order: 4909 | Sell Order: 4907 | Price: ₹3152.39 | Qty: 4 | Total: ₹12609.56
[2026-07-10 22:52:43] TRADE MATCHED: Ticker: TCS | Buy Order: 4910 | Sell Order: 4907 | Price: ₹3152.39 | Qty: 8 | Total: ₹25219.12
[2026-07-10 22:52:43] TRADE MATCHED: Ticker: TCS | Buy Order: 4910 | Sell Order: 4894 | Price: ₹3152.81 | Qty: 2 | Total: ₹6305.62
[2026-07-10 22:52:45] TRADE MATCHED: Ticker: HDFCBANK | Buy Order: 4912 | Sell Order: 3351 | Price: ₹1599.88 | Qty: 3 | Total: ₹4799.64
[2026-07-10 22:52:54] TRADE MATCHED: Ticker: SUNPHARMA | Buy Order: 4920 | Sell Order: 3921 | Price: ₹1071.50 | Qty: 3 | Total: ₹3214.50
[2026-07-10 22:52:55] TRADE MATCHED: Ticker: SUNPHARMA | Buy Order: 4920 | Sell Order: 1743 | Price: ₹1072.17 | Qty: 3 | Total: ₹3216.51
[2026-07-10 22:52:55] TRADE MATCHED: Ticker: SUNPHARMA | Buy Order: 4920 | Sell Order: 2824 | Price: ₹1072.20 | Qty: 5 | Total: ₹5361.00
[2026-07-10 22:52:55] TRADE MATCHED: Ticker: SUNPHARMA | Buy Order: 4920 | Sell Order: 3600 | Price: ₹1072.40 | Qty: 3 | Total: ₹3217.20
[2026-07-10 22:52:58] TRADE MATCHED: Ticker: TATAMOTORS | Buy Order: 4921 | Sell Order: 4922 | Price: ₹638.30 | Qty: 4 | Total: ₹2553.20
[2026-07-10 22:52:58] TRADE MATCHED: Ticker: TATAMOTORS | Buy Order: 4552 | Sell Order: 4922 | Price: ₹636.69 | Qty: 8 | Total: ₹5093.52
[2026-07-10 22:52:59] TRADE MATCHED: Ticker: TATAMOTORS | Buy Order: 4552 | Sell Order: 4923 | Price: ₹636.69 | Qty: 3 | Total: ₹1910.07
[2026-07-10 22:52:59] TRADE MATCHED: Ticker: TATAMOTORS | Buy Order: 4860 | Sell Order: 4923 | Price: ₹636.66 | Qty: 5 | Total: ₹3183.30
[2026-07-10 22:52:59] TRADE MATCHED: Ticker: TATAMOTORS | Buy Order: 4810 | Sell Order: 4923 | Price: ₹636.51 | Qty: 2 | Total: ₹1273.02
[2026-07-10 22:53:00] TRADE MATCHED: Ticker: TATAMOTORS | Buy Order: 4810 | Sell Order: 4924 | Price: ₹636.51 | Qty: 1 | Total: ₹636.51
[2026-07-10 22:53:02] TRADE MATCHED: Ticker: TATAMOTORS | Buy Order: 4810 | Sell Order: 4925 | Price: ₹636.51 | Qty: 7 | Total: ₹4455.57
[2026-07-10 22:53:02] TRADE MATCHED: Ticker: TATAMOTORS | Buy Order: 4544 | Sell Order: 4925 | Price: ₹636.25 | Qty: 6 | Total: ₹3817.50
[2026-07-10 22:53:03] TRADE MATCHED: Ticker: TATAMOTORS | Buy Order: 4544 | Sell Order: 4926 | Price: ₹636.25 | Qty: 3 | Total: ₹1908.75
[2026-07-10 22:53:03] TRADE MATCHED: Ticker: TATAMOTORS | Buy Order: 4805 | Sell Order: 4926 | Price: ₹635.95 | Qty: 4 | Total: ₹2543.80
[2026-07-10 22:53:03] TRADE MATCHED: Ticker: RELIANCE | Buy Order: 4913 | Sell Order: 4927 | Price: ₹2284.21 | Qty: 8 | Total: ₹18273.68
[2026-07-10 22:53:08] TRADE MATCHED: Ticker: HDFCBANK | Buy Order: 4931 | Sell Order: 3351 | Price: ₹1599.88 | Qty: 7 | Total: ₹11199.16
[2026-07-10 22:53:12] TRADE MATCHED: Ticker: TATAMOTORS | Buy Order: 4935 | Sell Order: 4889 | Price: ₹638.47 | Qty: 7 | Total: ₹4469.29
[2026-07-10 22:53:16] TRADE MATCHED: Ticker: RELIANCE | Buy Order: 4937 | Sell Order: 4392 | Price: ₹2292.55 | Qty: 3 | Total: ₹6877.65
[2026-07-10 22:53:16] TRADE MATCHED: Ticker: RELIANCE | Buy Order: 4937 | Sell Order: 4470 | Price: ₹2293.22 | Qty: 2 | Total: ₹4586.44
[2026-07-10 22:53:16] TRADE MATCHED: Ticker: RELIANCE | Buy Order: 4939 | Sell Order: 4470 | Price: ₹2293.22 | Qty: 4 | Total: ₹9172.88
[2026-07-10 22:53:16] TRADE MATCHED: Ticker: RELIANCE | Buy Order: 4939 | Sell Order: 4528 | Price: ₹2294.55 | Qty: 5 | Total: ₹11472.75
[2026-07-10 22:53:16] TRADE MATCHED: Ticker: RELIANCE | Buy Order: 4939 | Sell Order: 4519 | Price: ₹2295.78 | Qty: 6 | Total: ₹13774.68
[2026-07-10 22:53:23] TRADE MATCHED: Ticker: SUNPHARMA | Buy Order: 4941 | Sell Order: 4943 | Price: ₹1065.94 | Qty: 1 | Total: ₹1065.94
[2026-07-10 22:53:23] TRADE MATCHED: Ticker: TATAMOTORS | Buy Order: 4805 | Sell Order: 4944 | Price: ₹635.95 | Qty: 2 | Total: ₹1271.90
[2026-07-10 22:53:28] TRADE MATCHED: Ticker: TCS | Buy Order: 2629 | Sell Order: 4946 | Price: ₹3152.32 | Qty: 1 | Total: ₹3152.32
[2026-07-10 22:53:29] TRADE MATCHED: Ticker: HDFCBANK | Buy Order: 4948 | Sell Order: 3351 | Price: ₹1599.88 | Qty: 3 | Total: ₹4799.64
[2026-07-10 22:53:29] TRADE MATCHED: Ticker: HDFCBANK | Buy Order: 4948 | Sell Order: 4451 | Price: ₹1599.98 | Qty: 2 | Total: ₹3199.96
[2026-07-10 22:53:30] TRADE MATCHED: Ticker: HDFCBANK | Buy Order: 4949 | Sell Order: 3183 | Price: ₹1600.07 | Qty: 3 | Total: ₹4800.21
[2026-07-10 22:53:30] TRADE MATCHED: Ticker: HDFCBANK | Buy Order: 4949 | Sell Order: 4919 | Price: ₹1600.09 | Qty: 1 | Total: ₹1600.09
[2026-07-10 22:53:31] TRADE MATCHED: Ticker: SUNPHARMA | Buy Order: 4950 | Sell Order: 4943 | Price: ₹1065.37 | Qty: 8 | Total: ₹8522.96
[2026-07-10 22:53:34] TRADE MATCHED: Ticker: TATAMOTORS | Buy Order: 4805 | Sell Order: 4952 | Price: ₹635.95 | Qty: 2 | Total: ₹1271.90
[2026-07-10 22:53:34] TRADE MATCHED: Ticker: TATAMOTORS | Buy Order: 4555 | Sell Order: 4952 | Price: ₹635.63 | Qty: 4 | Total: ₹2542.52
[2026-07-10 22:53:34] TRADE MATCHED: Ticker: TATAMOTORS | Buy Order: 4582 | Sell Order: 4952 | Price: ₹634.31 | Qty: 2 | Total: ₹1268.62
[2026-07-10 22:53:34] TRADE MATCHED: Ticker: TATAMOTORS | Buy Order: 4722 | Sell Order: 4952 | Price: ₹634.14 | Qty: 5 | Total: ₹3170.70
[2026-07-10 22:53:35] TRADE MATCHED: Ticker: TCS | Buy Order: 2629 | Sell Order: 4953 | Price: ₹3152.32 | Qty: 12 | Total: ₹37827.84
[2026-07-10 22:53:35] TRADE MATCHED: Ticker: TATAMOTORS | Buy Order: 4954 | Sell Order: 4952 | Price: ₹633.16 | Qty: 1 | Total: ₹633.16
[2026-07-10 22:53:40] TRADE MATCHED: Ticker: TATAMOTORS | Buy Order: 4954 | Sell Order: 4957 | Price: ₹638.92 | Qty: 5 | Total: ₹3194.60
[2026-07-10 22:53:43] TRADE MATCHED: Ticker: RELIANCE | Buy Order: 4913 | Sell Order: 4958 | Price: ₹2284.21 | Qty: 4 | Total: ₹9136.84
[2026-07-10 22:53:44] TRADE MATCHED: Ticker: HDFCBANK | Buy Order: 4841 | Sell Order: 4959 | Price: ₹1595.06 | Qty: 3 | Total: ₹4785.18
[2026-07-10 22:53:44] TRADE MATCHED: Ticker: HDFCBANK | Buy Order: 4956 | Sell Order: 4959 | Price: ₹1592.42 | Qty: 6 | Total: ₹9554.52
[2026-07-10 22:53:45] TRADE MATCHED: Ticker: TCS | Buy Order: 3875 | Sell Order: 4961 | Price: ₹3152.12 | Qty: 9 | Total: ₹28369.08
[2026-07-10 22:53:46] TRADE MATCHED: Ticker: SUNPHARMA | Buy Order: 4862 | Sell Order: 4962 | Price: ₹1063.48 | Qty: 1 | Total: ₹1063.48
[2026-07-10 22:53:46] TRADE MATCHED: Ticker: SUNPHARMA | Buy Order: 4868 | Sell Order: 4962 | Price: ₹1063.09 | Qty: 11 | Total: ₹11693.99
[2026-07-10 22:53:46] TRADE MATCHED: Ticker: SUNPHARMA | Buy Order: 4960 | Sell Order: 4962 | Price: ₹1055.83 | Qty: 3 | Total: ₹3167.49
[2026-07-10 22:53:50] TRADE MATCHED: Ticker: RELIANCE | Buy Order: 4913 | Sell Order: 4967 | Price: ₹2284.21 | Qty: 1 | Total: ₹2284.21
[2026-07-10 22:53:53] TRADE MATCHED: Ticker: HDFCBANK | Buy Order: 4956 | Sell Order: 4968 | Price: ₹1592.42 | Qty: 4 | Total: ₹6369.68
[2026-07-10 22:53:53] TRADE MATCHED: Ticker: HDFCBANK | Buy Order: 4859 | Sell Order: 4968 | Price: ₹1577.33 | Qty: 1 | Total: ₹1577.33
[2026-07-10 22:53:53] TRADE MATCHED: Ticker: RELIANCE | Buy Order: 4817 | Sell Order: 4969 | Price: ₹2270.53 | Qty: 4 | Total: ₹9082.12
[2026-07-10 22:53:53] TRADE MATCHED: Ticker: RELIANCE | Buy Order: 4830 | Sell Order: 4969 | Price: ₹2269.87 | Qty: 4 | Total: ₹9079.48
[2026-07-10 22:53:59] TRADE MATCHED: Ticker: TCS | Buy Order: 4973 | Sell Order: 4894 | Price: ₹3152.81 | Qty: 4 | Total: ₹12611.24
[2026-07-10 22:53:59] TRADE MATCHED: Ticker: TCS | Buy Order: 4973 | Sell Order: 4964 | Price: ₹3169.00 | Qty: 3 | Total: ₹9507.00
[2026-07-10 22:53:59] TRADE MATCHED: Ticker: TCS | Buy Order: 4973 | Sell Order: 4974 | Price: ₹3172.75 | Qty: 8 | Total: ₹25382.00
[2026-07-10 22:53:59] TRADE MATCHED: Ticker: TCS | Buy Order: 3875 | Sell Order: 4974 | Price: ₹3152.12 | Qty: 6 | Total: ₹18912.72
[2026-07-10 22:54:01] TRADE MATCHED: Ticker: RELIANCE | Buy Order: 4975 | Sell Order: 4972 | Price: ₹2270.19 | Qty: 8 | Total: ₹18161.52
[2026-07-10 22:54:04] TRADE MATCHED: Ticker: TCS | Buy Order: 4979 | Sell Order: 4893 | Price: ₹3173.03 | Qty: 3 | Total: ₹9519.09
[2026-07-10 22:54:06] TRADE MATCHED: Ticker: TATAMOTORS | Buy Order: 4981 | Sell Order: 4957 | Price: ₹633.15 | Qty: 5 | Total: ₹3165.75
[2026-07-10 22:54:06] TRADE MATCHED: Ticker: TATAMOTORS | Buy Order: 4981 | Sell Order: 4905 | Price: ₹640.89 | Qty: 8 | Total: ₹5127.12
[2026-07-10 22:54:06] TRADE MATCHED: Ticker: TATAMOTORS | Buy Order: 4981 | Sell Order: 4947 | Price: ₹642.17 | Qty: 1 | Total: ₹642.17
[2026-07-10 22:54:08] TRADE MATCHED: Ticker: TCS | Buy Order: 4983 | Sell Order: 4893 | Price: ₹3173.03 | Qty: 2 | Total: ₹6346.06
[2026-07-10 22:54:16] TRADE MATCHED: Ticker: RELIANCE | Buy Order: 4830 | Sell Order: 4989 | Price: ₹2269.87 | Qty: 6 | Total: ₹13619.22
[2026-07-10 22:54:16] TRADE MATCHED: Ticker: RELIANCE | Buy Order: 4359 | Sell Order: 4989 | Price: ₹2268.66 | Qty: 4 | Total: ₹9074.64
[2026-07-10 22:54:17] TRADE MATCHED: Ticker: RELIANCE | Buy Order: 4601 | Sell Order: 4989 | Price: ₹2268.24 | Qty: 1 | Total: ₹2268.24
[2026-07-10 22:54:20] TRADE MATCHED: Ticker: TATAMOTORS | Buy Order: 4992 | Sell Order: 4987 | Price: ₹634.01 | Qty: 10 | Total: ₹6340.10
[2026-07-10 22:54:20] TRADE MATCHED: Ticker: TATAMOTORS | Buy Order: 4992 | Sell Order: 4770 | Price: ₹643.27 | Qty: 2 | Total: ₹1286.54
[2026-07-10 22:54:20] TRADE MATCHED: Ticker: HDFCBANK | Buy Order: 4859 | Sell Order: 4993 | Price: ₹1577.33 | Qty: 5 | Total: ₹7886.65
[2026-07-10 22:54:25] TRADE MATCHED: Ticker: SUNPHARMA | Buy Order: 4960 | Sell Order: 4997 | Price: ₹1055.83 | Qty: 11 | Total: ₹11614.13
[2026-07-10 22:54:28] TRADE MATCHED: Ticker: SUNPHARMA | Buy Order: 4980 | Sell Order: 4999 | Price: ₹1055.55 | Qty: 9 | Total: ₹9499.95
[2026-07-10 22:54:30] TRADE MATCHED: Ticker: RELIANCE | Buy Order: 4601 | Sell Order: 5001 | Price: ₹2268.24 | Qty: 2 | Total: ₹4536.48
[2026-07-10 22:54:30] TRADE MATCHED: Ticker: RELIANCE | Buy Order: 4227 | Sell Order: 5001 | Price: ₹2267.66 | Qty: 3 | Total: ₹6802.98
[2026-07-10 22:54:31] TRADE MATCHED: Ticker: RELIANCE | Buy Order: 4413 | Sell Order: 5001 | Price: ₹2267.45 | Qty: 1 | Total: ₹2267.45
[2026-07-10 22:54:31] TRADE MATCHED: Ticker: RELIANCE | Buy Order: 4328 | Sell Order: 5001 | Price: ₹2266.88 | Qty: 2 | Total: ₹4533.76
[2026-07-10 22:54:31] TRADE MATCHED: Ticker: RELIANCE | Buy Order: 4622 | Sell Order: 5001 | Price: ₹2266.56 | Qty: 5 | Total: ₹11332.80
[2026-07-10 22:54:35] TRADE MATCHED: Ticker: HDFCBANK | Buy Order: 4859 | Sell Order: 5003 | Price: ₹1577.33 | Qty: 1 | Total: ₹1577.33
[2026-07-10 22:54:36] TRADE MATCHED: Ticker: RELIANCE | Buy Order: 5005 | Sell Order: 4972 | Price: ₹2270.19 | Qty: 4 | Total: ₹9080.76
[2026-07-10 22:54:40] TRADE MATCHED: Ticker: HDFCBANK | Buy Order: 5008 | Sell Order: 5003 | Price: ₹1576.32 | Qty: 8 | Total: ₹12610.56
[2026-07-10 22:54:43] TRADE MATCHED: Ticker: TATAMOTORS | Buy Order: 5010 | Sell Order: 4770 | Price: ₹643.27 | Qty: 3 | Total: ₹1929.81
[2026-07-10 22:54:43] TRADE MATCHED: Ticker: TATAMOTORS | Buy Order: 4917 | Sell Order: 5011 | Price: ₹633.03 | Qty: 2 | Total: ₹1266.06
[2026-07-10 22:54:45] TRADE MATCHED: Ticker: RELIANCE | Buy Order: 5012 | Sell Order: 4967 | Price: ₹2278.18 | Qty: 10 | Total: ₹22781.80
[2026-07-10 22:54:45] TRADE MATCHED: Ticker: TCS | Buy Order: 5013 | Sell Order: 4893 | Price: ₹3173.03 | Qty: 3 | Total: ₹9519.09
[2026-07-10 22:54:45] TRADE MATCHED: Ticker: TCS | Buy Order: 5013 | Sell Order: 5004 | Price: ₹3178.00 | Qty: 3 | Total: ₹9534.00
[2026-07-10 22:54:45] TRADE MATCHED: Ticker: TCS | Buy Order: 5013 | Sell Order: 4785 | Price: ₹3178.47 | Qty: 2 | Total: ₹6356.94
[2026-07-10 22:54:46] TRADE MATCHED: Ticker: TATAMOTORS | Buy Order: 4917 | Sell Order: 5014 | Price: ₹633.03 | Qty: 2 | Total: ₹1266.06
[2026-07-10 22:54:46] TRADE MATCHED: Ticker: TATAMOTORS | Buy Order: 4602 | Sell Order: 5014 | Price: ₹632.89 | Qty: 1 | Total: ₹632.89
[2026-07-10 22:54:50] TRADE MATCHED: Ticker: HDFCBANK | Buy Order: 5017 | Sell Order: 4995 | Price: ₹1580.41 | Qty: 3 | Total: ₹4741.23
[2026-07-10 22:54:50] TRADE MATCHED: Ticker: RELIANCE | Buy Order: 5012 | Sell Order: 5018 | Price: ₹2278.80 | Qty: 1 | Total: ₹2278.80
[2026-07-10 22:54:50] TRADE MATCHED: Ticker: RELIANCE | Buy Order: 5005 | Sell Order: 5018 | Price: ₹2271.31 | Qty: 8 | Total: ₹18170.48
[2026-07-10 22:54:51] TRADE MATCHED: Ticker: RELIANCE | Buy Order: 4622 | Sell Order: 5018 | Price: ₹2266.56 | Qty: 3 | Total: ₹6799.68
[2026-07-10 22:54:51] TRADE MATCHED: Ticker: RELIANCE | Buy Order: 2731 | Sell Order: 5018 | Price: ₹2265.43 | Qty: 1 | Total: ₹2265.43
[2026-07-10 22:54:58] TRADE MATCHED: Ticker: TCS | Buy Order: 4991 | Sell Order: 5024 | Price: ₹3169.87 | Qty: 6 | Total: ₹19019.22
[2026-07-10 22:54:59] TRADE MATCHED: Ticker: TCS | Buy Order: 4984 | Sell Order: 5024 | Price: ₹3157.24 | Qty: 4 | Total: ₹12628.96
[2026-07-10 22:54:59] TRADE MATCHED: Ticker: TCS | Buy Order: 4018 | Sell Order: 5024 | Price: ₹3152.04 | Qty: 4 | Total: ₹12608.16
[2026-07-10 22:54:59] TRADE MATCHED: Ticker: TATAMOTORS | Buy Order: 5015 | Sell Order: 5025 | Price: ₹641.39 | Qty: 14 | Total: ₹8979.46
[2026-07-10 22:55:02] TRADE MATCHED: Ticker: HDFCBANK | Buy Order: 5028 | Sell Order: 4995 | Price: ₹1580.41 | Qty: 5 | Total: ₹7902.05
[2026-07-10 22:55:04] TRADE MATCHED: Ticker: TATAMOTORS | Buy Order: 5030 | Sell Order: 2831 | Price: ₹643.36 | Qty: 12 | Total: ₹7720.32
[2026-07-10 22:55:05] TRADE MATCHED: Ticker: TATAMOTORS | Buy Order: 5030 | Sell Order: 976 | Price: ₹643.39 | Qty: 3 | Total: ₹1930.17
[2026-07-10 22:55:07] TRADE MATCHED: Ticker: HDFCBANK | Buy Order: 5032 | Sell Order: 4965 | Price: ₹1593.37 | Qty: 4 | Total: ₹6373.48
[2026-07-10 22:55:09] TRADE MATCHED: Ticker: TCS | Buy Order: 4018 | Sell Order: 5034 | Price: ₹3152.04 | Qty: 4 | Total: ₹12608.16
[2026-07-10 22:55:09] TRADE MATCHED: Ticker: TCS | Buy Order: 2101 | Sell Order: 5034 | Price: ₹3151.59 | Qty: 2 | Total: ₹6303.18
[2026-07-10 22:55:10] TRADE MATCHED: Ticker: SUNPHARMA | Buy Order: 5036 | Sell Order: 4943 | Price: ₹1065.37 | Qty: 3 | Total: ₹3196.11
[2026-07-10 22:55:11] TRADE MATCHED: Ticker: SUNPHARMA | Buy Order: 5036 | Sell Order: 4955 | Price: ₹1065.89 | Qty: 9 | Total: ₹9593.01
[2026-07-10 22:55:13] TRADE MATCHED: Ticker: RELIANCE | Buy Order: 2731 | Sell Order: 5037 | Price: ₹2265.43 | Qty: 4 | Total: ₹9061.72
[2026-07-10 22:55:24] TRADE MATCHED: Ticker: HDFCBANK | Buy Order: 5045 | Sell Order: 5046 | Price: ₹1592.75 | Qty: 15 | Total: ₹23891.25
[2026-07-10 22:55:26] TRADE MATCHED: Ticker: SUNPHARMA | Buy Order: 4980 | Sell Order: 5047 | Price: ₹1055.55 | Qty: 6 | Total: ₹6333.30
[2026-07-10 22:55:28] TRADE MATCHED: Ticker: HDFCBANK | Buy Order: 5048 | Sell Order: 4965 | Price: ₹1593.37 | Qty: 2 | Total: ₹3186.74
[2026-07-10 22:55:28] TRADE MATCHED: Ticker: HDFCBANK | Buy Order: 5048 | Sell Order: 2863 | Price: ₹1600.38 | Qty: 7 | Total: ₹11202.66
[2026-07-10 22:55:40] TRADE MATCHED: Ticker: TATAMOTORS | Buy Order: 5058 | Sell Order: 976 | Price: ₹643.39 | Qty: 4 | Total: ₹2573.56
[2026-07-10 22:55:41] TRADE MATCHED: Ticker: RELIANCE | Buy Order: 2731 | Sell Order: 5060 | Price: ₹2265.43 | Qty: 9 | Total: ₹20388.87
[2026-07-10 22:55:41] TRADE MATCHED: Ticker: RELIANCE | Buy Order: 4476 | Sell Order: 5060 | Price: ₹2265.00 | Qty: 1 | Total: ₹2265.00
[2026-07-10 22:55:43] TRADE MATCHED: Ticker: RELIANCE | Buy Order: 5061 | Sell Order: 5029 | Price: ₹2271.24 | Qty: 2 | Total: ₹4542.48
[2026-07-10 22:55:45] TRADE MATCHED: Ticker: TCS | Buy Order: 5054 | Sell Order: 5062 | Price: ₹3156.36 | Qty: 8 | Total: ₹25250.88
[2026-07-10 22:55:45] TRADE MATCHED: Ticker: HDFCBANK | Buy Order: 5049 | Sell Order: 5063 | Price: ₹1598.88 | Qty: 9 | Total: ₹14389.92
[2026-07-10 22:55:47] TRADE MATCHED: Ticker: TATAMOTORS | Buy Order: 5064 | Sell Order: 976 | Price: ₹643.39 | Qty: 2 | Total: ₹1286.78
[2026-07-10 22:55:47] TRADE MATCHED: Ticker: TATAMOTORS | Buy Order: 5064 | Sell Order: 4934 | Price: ₹643.63 | Qty: 6 | Total: ₹3861.78
[2026-07-10 22:55:48] TRADE MATCHED: Ticker: HDFCBANK | Buy Order: 5065 | Sell Order: 2863 | Price: ₹1600.38 | Qty: 4 | Total: ₹6401.52
[2026-07-10 22:55:48] TRADE MATCHED: Ticker: HDFCBANK | Buy Order: 5065 | Sell Order: 4086 | Price: ₹1600.66 | Qty: 7 | Total: ₹11204.62
[2026-07-10 22:55:52] TRADE MATCHED: Ticker: TCS | Buy Order: 5054 | Sell Order: 5068 | Price: ₹3156.36 | Qty: 3 | Total: ₹9469.08
[2026-07-10 22:55:52] TRADE MATCHED: Ticker: TCS | Buy Order: 2101 | Sell Order: 5068 | Price: ₹3151.59 | Qty: 1 | Total: ₹3151.59
[2026-07-10 22:55:55] TRADE MATCHED: Ticker: HDFCBANK | Buy Order: 5070 | Sell Order: 4086 | Price: ₹1600.66 | Qty: 5 | Total: ₹8003.30
[2026-07-10 22:55:57] TRADE MATCHED: Ticker: TATAMOTORS | Buy Order: 5072 | Sell Order: 4934 | Price: ₹643.63 | Qty: 7 | Total: ₹4505.41
[2026-07-10 22:55:57] TRADE MATCHED: Ticker: TATAMOTORS | Buy Order: 5072 | Sell Order: 3479 | Price: ₹643.73 | Qty: 2 | Total: ₹1287.46
[2026-07-10 22:55:58] TRADE MATCHED: Ticker: HDFCBANK | Buy Order: 5073 | Sell Order: 4086 | Price: ₹1600.66 | Qty: 2 | Total: ₹3201.32
[2026-07-10 22:55:58] TRADE MATCHED: Ticker: HDFCBANK | Buy Order: 5073 | Sell Order: 3334 | Price: ₹1601.13 | Qty: 4 | Total: ₹6404.52
[2026-07-10 22:56:00] TRADE MATCHED: Ticker: HDFCBANK | Buy Order: 5028 | Sell Order: 5075 | Price: ₹1583.59 | Qty: 6 | Total: ₹9501.54
[2026-07-10 22:56:01] TRADE MATCHED: Ticker: HDFCBANK | Buy Order: 5008 | Sell Order: 5075 | Price: ₹1579.79 | Qty: 1 | Total: ₹1579.79
[2026-07-10 22:56:03] TRADE MATCHED: Ticker: HDFCBANK | Buy Order: 5008 | Sell Order: 5077 | Price: ₹1579.79 | Qty: 2 | Total: ₹3159.58
[2026-07-10 22:56:09] TRADE MATCHED: Ticker: SUNPHARMA | Buy Order: 5071 | Sell Order: 5083 | Price: ₹1050.50 | Qty: 1 | Total: ₹1050.50
[2026-07-10 22:56:16] TRADE MATCHED: Ticker: HDFCBANK | Buy Order: 5008 | Sell Order: 5089 | Price: ₹1579.79 | Qty: 1 | Total: ₹1579.79
[2026-07-10 22:56:24] TRADE MATCHED: Ticker: SUNPHARMA | Buy Order: 5094 | Sell Order: 5047 | Price: ₹1051.59 | Qty: 3 | Total: ₹3154.77
[2026-07-10 22:56:29] TRADE MATCHED: Ticker: TATAMOTORS | Buy Order: 5088 | Sell Order: 5099 | Price: ₹642.19 | Qty: 3 | Total: ₹1926.57
[2026-07-10 22:56:29] TRADE MATCHED: Ticker: TATAMOTORS | Buy Order: 5033 | Sell Order: 5099 | Price: ₹641.85 | Qty: 1 | Total: ₹641.85
[2026-07-10 22:56:29] TRADE MATCHED: Ticker: RELIANCE | Buy Order: 5100 | Sell Order: 5090 | Price: ₹2267.25 | Qty: 2 | Total: ₹4534.50
[2026-07-10 22:56:38] TRADE MATCHED: Ticker: TCS | Buy Order: 5105 | Sell Order: 5074 | Price: ₹3155.81 | Qty: 7 | Total: ₹22090.67
[2026-07-10 22:56:39] TRADE MATCHED: Ticker: TATAMOTORS | Buy Order: 5033 | Sell Order: 5106 | Price: ₹641.85 | Qty: 1 | Total: ₹641.85
[2026-07-10 22:56:43] TRADE MATCHED: Ticker: SUNPHARMA | Buy Order: 5109 | Sell Order: 5047 | Price: ₹1051.59 | Qty: 3 | Total: ₹3154.77
[2026-07-10 22:56:45] TRADE MATCHED: Ticker: RELIANCE | Buy Order: 5110 | Sell Order: 5090 | Price: ₹2267.25 | Qty: 2 | Total: ₹4534.50
[2026-07-10 22:56:47] TRADE MATCHED: Ticker: HDFCBANK | Buy Order: 5097 | Sell Order: 5113 | Price: ₹1583.39 | Qty: 12 | Total: ₹19000.68
[2026-07-10 22:56:47] TRADE MATCHED: Ticker: HDFCBANK | Buy Order: 4683 | Sell Order: 5113 | Price: ₹1574.60 | Qty: 1 | Total: ₹1574.60
[2026-07-10 22:56:47] TRADE MATCHED: Ticker: HDFCBANK | Buy Order: 3284 | Sell Order: 5113 | Price: ₹1574.48 | Qty: 2 | Total: ₹3148.96
[2026-07-10 22:56:50] TRADE MATCHED: Ticker: TCS | Buy Order: 2101 | Sell Order: 5115 | Price: ₹3151.59 | Qty: 2 | Total: ₹6303.18
[2026-07-10 22:56:53] TRADE MATCHED: Ticker: SUNPHARMA | Buy Order: 5118 | Sell Order: 5079 | Price: ₹1059.36 | Qty: 3 | Total: ₹3178.08
[2026-07-10 22:56:53] TRADE MATCHED: Ticker: TATAMOTORS | Buy Order: 5033 | Sell Order: 5117 | Price: ₹641.85 | Qty: 2 | Total: ₹1283.70
[2026-07-10 22:57:08] TRADE MATCHED: Ticker: TCS | Buy Order: 5130 | Sell Order: 5074 | Price: ₹3155.81 | Qty: 2 | Total: ₹6311.62
[2026-07-10 22:57:08] TRADE MATCHED: Ticker: TCS | Buy Order: 5130 | Sell Order: 5078 | Price: ₹3163.84 | Qty: 10 | Total: ₹31638.40
[2026-07-10 22:57:11] TRADE MATCHED: Ticker: TCS | Buy Order: 5132 | Sell Order: 5123 | Price: ₹3169.54 | Qty: 5 | Total: ₹15847.70
[2026-07-10 22:57:11] TRADE MATCHED: Ticker: TCS | Buy Order: 5132 | Sell Order: 5019 | Price: ₹3170.55 | Qty: 1 | Total: ₹3170.55
[2026-07-10 22:57:11] TRADE MATCHED: Ticker: TCS | Buy Order: 5132 | Sell Order: 5039 | Price: ₹3172.54 | Qty: 2 | Total: ₹6345.08
[2026-07-10 22:57:11] TRADE MATCHED: Ticker: TCS | Buy Order: 5132 | Sell Order: 4785 | Price: ₹3178.47 | Qty: 1 | Total: ₹3178.47
[2026-07-10 22:57:11] TRADE MATCHED: Ticker: TCS | Buy Order: 5132 | Sell Order: 4970 | Price: ₹3185.50 | Qty: 1 | Total: ₹3185.50
[2026-07-10 22:57:13] TRADE MATCHED: Ticker: HDFCBANK | Buy Order: 5133 | Sell Order: 5134 | Price: ₹1599.39 | Qty: 7 | Total: ₹11195.73
[2026-07-10 22:57:14] TRADE MATCHED: Ticker: SUNPHARMA | Buy Order: 5111 | Sell Order: 5135 | Price: ₹1056.56 | Qty: 5 | Total: ₹5282.80
[2026-07-10 22:57:14] TRADE MATCHED: Ticker: SUNPHARMA | Buy Order: 5109 | Sell Order: 5135 | Price: ₹1053.79 | Qty: 6 | Total: ₹6322.74
[2026-07-10 22:57:14] TRADE MATCHED: Ticker: SUNPHARMA | Buy Order: 5131 | Sell Order: 5135 | Price: ₹1053.20 | Qty: 2 | Total: ₹2106.40
[2026-07-10 22:57:14] TRADE MATCHED: Ticker: SUNPHARMA | Buy Order: 5071 | Sell Order: 5135 | Price: ₹1050.50 | Qty: 2 | Total: ₹2101.00
[2026-07-10 22:57:27] TRADE MATCHED: Ticker: TATAMOTORS | Buy Order: 5145 | Sell Order: 5114 | Price: ₹642.31 | Qty: 11 | Total: ₹7065.41
[2026-07-10 22:57:27] TRADE MATCHED: Ticker: TATAMOTORS | Buy Order: 5145 | Sell Order: 3479 | Price: ₹643.73 | Qty: 3 | Total: ₹1931.19
[2026-07-10 22:57:29] TRADE MATCHED: Ticker: TATAMOTORS | Buy Order: 5147 | Sell Order: 3479 | Price: ₹643.73 | Qty: 5 | Total: ₹3218.65
[2026-07-10 22:57:29] TRADE MATCHED: Ticker: TATAMOTORS | Buy Order: 5147 | Sell Order: 5125 | Price: ₹643.82 | Qty: 1 | Total: ₹643.82
[2026-07-10 22:57:33] TRADE MATCHED: Ticker: TCS | Buy Order: 5150 | Sell Order: 4970 | Price: ₹3185.50 | Qty: 4 | Total: ₹12742.00
[2026-07-10 22:57:34] TRADE MATCHED: Ticker: TCS | Buy Order: 5138 | Sell Order: 5151 | Price: ₹3173.05 | Qty: 7 | Total: ₹22211.35
[2026-07-10 22:57:34] TRADE MATCHED: Ticker: TCS | Buy Order: 2101 | Sell Order: 5151 | Price: ₹3151.59 | Qty: 2 | Total: ₹6303.18
[2026-07-10 22:57:34] TRADE MATCHED: Ticker: TCS | Buy Order: 1714 | Sell Order: 5151 | Price: ₹3151.47 | Qty: 1 | Total: ₹3151.47
[2026-07-10 22:57:36] TRADE MATCHED: Ticker: HDFCBANK | Buy Order: 5133 | Sell Order: 5153 | Price: ₹1599.39 | Qty: 4 | Total: ₹6397.56
[2026-07-10 22:57:41] TRADE MATCHED: Ticker: TATAMOTORS | Buy Order: 5156 | Sell Order: 5125 | Price: ₹643.82 | Qty: 5 | Total: ₹3219.10
[2026-07-10 22:57:41] TRADE MATCHED: Ticker: TATAMOTORS | Buy Order: 5156 | Sell Order: 2311 | Price: ₹643.90 | Qty: 8 | Total: ₹5151.20
[2026-07-10 22:57:41] TRADE MATCHED: Ticker: TATAMOTORS | Buy Order: 5156 | Sell Order: 3231 | Price: ₹643.91 | Qty: 2 | Total: ₹1287.82
[2026-07-10 22:57:41] TRADE MATCHED: Ticker: RELIANCE | Buy Order: 5157 | Sell Order: 5090 | Price: ₹2267.25 | Qty: 5 | Total: ₹11336.25
[2026-07-10 22:57:41] TRADE MATCHED: Ticker: RELIANCE | Buy Order: 5157 | Sell Order: 5029 | Price: ₹2271.24 | Qty: 10 | Total: ₹22712.40
[2026-07-10 22:57:44] TRADE MATCHED: Ticker: TATAMOTORS | Buy Order: 5033 | Sell Order: 5158 | Price: ₹641.85 | Qty: 1 | Total: ₹641.85
[2026-07-10 22:57:45] TRADE MATCHED: Ticker: TATAMOTORS | Buy Order: 5015 | Sell Order: 5158 | Price: ₹641.39 | Qty: 1 | Total: ₹641.39
[2026-07-10 22:57:45] TRADE MATCHED: Ticker: TATAMOTORS | Buy Order: 5129 | Sell Order: 5158 | Price: ₹640.79 | Qty: 1 | Total: ₹640.79
[2026-07-10 22:57:50] TRADE MATCHED: Ticker: TATAMOTORS | Buy Order: 5163 | Sell Order: 3231 | Price: ₹643.91 | Qty: 3 | Total: ₹1931.73
[2026-07-10 22:57:50] TRADE MATCHED: Ticker: TATAMOTORS | Buy Order: 5163 | Sell Order: 4560 | Price: ₹643.94 | Qty: 1 | Total: ₹643.94
[2026-07-10 22:57:50] TRADE MATCHED: Ticker: TATAMOTORS | Buy Order: 5163 | Sell Order: 4654 | Price: ₹644.13 | Qty: 9 | Total: ₹5797.17
[2026-07-10 22:57:50] TRADE MATCHED: Ticker: TATAMOTORS | Buy Order: 5163 | Sell Order: 4691 | Price: ₹644.13 | Qty: 1 | Total: ₹644.13
[2026-07-10 22:58:06] TRADE MATCHED: Ticker: RELIANCE | Buy Order: 5174 | Sell Order: 5029 | Price: ₹2271.24 | Qty: 1 | Total: ₹2271.24
[2026-07-10 22:58:06] TRADE MATCHED: Ticker: RELIANCE | Buy Order: 5174 | Sell Order: 5082 | Price: ₹2275.37 | Qty: 2 | Total: ₹4550.74
[2026-07-10 22:58:07] TRADE MATCHED: Ticker: TATAMOTORS | Buy Order: 5175 | Sell Order: 4691 | Price: ₹644.13 | Qty: 5 | Total: ₹3220.65
[2026-07-10 22:58:07] TRADE MATCHED: Ticker: TATAMOTORS | Buy Order: 5175 | Sell Order: 4322 | Price: ₹644.19 | Qty: 6 | Total: ₹3865.14
[2026-07-10 22:58:09] TRADE MATCHED: Ticker: HDFCBANK | Buy Order: 5161 | Sell Order: 5178 | Price: ₹1584.97 | Qty: 6 | Total: ₹9509.82
[2026-07-10 22:58:14] TRADE MATCHED: Ticker: HDFCBANK | Buy Order: 5181 | Sell Order: 5167 | Price: ₹1590.51 | Qty: 8 | Total: ₹12724.08
[2026-07-10 22:58:16] TRADE MATCHED: Ticker: SUNPHARMA | Buy Order: 5144 | Sell Order: 5182 | Price: ₹1055.37 | Qty: 5 | Total: ₹5276.85
[2026-07-10 22:58:19] TRADE MATCHED: Ticker: RELIANCE | Buy Order: 5185 | Sell Order: 5082 | Price: ₹2275.37 | Qty: 2 | Total: ₹4550.74
[2026-07-10 22:58:19] TRADE MATCHED: Ticker: RELIANCE | Buy Order: 5185 | Sell Order: 5043 | Price: ₹2279.32 | Qty: 1 | Total: ₹2279.32
[2026-07-10 22:58:22] TRADE MATCHED: Ticker: TCS | Buy Order: 1714 | Sell Order: 5186 | Price: ₹3151.47 | Qty: 2 | Total: ₹6302.94
[2026-07-10 22:58:22] TRADE MATCHED: Ticker: TCS | Buy Order: 4383 | Sell Order: 5186 | Price: ₹3151.47 | Qty: 2 | Total: ₹6302.94
[2026-07-10 22:58:23] TRADE MATCHED: Ticker: SUNPHARMA | Buy Order: 5187 | Sell Order: 5152 | Price: ₹1055.95 | Qty: 3 | Total: ₹3167.85
[2026-07-10 22:58:25] TRADE MATCHED: Ticker: SUNPHARMA | Buy Order: 5144 | Sell Order: 5189 | Price: ₹1055.37 | Qty: 4 | Total: ₹4221.48
[2026-07-10 22:58:25] TRADE MATCHED: Ticker: SUNPHARMA | Buy Order: 5164 | Sell Order: 5189 | Price: ₹1052.97 | Qty: 2 | Total: ₹2105.94
[2026-07-10 22:58:25] TRADE MATCHED: Ticker: SUNPHARMA | Buy Order: 5071 | Sell Order: 5189 | Price: ₹1050.50 | Qty: 3 | Total: ₹3151.50
[2026-07-10 22:58:28] TRADE MATCHED: Ticker: TATAMOTORS | Buy Order: 5129 | Sell Order: 5192 | Price: ₹640.79 | Qty: 1 | Total: ₹640.79
[2026-07-10 22:58:34] TRADE MATCHED: Ticker: RELIANCE | Buy Order: 4476 | Sell Order: 5193 | Price: ₹2265.00 | Qty: 4 | Total: ₹9060.00
[2026-07-10 22:58:35] TRADE MATCHED: Ticker: TATAMOTORS | Buy Order: 5194 | Sell Order: 5188 | Price: ₹642.21 | Qty: 4 | Total: ₹2568.84
[2026-07-10 22:58:35] TRADE MATCHED: Ticker: TATAMOTORS | Buy Order: 5194 | Sell Order: 4322 | Price: ₹644.19 | Qty: 1 | Total: ₹644.19
[2026-07-10 22:58:35] TRADE MATCHED: Ticker: TATAMOTORS | Buy Order: 5194 | Sell Order: 553 | Price: ₹644.20 | Qty: 2 | Total: ₹1288.40
[2026-07-10 22:58:35] TRADE MATCHED: Ticker: TATAMOTORS | Buy Order: 5194 | Sell Order: 3721 | Price: ₹644.20 | Qty: 4 | Total: ₹2576.80
[2026-07-10 22:58:37] TRADE MATCHED: Ticker: HDFCBANK | Buy Order: 5196 | Sell Order: 5167 | Price: ₹1590.51 | Qty: 4 | Total: ₹6362.04
[2026-07-10 22:58:39] TRADE MATCHED: Ticker: RELIANCE | Buy Order: 4476 | Sell Order: 5197 | Price: ₹2265.00 | Qty: 2 | Total: ₹4530.00
[2026-07-10 22:58:39] TRADE MATCHED: Ticker: RELIANCE | Buy Order: 2588 | Sell Order: 5197 | Price: ₹2264.96 | Qty: 4 | Total: ₹9059.84
[2026-07-10 22:58:39] TRADE MATCHED: Ticker: RELIANCE | Buy Order: 5126 | Sell Order: 5197 | Price: ₹2264.95 | Qty: 4 | Total: ₹9059.80
[2026-07-10 22:58:41] TRADE MATCHED: Ticker: SUNPHARMA | Buy Order: 5199 | Sell Order: 5152 | Price: ₹1055.95 | Qty: 10 | Total: ₹10559.50
[2026-07-10 22:58:41] TRADE MATCHED: Ticker: SUNPHARMA | Buy Order: 5199 | Sell Order: 5200 | Price: ₹1057.48 | Qty: 3 | Total: ₹3172.44
[2026-07-10 22:58:41] TRADE MATCHED: Ticker: SUNPHARMA | Buy Order: 5071 | Sell Order: 5200 | Price: ₹1050.50 | Qty: 7 | Total: ₹7353.50
[2026-07-10 22:58:41] TRADE MATCHED: Ticker: SUNPHARMA | Buy Order: 2956 | Sell Order: 5200 | Price: ₹1048.96 | Qty: 4 | Total: ₹4195.84
[2026-07-10 22:58:43] TRADE MATCHED: Ticker: RELIANCE | Buy Order: 5202 | Sell Order: 5043 | Price: ₹2279.32 | Qty: 1 | Total: ₹2279.32
[2026-07-10 22:58:43] TRADE MATCHED: Ticker: RELIANCE | Buy Order: 5202 | Sell Order: 5052 | Price: ₹2281.85 | Qty: 10 | Total: ₹22818.50
[2026-07-10 22:58:46] TRADE MATCHED: Ticker: TCS | Buy Order: 5203 | Sell Order: 5179 | Price: ₹3183.17 | Qty: 1 | Total: ₹3183.17
[2026-07-10 22:58:47] TRADE MATCHED: Ticker: SUNPHARMA | Buy Order: 5204 | Sell Order: 5177 | Price: ₹1058.71 | Qty: 8 | Total: ₹8469.68
[2026-07-10 22:58:48] TRADE MATCHED: Ticker: RELIANCE | Buy Order: 5126 | Sell Order: 5206 | Price: ₹2264.95 | Qty: 6 | Total: ₹13589.70
[2026-07-10 22:58:48] TRADE MATCHED: Ticker: RELIANCE | Buy Order: 4669 | Sell Order: 5206 | Price: ₹2264.76 | Qty: 8 | Total: ₹18118.08
[2026-07-10 22:58:52] TRADE MATCHED: Ticker: TCS | Buy Order: 5209 | Sell Order: 5179 | Price: ₹3183.17 | Qty: 6 | Total: ₹19099.02
[2026-07-10 22:58:52] TRADE MATCHED: Ticker: TCS | Buy Order: 5209 | Sell Order: 4970 | Price: ₹3185.50 | Qty: 1 | Total: ₹3185.50
[2026-07-10 22:58:54] TRADE MATCHED: Ticker: TATAMOTORS | Buy Order: 5129 | Sell Order: 5211 | Price: ₹640.79 | Qty: 5 | Total: ₹3203.95
[2026-07-10 22:58:54] TRADE MATCHED: Ticker: TCS | Buy Order: 5210 | Sell Order: 5168 | Price: ₹3191.01 | Qty: 7 | Total: ₹22337.07
[2026-07-10 22:58:59] TRADE MATCHED: Ticker: HDFCBANK | Buy Order: 5212 | Sell Order: 5214 | Price: ₹1597.61 | Qty: 2 | Total: ₹3195.22
[2026-07-10 22:59:04] TRADE MATCHED: Ticker: HDFCBANK | Buy Order: 5217 | Sell Order: 3334 | Price: ₹1601.13 | Qty: 8 | Total: ₹12809.04
[2026-07-10 22:59:04] TRADE MATCHED: Ticker: HDFCBANK | Buy Order: 5217 | Sell Order: 923 | Price: ₹1601.14 | Qty: 5 | Total: ₹8005.70
[2026-07-10 22:59:09] TRADE MATCHED: Ticker: SUNPHARMA | Buy Order: 5221 | Sell Order: 5177 | Price: ₹1058.71 | Qty: 4 | Total: ₹4234.84
[2026-07-10 22:59:09] TRADE MATCHED: Ticker: SUNPHARMA | Buy Order: 5221 | Sell Order: 5079 | Price: ₹1059.36 | Qty: 5 | Total: ₹5296.80
[2026-07-10 22:59:09] TRADE MATCHED: Ticker: HDFCBANK | Buy Order: 5212 | Sell Order: 5222 | Price: ₹1597.61 | Qty: 5 | Total: ₹7988.05
[2026-07-10 22:59:09] TRADE MATCHED: Ticker: HDFCBANK | Buy Order: 5196 | Sell Order: 5222 | Price: ₹1597.57 | Qty: 1 | Total: ₹1597.57
[2026-07-10 22:59:15] TRADE MATCHED: Ticker: RELIANCE | Buy Order: 5215 | Sell Order: 5227 | Price: ₹2279.37 | Qty: 9 | Total: ₹20514.33
[2026-07-10 22:59:15] TRADE MATCHED: Ticker: RELIANCE | Buy Order: 5213 | Sell Order: 5227 | Price: ₹2277.80 | Qty: 2 | Total: ₹4555.60
[2026-07-10 22:59:20] TRADE MATCHED: Ticker: TCS | Buy Order: 5230 | Sell Order: 5223 | Price: ₹3179.34 | Qty: 4 | Total: ₹12717.36
[2026-07-10 22:59:20] TRADE MATCHED: Ticker: TATAMOTORS | Buy Order: 5231 | Sell Order: 5216 | Price: ₹641.94 | Qty: 6 | Total: ₹3851.64
[2026-07-10 22:59:23] TRADE MATCHED: Ticker: RELIANCE | Buy Order: 5213 | Sell Order: 5232 | Price: ₹2277.80 | Qty: 6 | Total: ₹13666.80
[2026-07-10 22:59:23] TRADE MATCHED: Ticker: RELIANCE | Buy Order: 4669 | Sell Order: 5232 | Price: ₹2264.76 | Qty: 5 | Total: ₹11323.80
[2026-07-10 22:59:23] TRADE MATCHED: Ticker: TATAMOTORS | Buy Order: 5233 | Sell Order: 5216 | Price: ₹641.94 | Qty: 2 | Total: ₹1283.88
[2026-07-10 22:59:23] TRADE MATCHED: Ticker: TATAMOTORS | Buy Order: 5233 | Sell Order: 3721 | Price: ₹644.20 | Qty: 3 | Total: ₹1932.60
[2026-07-10 22:59:30] TRADE MATCHED: Ticker: TATAMOTORS | Buy Order: 5238 | Sell Order: 5234 | Price: ₹642.97 | Qty: 11 | Total: ₹7072.67
[2026-07-10 22:59:30] TRADE MATCHED: Ticker: TATAMOTORS | Buy Order: 5238 | Sell Order: 3108 | Price: ₹644.28 | Qty: 1 | Total: ₹644.28
[2026-07-10 22:59:31] TRADE MATCHED: Ticker: HDFCBANK | Buy Order: 5239 | Sell Order: 923 | Price: ₹1601.14 | Qty: 2 | Total: ₹3202.28
[2026-07-10 22:59:35] TRADE MATCHED: Ticker: TCS | Buy Order: 4383 | Sell Order: 5242 | Price: ₹3151.47 | Qty: 1 | Total: ₹3151.47
[2026-07-10 22:59:38] TRADE MATCHED: Ticker: RELIANCE | Buy Order: 4669 | Sell Order: 5245 | Price: ₹2264.76 | Qty: 2 | Total: ₹4529.52
[2026-07-10 22:59:38] TRADE MATCHED: Ticker: RELIANCE | Buy Order: 2333 | Sell Order: 5245 | Price: ₹2264.28 | Qty: 1 | Total: ₹2264.28
[2026-07-10 22:59:40] TRADE MATCHED: Ticker: TCS | Buy Order: 4383 | Sell Order: 5246 | Price: ₹3151.47 | Qty: 1 | Total: ₹3151.47
[2026-07-10 22:59:44] TRADE MATCHED: Ticker: TCS | Buy Order: 5251 | Sell Order: 5240 | Price: ₹3162.87 | Qty: 4 | Total: ₹12651.48
[2026-07-10 22:59:44] TRADE MATCHED: Ticker: TCS | Buy Order: 5251 | Sell Order: 5229 | Price: ₹3190.52 | Qty: 3 | Total: ₹9571.56
[2026-07-10 22:59:45] TRADE MATCHED: Ticker: TATAMOTORS | Buy Order: 5252 | Sell Order: 3108 | Price: ₹644.28 | Qty: 1 | Total: ₹644.28
[2026-07-10 22:59:45] TRADE MATCHED: Ticker: TATAMOTORS | Buy Order: 5252 | Sell Order: 2966 | Price: ₹644.29 | Qty: 2 | Total: ₹1288.58
[2026-07-10 22:59:45] TRADE MATCHED: Ticker: TATAMOTORS | Buy Order: 5252 | Sell Order: 4004 | Price: ₹644.36 | Qty: 1 | Total: ₹644.36
[2026-07-10 22:59:46] TRADE MATCHED: Ticker: TATAMOTORS | Buy Order: 5252 | Sell Order: 3480 | Price: ₹644.39 | Qty: 7 | Total: ₹4510.73
[2026-07-10 22:59:46] TRADE MATCHED: Ticker: TATAMOTORS | Buy Order: 5252 | Sell Order: 3959 | Price: ₹644.42 | Qty: 2 | Total: ₹1288.84
[2026-07-10 22:59:49] TRADE MATCHED: Ticker: TATAMOTORS | Buy Order: 5255 | Sell Order: 216 | Price: ₹644.53 | Qty: 5 | Total: ₹3222.65
[2026-07-10 22:59:49] TRADE MATCHED: Ticker: TATAMOTORS | Buy Order: 5255 | Sell Order: 1637 | Price: ₹644.58 | Qty: 5 | Total: ₹3222.90
[2026-07-10 22:59:50] TRADE MATCHED: Ticker: TATAMOTORS | Buy Order: 5129 | Sell Order: 5256 | Price: ₹640.79 | Qty: 7 | Total: ₹4485.53
[2026-07-10 22:59:50] TRADE MATCHED: Ticker: TATAMOTORS | Buy Order: 5041 | Sell Order: 5256 | Price: ₹639.97 | Qty: 5 | Total: ₹3199.85
[2026-07-10 22:59:53] TRADE MATCHED: Ticker: HDFCBANK | Buy Order: 5196 | Sell Order: 5257 | Price: ₹1597.57 | Qty: 4 | Total: ₹6390.28
[2026-07-10 22:59:53] TRADE MATCHED: Ticker: HDFCBANK | Buy Order: 5161 | Sell Order: 5257 | Price: ₹1584.97 | Qty: 3 | Total: ₹4754.91
[2026-07-10 22:59:53] TRADE MATCHED: Ticker: RELIANCE | Buy Order: 5249 | Sell Order: 5258 | Price: ₹2273.71 | Qty: 7 | Total: ₹15915.97
[2026-07-10 22:59:58] TRADE MATCHED: Ticker: RELIANCE | Buy Order: 5249 | Sell Order: 5260 | Price: ₹2273.71 | Qty: 7 | Total: ₹15915.97
[2026-07-10 22:59:58] TRADE MATCHED: Ticker: RELIANCE | Buy Order: 2333 | Sell Order: 5260 | Price: ₹2264.28 | Qty: 3 | Total: ₹6792.84
[2026-07-10 22:59:58] TRADE MATCHED: Ticker: HDFCBANK | Buy Order: 5262 | Sell Order: 5257 | Price: ₹1584.34 | Qty: 4 | Total: ₹6337.36
[2026-07-10 23:00:01] TRADE MATCHED: Ticker: TATAMOTORS | Buy Order: 5041 | Sell Order: 5263 | Price: ₹639.97 | Qty: 1 | Total: ₹639.97
[2026-07-10 23:00:01] TRADE MATCHED: Ticker: TATAMOTORS | Buy Order: 5022 | Sell Order: 5263 | Price: ₹639.68 | Qty: 9 | Total: ₹5757.12
[2026-07-10 23:00:01] TRADE MATCHED: Ticker: TATAMOTORS | Buy Order: 5173 | Sell Order: 5263 | Price: ₹638.51 | Qty: 4 | Total: ₹2554.04
[2026-07-10 23:00:03] TRADE MATCHED: Ticker: TATAMOTORS | Buy Order: 5265 | Sell Order: 5259 | Price: ₹641.08 | Qty: 1 | Total: ₹641.08
[2026-07-10 23:00:03] TRADE MATCHED: Ticker: TATAMOTORS | Buy Order: 5265 | Sell Order: 1637 | Price: ₹644.58 | Qty: 6 | Total: ₹3867.48
[2026-07-10 23:00:03] TRADE MATCHED: Ticker: TATAMOTORS | Buy Order: 5265 | Sell Order: 4185 | Price: ₹644.59 | Qty: 3 | Total: ₹1933.77
[2026-07-10 23:00:03] TRADE MATCHED: Ticker: SUNPHARMA | Buy Order: 2956 | Sell Order: 5266 | Price: ₹1048.96 | Qty: 3 | Total: ₹3146.88
[2026-07-10 23:00:03] TRADE MATCHED: Ticker: SUNPHARMA | Buy Order: 2983 | Sell Order: 5266 | Price: ₹1048.91 | Qty: 1 | Total: ₹1048.91
[2026-07-10 23:00:07] TRADE MATCHED: Ticker: TATAMOTORS | Buy Order: 5268 | Sell Order: 3854 | Price: ₹644.75 | Qty: 6 | Total: ₹3868.50
[2026-07-10 23:00:07] TRADE MATCHED: Ticker: HDFCBANK | Buy Order: 5269 | Sell Order: 5257 | Price: ₹1584.34 | Qty: 2 | Total: ₹3168.68
[2026-07-10 23:00:08] TRADE MATCHED: Ticker: TCS | Buy Order: 5270 | Sell Order: 5264 | Price: ₹3175.25 | Qty: 3 | Total: ₹9525.75
[2026-07-10 23:00:11] TRADE MATCHED: Ticker: SUNPHARMA | Buy Order: 2983 | Sell Order: 5271 | Price: ₹1048.91 | Qty: 6 | Total: ₹6293.46
[2026-07-10 23:00:12] TRADE MATCHED: Ticker: HDFCBANK | Buy Order: 5273 | Sell Order: 923 | Price: ₹1601.14 | Qty: 2 | Total: ₹3202.28
[2026-07-10 23:00:13] TRADE MATCHED: Ticker: HDFCBANK | Buy Order: 5273 | Sell Order: 5195 | Price: ₹1601.17 | Qty: 1 | Total: ₹1601.17
[2026-07-10 23:00:13] TRADE MATCHED: Ticker: HDFCBANK | Buy Order: 5273 | Sell Order: 3058 | Price: ₹1601.33 | Qty: 8 | Total: ₹12810.64
[2026-07-10 23:00:14] TRADE MATCHED: Ticker: RELIANCE | Buy Order: 5275 | Sell Order: 5052 | Price: ₹2281.85 | Qty: 3 | Total: ₹6845.55
[2026-07-10 23:00:15] TRADE MATCHED: Ticker: TCS | Buy Order: 5276 | Sell Order: 5264 | Price: ₹3175.25 | Qty: 5 | Total: ₹15876.25
[2026-07-10 23:00:16] TRADE MATCHED: Ticker: TCS | Buy Order: 5276 | Sell Order: 5229 | Price: ₹3190.52 | Qty: 7 | Total: ₹22333.64
[2026-07-10 23:00:25] TRADE MATCHED: Ticker: TATAMOTORS | Buy Order: 5283 | Sell Order: 3854 | Price: ₹644.75 | Qty: 3 | Total: ₹1934.25
[2026-07-10 23:00:25] TRADE MATCHED: Ticker: TATAMOTORS | Buy Order: 5283 | Sell Order: 2023 | Price: ₹644.78 | Qty: 3 | Total: ₹1934.34
[2026-07-10 23:00:25] TRADE MATCHED: Ticker: TATAMOTORS | Buy Order: 5283 | Sell Order: 4306 | Price: ₹644.81 | Qty: 2 | Total: ₹1289.62
[2026-07-10 23:00:25] TRADE MATCHED: Ticker: HDFCBANK | Buy Order: 5282 | Sell Order: 3058 | Price: ₹1601.33 | Qty: 6 | Total: ₹9607.98
[2026-07-10 23:00:25] TRADE MATCHED: Ticker: HDFCBANK | Buy Order: 5282 | Sell Order: 3481 | Price: ₹1601.33 | Qty: 4 | Total: ₹6405.32
[2026-07-10 23:00:31] TRADE MATCHED: Ticker: HDFCBANK | Buy Order: 5287 | Sell Order: 3481 | Price: ₹1601.33 | Qty: 9 | Total: ₹14411.97
[2026-07-10 23:00:31] TRADE MATCHED: Ticker: TATAMOTORS | Buy Order: 5173 | Sell Order: 5288 | Price: ₹638.51 | Qty: 3 | Total: ₹1915.53
[2026-07-10 23:00:35] TRADE MATCHED: Ticker: TCS | Buy Order: 5291 | Sell Order: 5280 | Price: ₹3176.48 | Qty: 8 | Total: ₹25411.84
[2026-07-10 23:00:35] TRADE MATCHED: Ticker: TCS | Buy Order: 5291 | Sell Order: 5168 | Price: ₹3191.01 | Qty: 4 | Total: ₹12764.04
[2026-07-10 23:00:40] TRADE MATCHED: Ticker: RELIANCE | Buy Order: 5275 | Sell Order: 5296 | Price: ₹2284.92 | Qty: 4 | Total: ₹9139.68
[2026-07-10 23:00:40] TRADE MATCHED: Ticker: RELIANCE | Buy Order: 5295 | Sell Order: 5296 | Price: ₹2283.80 | Qty: 5 | Total: ₹11419.00
[2026-07-10 23:00:42] TRADE MATCHED: Ticker: SUNPHARMA | Buy Order: 5298 | Sell Order: 5235 | Price: ₹1049.41 | Qty: 3 | Total: ₹3148.23
[2026-07-10 23:00:42] TRADE MATCHED: Ticker: SUNPHARMA | Buy Order: 5298 | Sell Order: 5226 | Price: ₹1054.53 | Qty: 7 | Total: ₹7381.71
[2026-07-10 23:00:44] TRADE MATCHED: Ticker: SUNPHARMA | Buy Order: 5300 | Sell Order: 5226 | Price: ₹1054.53 | Qty: 2 | Total: ₹2109.06
[2026-07-10 23:00:44] TRADE MATCHED: Ticker: SUNPHARMA | Buy Order: 5300 | Sell Order: 5243 | Price: ₹1056.21 | Qty: 1 | Total: ₹1056.21
[2026-07-10 23:00:44] TRADE MATCHED: Ticker: SUNPHARMA | Buy Order: 5300 | Sell Order: 5079 | Price: ₹1059.36 | Qty: 1 | Total: ₹1059.36
[2026-07-10 23:00:45] TRADE MATCHED: Ticker: SUNPHARMA | Buy Order: 5300 | Sell Order: 5121 | Price: ₹1060.59 | Qty: 9 | Total: ₹9545.31
[2026-07-10 23:00:45] TRADE MATCHED: Ticker: SUNPHARMA | Buy Order: 5300 | Sell Order: 5087 | Price: ₹1060.66 | Qty: 2 | Total: ₹2121.32
[2026-07-10 23:00:45] TRADE MATCHED: Ticker: SUNPHARMA | Buy Order: 5302 | Sell Order: 5087 | Price: ₹1060.66 | Qty: 7 | Total: ₹7424.62
[2026-07-10 23:00:46] TRADE MATCHED: Ticker: RELIANCE | Buy Order: 5295 | Sell Order: 5303 | Price: ₹2283.80 | Qty: 7 | Total: ₹15986.60
[2026-07-10 23:00:46] TRADE MATCHED: Ticker: RELIANCE | Buy Order: 5286 | Sell Order: 5303 | Price: ₹2281.70 | Qty: 8 | Total: ₹18253.60
[2026-07-10 23:00:52] TRADE MATCHED: Ticker: RELIANCE | Buy Order: 5286 | Sell Order: 5309 | Price: ₹2281.70 | Qty: 4 | Total: ₹9126.80
[2026-07-10 23:00:52] TRADE MATCHED: Ticker: RELIANCE | Buy Order: 5279 | Sell Order: 5309 | Price: ₹2281.51 | Qty: 3 | Total: ₹6844.53
[2026-07-10 23:00:52] TRADE MATCHED: Ticker: TATAMOTORS | Buy Order: 5159 | Sell Order: 5310 | Price: ₹636.19 | Qty: 7 | Total: ₹4453.33
[2026-07-10 23:00:53] TRADE MATCHED: Ticker: TATAMOTORS | Buy Order: 5108 | Sell Order: 5310 | Price: ₹635.90 | Qty: 1 | Total: ₹635.90
[2026-07-10 23:00:57] TRADE MATCHED: Ticker: TATAMOTORS | Buy Order: 5314 | Sell Order: 5288 | Price: ₹636.46 | Qty: 3 | Total: ₹1909.38
[2026-07-10 23:01:01] TRADE MATCHED: Ticker: TATAMOTORS | Buy Order: 5314 | Sell Order: 5316 | Price: ₹636.53 | Qty: 3 | Total: ₹1909.59
[2026-07-10 23:01:03] TRADE MATCHED: Ticker: SUNPHARMA | Buy Order: 5318 | Sell Order: 5087 | Price: ₹1060.66 | Qty: 3 | Total: ₹3181.98
[2026-07-10 23:01:03] TRADE MATCHED: Ticker: SUNPHARMA | Buy Order: 5318 | Sell Order: 5176 | Price: ₹1060.86 | Qty: 1 | Total: ₹1060.86
[2026-07-10 23:01:03] TRADE MATCHED: Ticker: SUNPHARMA | Buy Order: 5319 | Sell Order: 5176 | Price: ₹1060.86 | Qty: 8 | Total: ₹8486.88
[2026-07-10 23:01:06] TRADE MATCHED: Ticker: HDFCBANK | Buy Order: 5321 | Sell Order: 5317 | Price: ₹1600.86 | Qty: 3 | Total: ₹4802.58
[2026-07-10 23:01:06] TRADE MATCHED: Ticker: HDFCBANK | Buy Order: 5321 | Sell Order: 3481 | Price: ₹1601.33 | Qty: 1 | Total: ₹1601.33
[2026-07-10 23:01:06] TRADE MATCHED: Ticker: HDFCBANK | Buy Order: 5321 | Sell Order: 4217 | Price: ₹1601.46 | Qty: 5 | Total: ₹8007.30
[2026-07-10 23:01:09] TRADE MATCHED: Ticker: HDFCBANK | Buy Order: 5324 | Sell Order: 4217 | Price: ₹1601.46 | Qty: 1 | Total: ₹1601.46
[2026-07-10 23:01:09] TRADE MATCHED: Ticker: HDFCBANK | Buy Order: 5324 | Sell Order: 2832 | Price: ₹1602.44 | Qty: 4 | Total: ₹6409.76
[2026-07-10 23:01:11] TRADE MATCHED: Ticker: TCS | Buy Order: 5326 | Sell Order: 5168 | Price: ₹3191.01 | Qty: 2 | Total: ₹6382.02
[2026-07-10 23:01:11] TRADE MATCHED: Ticker: TCS | Buy Order: 5326 | Sell Order: 5098 | Price: ₹3191.85 | Qty: 2 | Total: ₹6383.70
[2026-07-10 23:01:12] TRADE MATCHED: Ticker: SUNPHARMA | Buy Order: 5307 | Sell Order: 5327 | Price: ₹1057.77 | Qty: 4 | Total: ₹4231.08
[2026-07-10 23:01:12] TRADE MATCHED: Ticker: SUNPHARMA | Buy Order: 2983 | Sell Order: 5327 | Price: ₹1048.91 | Qty: 2 | Total: ₹2097.82
[2026-07-10 23:01:15] TRADE MATCHED: Ticker: SUNPHARMA | Buy Order: 5304 | Sell Order: 5328 | Price: ₹1048.89 | Qty: 10 | Total: ₹10488.90
[2026-07-10 23:01:15] TRADE MATCHED: Ticker: TCS | Buy Order: 5329 | Sell Order: 5098 | Price: ₹3191.85 | Qty: 8 | Total: ₹25534.80
[2026-07-10 23:01:16] TRADE MATCHED: Ticker: TCS | Buy Order: 5329 | Sell Order: 5057 | Price: ₹3193.39 | Qty: 2 | Total: ₹6386.78
[2026-07-10 23:01:16] TRADE MATCHED: Ticker: TCS | Buy Order: 5329 | Sell Order: 5104 | Price: ₹3195.04 | Qty: 5 | Total: ₹15975.20
[2026-07-10 23:01:19] TRADE MATCHED: Ticker: RELIANCE | Buy Order: 5279 | Sell Order: 5331 | Price: ₹2281.51 | Qty: 10 | Total: ₹22815.10
[2026-07-10 23:01:19] TRADE MATCHED: Ticker: RELIANCE | Buy Order: 5278 | Sell Order: 5331 | Price: ₹2266.10 | Qty: 1 | Total: ₹2266.10
[2026-07-10 23:01:19] TRADE MATCHED: Ticker: RELIANCE | Buy Order: 2646 | Sell Order: 5331 | Price: ₹2264.05 | Qty: 1 | Total: ₹2264.05
[2026-07-10 23:01:20] TRADE MATCHED: Ticker: SUNPHARMA | Buy Order: 5304 | Sell Order: 5333 | Price: ₹1048.89 | Qty: 2 | Total: ₹2097.78
[2026-07-10 23:01:20] TRADE MATCHED: Ticker: SUNPHARMA | Buy Order: 4150 | Sell Order: 5333 | Price: ₹1048.71 | Qty: 6 | Total: ₹6292.26
[2026-07-10 23:01:21] TRADE MATCHED: Ticker: SUNPHARMA | Buy Order: 4186 | Sell Order: 5333 | Price: ₹1048.66 | Qty: 7 | Total: ₹7340.62
[2026-07-10 23:01:22] TRADE MATCHED: Ticker: TCS | Buy Order: 5334 | Sell Order: 5104 | Price: ₹3195.04 | Qty: 5 | Total: ₹15975.20
[2026-07-10 23:01:22] TRADE MATCHED: Ticker: TCS | Buy Order: 5334 | Sell Order: 5248 | Price: ₹3195.71 | Qty: 1 | Total: ₹3195.71
[2026-07-10 23:01:22] TRADE MATCHED: Ticker: SUNPHARMA | Buy Order: 5335 | Sell Order: 5250 | Price: ₹1062.04 | Qty: 2 | Total: ₹2124.08
[2026-07-10 23:01:22] TRADE MATCHED: Ticker: SUNPHARMA | Buy Order: 5335 | Sell Order: 5294 | Price: ₹1062.82 | Qty: 2 | Total: ₹2125.64
[2026-07-10 23:01:23] TRADE MATCHED: Ticker: TATAMOTORS | Buy Order: 5108 | Sell Order: 5336 | Price: ₹635.90 | Qty: 11 | Total: ₹6994.90
[2026-07-10 23:01:26] TRADE MATCHED: Ticker: TATAMOTORS | Buy Order: 5108 | Sell Order: 5337 | Price: ₹635.90 | Qty: 2 | Total: ₹1271.80
[2026-07-10 23:01:26] TRADE MATCHED: Ticker: TATAMOTORS | Buy Order: 5241 | Sell Order: 5337 | Price: ₹635.84 | Qty: 6 | Total: ₹3815.04
[2026-07-10 23:01:27] TRADE MATCHED: Ticker: TATAMOTORS | Buy Order: 5338 | Sell Order: 5316 | Price: ₹636.36 | Qty: 7 | Total: ₹4454.52
[2026-07-10 23:01:27] TRADE MATCHED: Ticker: TATAMOTORS | Buy Order: 5338 | Sell Order: 5313 | Price: ₹637.43 | Qty: 5 | Total: ₹3187.15
[2026-07-10 23:01:27] TRADE MATCHED: Ticker: TCS | Buy Order: 5339 | Sell Order: 5248 | Price: ₹3195.71 | Qty: 8 | Total: ₹25565.68
[2026-07-10 23:01:27] TRADE MATCHED: Ticker: TCS | Buy Order: 5339 | Sell Order: 4996 | Price: ₹3196.59 | Qty: 4 | Total: ₹12786.36
[2026-07-10 23:01:29] TRADE MATCHED: Ticker: RELIANCE | Buy Order: 2684 | Sell Order: 5340 | Price: ₹2264.01 | Qty: 10 | Total: ₹22640.10
[2026-07-10 23:01:32] TRADE MATCHED: Ticker: SUNPHARMA | Buy Order: 5342 | Sell Order: 5294 | Price: ₹1062.82 | Qty: 6 | Total: ₹6376.92
[2026-07-10 23:01:32] TRADE MATCHED: Ticker: SUNPHARMA | Buy Order: 5342 | Sell Order: 5091 | Price: ₹1064.11 | Qty: 8 | Total: ₹8512.88
[2026-07-10 23:01:41] TRADE MATCHED: Ticker: HDFCBANK | Buy Order: 5349 | Sell Order: 2832 | Price: ₹1602.44 | Qty: 7 | Total: ₹11217.08
[2026-07-10 23:01:45] TRADE MATCHED: Ticker: SUNPHARMA | Buy Order: 5343 | Sell Order: 5351 | Price: ₹1063.91 | Qty: 6 | Total: ₹6383.46
[2026-07-10 23:01:48] TRADE MATCHED: Ticker: TATAMOTORS | Buy Order: 5338 | Sell Order: 5353 | Price: ₹637.85 | Qty: 1 | Total: ₹637.85
[2026-07-10 23:01:49] TRADE MATCHED: Ticker: RELIANCE | Buy Order: 5354 | Sell Order: 5341 | Price: ₹2264.58 | Qty: 2 | Total: ₹4529.16
[2026-07-10 23:01:49] TRADE MATCHED: Ticker: RELIANCE | Buy Order: 5354 | Sell Order: 5322 | Price: ₹2282.58 | Qty: 5 | Total: ₹11412.90
[2026-07-10 23:01:55] TRADE MATCHED: Ticker: HDFCBANK | Buy Order: 5269 | Sell Order: 5358 | Price: ₹1597.79 | Qty: 3 | Total: ₹4793.37
[2026-07-10 23:01:56] TRADE MATCHED: Ticker: SUNPHARMA | Buy Order: 5359 | Sell Order: 5091 | Price: ₹1064.11 | Qty: 2 | Total: ₹2128.22
[2026-07-10 23:01:56] TRADE MATCHED: Ticker: SUNPHARMA | Buy Order: 5359 | Sell Order: 4955 | Price: ₹1065.89 | Qty: 5 | Total: ₹5329.45
[2026-07-10 23:01:56] TRADE MATCHED: Ticker: SUNPHARMA | Buy Order: 5359 | Sell Order: 5006 | Price: ₹1066.02 | Qty: 1 | Total: ₹1066.02
[2026-07-10 23:01:59] TRADE MATCHED: Ticker: HDFCBANK | Buy Order: 5361 | Sell Order: 2832 | Price: ₹1602.44 | Qty: 4 | Total: ₹6409.76
[2026-07-10 23:01:59] TRADE MATCHED: Ticker: HDFCBANK | Buy Order: 5361 | Sell Order: 4192 | Price: ₹1602.45 | Qty: 10 | Total: ₹16024.50
[2026-07-10 23:02:02] TRADE MATCHED: Ticker: HDFCBANK | Buy Order: 5363 | Sell Order: 4192 | Price: ₹1602.45 | Qty: 3 | Total: ₹4807.35
[2026-07-10 23:02:03] TRADE MATCHED: Ticker: SUNPHARMA | Buy Order: 5364 | Sell Order: 5006 | Price: ₹1066.02 | Qty: 6 | Total: ₹6396.12
[2026-07-10 23:02:05] TRADE MATCHED: Ticker: TCS | Buy Order: 5365 | Sell Order: 5345 | Price: ₹3179.66 | Qty: 2 | Total: ₹6359.32
[2026-07-10 23:02:07] TRADE MATCHED: Ticker: TATAMOTORS | Buy Order: 5241 | Sell Order: 5367 | Price: ₹635.84 | Qty: 3 | Total: ₹1907.52
[2026-07-10 23:02:10] TRADE MATCHED: Ticker: TCS | Buy Order: 5348 | Sell Order: 5369 | Price: ₹3176.65 | Qty: 1 | Total: ₹3176.65
[2026-07-10 23:02:10] TRADE MATCHED: Ticker: TCS | Buy Order: 5277 | Sell Order: 5369 | Price: ₹3168.32 | Qty: 2 | Total: ₹6336.64
[2026-07-10 23:02:10] TRADE MATCHED: Ticker: TCS | Buy Order: 5277 | Sell Order: 5368 | Price: ₹3168.32 | Qty: 4 | Total: ₹12673.28
[2026-07-10 23:02:12] TRADE MATCHED: Ticker: SUNPHARMA | Buy Order: 5370 | Sell Order: 5006 | Price: ₹1066.02 | Qty: 8 | Total: ₹8528.16
[2026-07-10 23:02:12] TRADE MATCHED: Ticker: SUNPHARMA | Buy Order: 5370 | Sell Order: 5299 | Price: ₹1066.50 | Qty: 4 | Total: ₹4266.00
[2026-07-10 23:02:13] TRADE MATCHED: Ticker: SUNPHARMA | Buy Order: 5372 | Sell Order: 5299 | Price: ₹1066.50 | Qty: 4 | Total: ₹4266.00
[2026-07-10 23:02:18] TRADE MATCHED: Ticker: HDFCBANK | Buy Order: 5376 | Sell Order: 4842 | Price: ₹1602.75 | Qty: 3 | Total: ₹4808.25
[2026-07-10 23:02:18] TRADE MATCHED: Ticker: HDFCBANK | Buy Order: 5376 | Sell Order: 4783 | Price: ₹1602.82 | Qty: 3 | Total: ₹4808.46
[2026-07-10 23:02:18] TRADE MATCHED: Ticker: HDFCBANK | Buy Order: 5376 | Sell Order: 4207 | Price: ₹1603.41 | Qty: 8 | Total: ₹12827.28
[2026-07-10 23:02:20] TRADE MATCHED: Ticker: TATAMOTORS | Buy Order: 5241 | Sell Order: 5377 | Price: ₹635.84 | Qty: 4 | Total: ₹2543.36
[2026-07-10 23:02:22] TRADE MATCHED: Ticker: RELIANCE | Buy Order: 5378 | Sell Order: 5357 | Price: ₹2272.17 | Qty: 5 | Total: ₹11360.85
[2026-07-10 23:02:25] TRADE MATCHED: Ticker: HDFCBANK | Buy Order: 5382 | Sell Order: 2417 | Price: ₹1603.53 | Qty: 10 | Total: ₹16035.30
[2026-07-10 23:02:29] TRADE MATCHED: Ticker: SUNPHARMA | Buy Order: 5385 | Sell Order: 5299 | Price: ₹1066.50 | Qty: 7 | Total: ₹7465.50
[2026-07-10 23:02:29] TRADE MATCHED: Ticker: SUNPHARMA | Buy Order: 5385 | Sell Order: 5180 | Price: ₹1067.24 | Qty: 8 | Total: ₹8537.92
[2026-07-10 23:02:34] TRADE MATCHED: Ticker: TCS | Buy Order: 5356 | Sell Order: 5389 | Price: ₹3156.61 | Qty: 3 | Total: ₹9469.83
[2026-07-10 23:02:34] TRADE MATCHED: Ticker: TCS | Buy Order: 5306 | Sell Order: 5389 | Price: ₹3155.74 | Qty: 3 | Total: ₹9467.22
[2026-07-10 23:02:36] TRADE MATCHED: Ticker: RELIANCE | Buy Order: 5391 | Sell Order: 5357 | Price: ₹2272.17 | Qty: 1 | Total: ₹2272.17
[2026-07-10 23:02:37] TRADE MATCHED: Ticker: TCS | Buy Order: 5392 | Sell Order: 5386 | Price: ₹3178.44 | Qty: 13 | Total: ₹41319.72
[2026-07-10 23:02:40] TRADE MATCHED: Ticker: TCS | Buy Order: 5393 | Sell Order: 5386 | Price: ₹3178.44 | Qty: 1 | Total: ₹3178.44
[2026-07-10 23:02:40] TRADE MATCHED: Ticker: TCS | Buy Order: 5393 | Sell Order: 5345 | Price: ₹3179.66 | Qty: 6 | Total: ₹19077.96
[2026-07-10 23:02:40] TRADE MATCHED: Ticker: TCS | Buy Order: 5393 | Sell Order: 5366 | Price: ₹3184.88 | Qty: 4 | Total: ₹12739.52
[2026-07-10 23:02:40] TRADE MATCHED: Ticker: HDFCBANK | Buy Order: 5269 | Sell Order: 5394 | Price: ₹1597.79 | Qty: 4 | Total: ₹6391.16
[2026-07-10 23:02:43] TRADE MATCHED: Ticker: TCS | Buy Order: 5396 | Sell Order: 4996 | Price: ₹3196.59 | Qty: 2 | Total: ₹6393.18
[2026-07-10 23:02:43] TRADE MATCHED: Ticker: TCS | Buy Order: 5396 | Sell Order: 5143 | Price: ₹3201.02 | Qty: 1 | Total: ₹3201.02
[2026-07-10 23:02:43] TRADE MATCHED: Ticker: TCS | Buy Order: 5396 | Sell Order: 5027 | Price: ₹3201.66 | Qty: 3 | Total: ₹9604.98
[2026-07-10 23:02:43] TRADE MATCHED: Ticker: TCS | Buy Order: 5396 | Sell Order: 4390 | Price: ₹3204.96 | Qty: 2 | Total: ₹6409.92
[2026-07-10 23:02:50] TRADE MATCHED: Ticker: TATAMOTORS | Buy Order: 5401 | Sell Order: 5353 | Price: ₹636.76 | Qty: 2 | Total: ₹1273.52
[2026-07-10 23:02:51] TRADE MATCHED: Ticker: RELIANCE | Buy Order: 5403 | Sell Order: 5395 | Price: ₹2279.56 | Qty: 3 | Total: ₹6838.68
[2026-07-10 23:02:51] TRADE MATCHED: Ticker: RELIANCE | Buy Order: 5403 | Sell Order: 5322 | Price: ₹2282.58 | Qty: 6 | Total: ₹13695.48
[2026-07-10 23:02:51] TRADE MATCHED: Ticker: RELIANCE | Buy Order: 5403 | Sell Order: 4971 | Price: ₹2288.99 | Qty: 3 | Total: ₹6866.97
[2026-07-10 23:03:03] TRADE MATCHED: Ticker: TATAMOTORS | Buy Order: 5120 | Sell Order: 5413 | Price: ₹635.54 | Qty: 6 | Total: ₹3813.24
[2026-07-10 23:03:03] TRADE MATCHED: Ticker: TATAMOTORS | Buy Order: 5165 | Sell Order: 5413 | Price: ₹635.06 | Qty: 3 | Total: ₹1905.18
[2026-07-10 23:03:10] TRADE MATCHED: Ticker: RELIANCE | Buy Order: 5419 | Sell Order: 4971 | Price: ₹2288.99 | Qty: 1 | Total: ₹2288.99
[2026-07-10 23:03:10] TRADE MATCHED: Ticker: HDFCBANK | Buy Order: 5269 | Sell Order: 5420 | Price: ₹1597.79 | Qty: 2 | Total: ₹3195.58
[2026-07-10 23:03:10] TRADE MATCHED: Ticker: HDFCBANK | Buy Order: 5330 | Sell Order: 5420 | Price: ₹1594.75 | Qty: 5 | Total: ₹7973.75
[2026-07-10 23:03:12] TRADE MATCHED: Ticker: HDFCBANK | Buy Order: 5330 | Sell Order: 5421 | Price: ₹1594.75 | Qty: 1 | Total: ₹1594.75
[2026-07-10 23:03:15] TRADE MATCHED: Ticker: SUNPHARMA | Buy Order: 5423 | Sell Order: 5180 | Price: ₹1067.24 | Qty: 2 | Total: ₹2134.48
[2026-07-10 23:03:16] TRADE MATCHED: Ticker: HDFCBANK | Buy Order: 5330 | Sell Order: 5424 | Price: ₹1594.75 | Qty: 4 | Total: ₹6379.00
[2026-07-10 23:03:16] TRADE MATCHED: Ticker: HDFCBANK | Buy Order: 5308 | Sell Order: 5424 | Price: ₹1594.24 | Qty: 1 | Total: ₹1594.24
[2026-07-10 23:03:16] TRADE MATCHED: Ticker: TCS | Buy Order: 5425 | Sell Order: 5400 | Price: ₹3176.89 | Qty: 7 | Total: ₹22238.23
[2026-07-10 23:03:20] TRADE MATCHED: Ticker: TATAMOTORS | Buy Order: 5428 | Sell Order: 5417 | Price: ₹638.34 | Qty: 3 | Total: ₹1915.02
[2026-07-10 23:03:23] TRADE MATCHED: Ticker: HDFCBANK | Buy Order: 5427 | Sell Order: 5429 | Price: ₹1598.34 | Qty: 4 | Total: ₹6393.36
[2026-07-10 23:03:23] TRADE MATCHED: Ticker: HDFCBANK | Buy Order: 5308 | Sell Order: 5429 | Price: ₹1594.24 | Qty: 6 | Total: ₹9565.44
[2026-07-10 23:03:28] TRADE MATCHED: Ticker: SUNPHARMA | Buy Order: 5423 | Sell Order: 5433 | Price: ₹1067.63 | Qty: 2 | Total: ₹2135.26
[2026-07-10 23:03:28] TRADE MATCHED: Ticker: SUNPHARMA | Buy Order: 5343 | Sell Order: 5433 | Price: ₹1063.91 | Qty: 5 | Total: ₹5319.55
[2026-07-10 23:03:29] TRADE MATCHED: Ticker: HDFCBANK | Buy Order: 5362 | Sell Order: 5434 | Price: ₹1588.42 | Qty: 7 | Total: ₹11118.94
[2026-07-10 23:03:29] TRADE MATCHED: Ticker: HDFCBANK | Buy Order: 5414 | Sell Order: 5434 | Price: ₹1586.67 | Qty: 3 | Total: ₹4760.01
[2026-07-10 23:03:31] TRADE MATCHED: Ticker: SUNPHARMA | Buy Order: 5436 | Sell Order: 5137 | Price: ₹1068.18 | Qty: 10 | Total: ₹10681.80
[2026-07-10 23:03:31] TRADE MATCHED: Ticker: SUNPHARMA | Buy Order: 5436 | Sell Order: 5388 | Price: ₹1069.46 | Qty: 2 | Total: ₹2138.92
[2026-07-10 23:03:33] TRADE MATCHED: Ticker: HDFCBANK | Buy Order: 5414 | Sell Order: 5438 | Price: ₹1586.67 | Qty: 4 | Total: ₹6346.68
[2026-07-10 23:03:33] TRADE MATCHED: Ticker: HDFCBANK | Buy Order: 5432 | Sell Order: 5438 | Price: ₹1583.16 | Qty: 3 | Total: ₹4749.48
[2026-07-10 23:03:33] TRADE MATCHED: Ticker: HDFCBANK | Buy Order: 5426 | Sell Order: 5438 | Price: ₹1578.55 | Qty: 5 | Total: ₹7892.75
[2026-07-10 23:03:36] TRADE MATCHED: Ticker: TATAMOTORS | Buy Order: 5439 | Sell Order: 5417 | Price: ₹638.34 | Qty: 4 | Total: ₹2553.36
[2026-07-10 23:03:36] TRADE MATCHED: Ticker: TATAMOTORS | Buy Order: 5439 | Sell Order: 5409 | Price: ₹639.64 | Qty: 2 | Total: ₹1279.28
[2026-07-10 23:03:36] TRADE MATCHED: Ticker: TATAMOTORS | Buy Order: 5439 | Sell Order: 5301 | Price: ₹639.82 | Qty: 2 | Total: ₹1279.64
[2026-07-10 23:03:40] TRADE MATCHED: Ticker: SUNPHARMA | Buy Order: 5444 | Sell Order: 5388 | Price: ₹1069.46 | Qty: 7 | Total: ₹7486.22
[2026-07-10 23:03:40] TRADE MATCHED: Ticker: TATAMOTORS | Buy Order: 5439 | Sell Order: 5442 | Price: ₹639.86 | Qty: 4 | Total: ₹2559.44
[2026-07-10 23:03:42] TRADE MATCHED: Ticker: SUNPHARMA | Buy Order: 5435 | Sell Order: 5445 | Price: ₹1067.01 | Qty: 6 | Total: ₹6402.06
[2026-07-10 23:03:42] TRADE MATCHED: Ticker: SUNPHARMA | Buy Order: 5343 | Sell Order: 5445 | Price: ₹1063.91 | Qty: 2 | Total: ₹2127.82
[2026-07-10 23:03:42] TRADE MATCHED: Ticker: SUNPHARMA | Buy Order: 5410 | Sell Order: 5445 | Price: ₹1063.69 | Qty: 3 | Total: ₹3191.07
[2026-07-10 23:03:44] TRADE MATCHED: Ticker: HDFCBANK | Buy Order: 5447 | Sell Order: 5429 | Price: ₹1592.41 | Qty: 3 | Total: ₹4777.23
[2026-07-10 23:03:48] TRADE MATCHED: Ticker: HDFCBANK | Buy Order: 5449 | Sell Order: 2417 | Price: ₹1603.53 | Qty: 2 | Total: ₹3207.06
[2026-07-10 23:03:48] TRADE MATCHED: Ticker: HDFCBANK | Buy Order: 5449 | Sell Order: 4191 | Price: ₹1603.79 | Qty: 5 | Total: ₹8018.95
[2026-07-10 23:03:48] TRADE MATCHED: Ticker: TATAMOTORS | Buy Order: 5450 | Sell Order: 5442 | Price: ₹638.62 | Qty: 1 | Total: ₹638.62
[2026-07-10 23:03:48] TRADE MATCHED: Ticker: TATAMOTORS | Buy Order: 5450 | Sell Order: 5404 | Price: ₹641.24 | Qty: 6 | Total: ₹3847.44
[2026-07-10 23:03:48] TRADE MATCHED: Ticker: TATAMOTORS | Buy Order: 5450 | Sell Order: 5297 | Price: ₹643.07 | Qty: 6 | Total: ₹3858.42
[2026-07-10 23:03:51] TRADE MATCHED: Ticker: HDFCBANK | Buy Order: 5452 | Sell Order: 4191 | Price: ₹1603.79 | Qty: 4 | Total: ₹6415.16
[2026-07-10 23:03:51] TRADE MATCHED: Ticker: HDFCBANK | Buy Order: 5452 | Sell Order: 5136 | Price: ₹1603.88 | Qty: 2 | Total: ₹3207.76
[2026-07-10 23:03:51] TRADE MATCHED: Ticker: HDFCBANK | Buy Order: 5452 | Sell Order: 1171 | Price: ₹1604.04 | Qty: 2 | Total: ₹3208.08
[2026-07-10 23:03:52] TRADE MATCHED: Ticker: HDFCBANK | Buy Order: 5452 | Sell Order: 3240 | Price: ₹1604.30 | Qty: 3 | Total: ₹4812.90
[2026-07-10 23:03:52] TRADE MATCHED: Ticker: HDFCBANK | Buy Order: 5452 | Sell Order: 783 | Price: ₹1604.31 | Qty: 2 | Total: ₹3208.62
[2026-07-10 23:03:53] TRADE MATCHED: Ticker: HDFCBANK | Buy Order: 5453 | Sell Order: 783 | Price: ₹1604.31 | Qty: 7 | Total: ₹11230.17
[2026-07-10 23:03:53] TRADE MATCHED: Ticker: HDFCBANK | Buy Order: 5453 | Sell Order: 2112 | Price: ₹1604.37 | Qty: 2 | Total: ₹3208.74
[2026-07-10 23:03:55] TRADE MATCHED: Ticker: TCS | Buy Order: 5412 | Sell Order: 5454 | Price: ₹3172.16 | Qty: 7 | Total: ₹22205.12
[2026-07-10 23:03:56] TRADE MATCHED: Ticker: TCS | Buy Order: 5455 | Sell Order: 5400 | Price: ₹3176.89 | Qty: 4 | Total: ₹12707.56
[2026-07-10 23:03:58] TRADE MATCHED: Ticker: TATAMOTORS | Buy Order: 5165 | Sell Order: 5456 | Price: ₹635.06 | Qty: 3 | Total: ₹1905.18
[2026-07-10 23:03:58] TRADE MATCHED: Ticker: TATAMOTORS | Buy Order: 5102 | Sell Order: 5456 | Price: ₹635.02 | Qty: 3 | Total: ₹1905.06
[2026-07-10 23:03:59] TRADE MATCHED: Ticker: TATAMOTORS | Buy Order: 5102 | Sell Order: 5458 | Price: ₹635.02 | Qty: 3 | Total: ₹1905.06
[2026-07-10 23:04:00] TRADE MATCHED: Ticker: HDFCBANK | Buy Order: 5459 | Sell Order: 2112 | Price: ₹1604.37 | Qty: 7 | Total: ₹11230.59
[2026-07-10 23:04:00] TRADE MATCHED: Ticker: HDFCBANK | Buy Order: 5459 | Sell Order: 4285 | Price: ₹1604.62 | Qty: 1 | Total: ₹1604.62
[2026-07-10 23:04:06] TRADE MATCHED: Ticker: RELIANCE | Buy Order: 5464 | Sell Order: 4971 | Price: ₹2288.99 | Qty: 7 | Total: ₹16022.93
[2026-07-10 23:04:06] TRADE MATCHED: Ticker: RELIANCE | Buy Order: 5464 | Sell Order: 4963 | Price: ₹2290.03 | Qty: 3 | Total: ₹6870.09
[2026-07-10 23:04:08] TRADE MATCHED: Ticker: RELIANCE | Buy Order: 5440 | Sell Order: 5465 | Price: ₹2281.94 | Qty: 1 | Total: ₹2281.94
[2026-07-10 23:04:12] TRADE MATCHED: Ticker: TATAMOTORS | Buy Order: 5460 | Sell Order: 5470 | Price: ₹640.85 | Qty: 1 | Total: ₹640.85
[2026-07-10 23:04:12] TRADE MATCHED: Ticker: TATAMOTORS | Buy Order: 5102 | Sell Order: 5470 | Price: ₹635.02 | Qty: 2 | Total: ₹1270.04
[2026-07-10 23:04:12] TRADE MATCHED: Ticker: TATAMOTORS | Buy Order: 5124 | Sell Order: 5470 | Price: ₹633.99 | Qty: 11 | Total: ₹6973.89
[2026-07-10 23:04:12] TRADE MATCHED: Ticker: RELIANCE | Buy Order: 5469 | Sell Order: 5465 | Price: ₹2280.97 | Qty: 3 | Total: ₹6842.91
[2026-07-10 23:04:12] TRADE MATCHED: Ticker: RELIANCE | Buy Order: 5469 | Sell Order: 4963 | Price: ₹2290.03 | Qty: 3 | Total: ₹6870.09
[2026-07-10 23:04:14] TRADE MATCHED: Ticker: TCS | Buy Order: 5471 | Sell Order: 5472 | Price: ₹3180.91 | Qty: 5 | Total: ₹15904.55
[2026-07-10 23:04:16] TRADE MATCHED: Ticker: RELIANCE | Buy Order: 5405 | Sell Order: 5473 | Price: ₹2275.54 | Qty: 11 | Total: ₹25030.94
[2026-07-10 23:04:23] TRADE MATCHED: Ticker: HDFCBANK | Buy Order: 5461 | Sell Order: 5479 | Price: ₹1588.83 | Qty: 4 | Total: ₹6355.32
[2026-07-10 23:04:25] TRADE MATCHED: Ticker: RELIANCE | Buy Order: 5405 | Sell Order: 5481 | Price: ₹2275.54 | Qty: 1 | Total: ₹2275.54
[2026-07-10 23:04:25] TRADE MATCHED: Ticker: RELIANCE | Buy Order: 5391 | Sell Order: 5481 | Price: ₹2275.01 | Qty: 8 | Total: ₹18200.08
[2026-07-10 23:04:26] TRADE MATCHED: Ticker: TATAMOTORS | Buy Order: 5035 | Sell Order: 5483 | Price: ₹633.93 | Qty: 5 | Total: ₹3169.65
[2026-07-10 23:04:26] TRADE MATCHED: Ticker: TATAMOTORS | Buy Order: 5067 | Sell Order: 5483 | Price: ₹633.67 | Qty: 5 | Total: ₹3168.35
[2026-07-10 23:04:28] TRADE MATCHED: Ticker: TCS | Buy Order: 5484 | Sell Order: 5472 | Price: ₹3176.51 | Qty: 1 | Total: ₹3176.51
[2026-07-10 23:04:28] TRADE MATCHED: Ticker: TCS | Buy Order: 5484 | Sell Order: 5400 | Price: ₹3176.89 | Qty: 3 | Total: ₹9530.67
[2026-07-10 23:04:28] TRADE MATCHED: Ticker: TCS | Buy Order: 5484 | Sell Order: 5477 | Price: ₹3180.16 | Qty: 2 | Total: ₹6360.32
[2026-07-10 23:04:30] TRADE MATCHED: Ticker: SUNPHARMA | Buy Order: 5407 | Sell Order: 5486 | Price: ₹1061.86 | Qty: 10 | Total: ₹10618.60
[2026-07-10 23:04:31] TRADE MATCHED: Ticker: RELIANCE | Buy Order: 5391 | Sell Order: 5487 | Price: ₹2275.01 | Qty: 1 | Total: ₹2275.01
[2026-07-10 23:04:31] TRADE MATCHED: Ticker: HDFCBANK | Buy Order: 5461 | Sell Order: 5488 | Price: ₹1588.83 | Qty: 1 | Total: ₹1588.83
[2026-07-10 23:04:32] TRADE MATCHED: Ticker: HDFCBANK | Buy Order: 5426 | Sell Order: 5488 | Price: ₹1578.55 | Qty: 4 | Total: ₹6314.20
[2026-07-10 23:04:32] TRADE MATCHED: Ticker: HDFCBANK | Buy Order: 5155 | Sell Order: 5488 | Price: ₹1577.66 | Qty: 8 | Total: ₹12621.28
[2026-07-10 23:04:38] TRADE MATCHED: Ticker: SUNPHARMA | Buy Order: 5493 | Sell Order: 5445 | Price: ₹1061.98 | Qty: 2 | Total: ₹2123.96
[2026-07-10 23:04:38] TRADE MATCHED: Ticker: SUNPHARMA | Buy Order: 5493 | Sell Order: 5462 | Price: ₹1068.36 | Qty: 11 | Total: ₹11751.96
[2026-07-10 23:04:39] TRADE MATCHED: Ticker: TATAMOTORS | Buy Order: 4602 | Sell Order: 5494 | Price: ₹632.89 | Qty: 14 | Total: ₹8860.46
[2026-07-10 23:04:41] TRADE MATCHED: Ticker: HDFCBANK | Buy Order: 5496 | Sell Order: 5492 | Price: ₹1585.55 | Qty: 14 | Total: ₹22197.70
[2026-07-10 23:04:41] TRADE MATCHED: Ticker: HDFCBANK | Buy Order: 5496 | Sell Order: 5478 | Price: ₹1593.48 | Qty: 1 | Total: ₹1593.48
[2026-07-10 23:04:42] TRADE MATCHED: Ticker: SUNPHARMA | Buy Order: 5407 | Sell Order: 5497 | Price: ₹1061.86 | Qty: 1 | Total: ₹1061.86
[2026-07-10 23:04:42] TRADE MATCHED: Ticker: SUNPHARMA | Buy Order: 5416 | Sell Order: 5497 | Price: ₹1057.17 | Qty: 3 | Total: ₹3171.51
[2026-07-10 23:04:43] TRADE MATCHED: Ticker: RELIANCE | Buy Order: 5490 | Sell Order: 5498 | Price: ₹2283.72 | Qty: 6 | Total: ₹13702.32
[2026-07-10 23:04:43] TRADE MATCHED: Ticker: RELIANCE | Buy Order: 5391 | Sell Order: 5498 | Price: ₹2275.01 | Qty: 4 | Total: ₹9100.04
[2026-07-10 23:04:44] TRADE MATCHED: Ticker: TATAMOTORS | Buy Order: 4856 | Sell Order: 5499 | Price: ₹632.73 | Qty: 6 | Total: ₹3796.38
[2026-07-10 23:04:44] TRADE MATCHED: Ticker: TATAMOTORS | Buy Order: 5140 | Sell Order: 5499 | Price: ₹632.68 | Qty: 3 | Total: ₹1898.04
[2026-07-10 23:04:44] TRADE MATCHED: Ticker: TATAMOTORS | Buy Order: 5431 | Sell Order: 5499 | Price: ₹631.67 | Qty: 1 | Total: ₹631.67
[2026-07-10 23:04:46] TRADE MATCHED: Ticker: TCS | Buy Order: 5501 | Sell Order: 4390 | Price: ₹3204.96 | Qty: 7 | Total: ₹22434.72
[2026-07-10 23:04:46] TRADE MATCHED: Ticker: TCS | Buy Order: 5501 | Sell Order: 5448 | Price: ₹3205.07 | Qty: 7 | Total: ₹22435.49
[2026-07-10 23:04:48] TRADE MATCHED: Ticker: SUNPHARMA | Buy Order: 5503 | Sell Order: 5462 | Price: ₹1068.36 | Qty: 2 | Total: ₹2136.72
[2026-07-10 23:04:48] TRADE MATCHED: Ticker: SUNPHARMA | Buy Order: 5503 | Sell Order: 5388 | Price: ₹1069.46 | Qty: 2 | Total: ₹2138.92
[2026-07-10 23:04:49] TRADE MATCHED: Ticker: TATAMOTORS | Buy Order: 5504 | Sell Order: 5494 | Price: ₹632.85 | Qty: 1 | Total: ₹632.85
[2026-07-10 23:04:49] TRADE MATCHED: Ticker: TATAMOTORS | Buy Order: 5504 | Sell Order: 5483 | Price: ₹632.92 | Qty: 3 | Total: ₹1898.76
[2026-07-10 23:04:53] TRADE MATCHED: Ticker: RELIANCE | Buy Order: 5506 | Sell Order: 5502 | Price: ₹2276.71 | Qty: 3 | Total: ₹6830.13
[2026-07-10 23:04:54] TRADE MATCHED: Ticker: HDFCBANK | Buy Order: 5507 | Sell Order: 5478 | Price: ₹1593.48 | Qty: 4 | Total: ₹6373.92
[2026-07-10 23:04:55] TRADE MATCHED: Ticker: TCS | Buy Order: 5412 | Sell Order: 5508 | Price: ₹3172.16 | Qty: 3 | Total: ₹9516.48
[2026-07-10 23:04:58] TRADE MATCHED: Ticker: HDFCBANK | Buy Order: 5511 | Sell Order: 5478 | Price: ₹1593.48 | Qty: 2 | Total: ₹3186.96
[2026-07-10 23:04:58] TRADE MATCHED: Ticker: HDFCBANK | Buy Order: 5511 | Sell Order: 4285 | Price: ₹1604.62 | Qty: 2 | Total: ₹3209.24
[2026-07-10 23:05:12] TRADE MATCHED: Ticker: TATAMOTORS | Buy Order: 5523 | Sell Order: 5510 | Price: ₹633.59 | Qty: 4 | Total: ₹2534.36
[2026-07-10 23:05:17] TRADE MATCHED: Ticker: SUNPHARMA | Buy Order: 5528 | Sell Order: 5388 | Price: ₹1069.46 | Qty: 3 | Total: ₹3208.38
[2026-07-10 23:05:17] TRADE MATCHED: Ticker: SUNPHARMA | Buy Order: 5528 | Sell Order: 5208 | Price: ₹1069.47 | Qty: 2 | Total: ₹2138.94
[2026-07-10 23:05:17] TRADE MATCHED: Ticker: SUNPHARMA | Buy Order: 5528 | Sell Order: 5347 | Price: ₹1069.69 | Qty: 6 | Total: ₹6418.14
[2026-07-10 23:05:20] TRADE MATCHED: Ticker: SUNPHARMA | Buy Order: 5530 | Sell Order: 5529 | Price: ₹1060.85 | Qty: 3 | Total: ₹3182.55
[2026-07-10 23:05:21] TRADE MATCHED: Ticker: SUNPHARMA | Buy Order: 5531 | Sell Order: 5347 | Price: ₹1069.69 | Qty: 1 | Total: ₹1069.69
[2026-07-10 23:05:22] TRADE MATCHED: Ticker: RELIANCE | Buy Order: 5532 | Sell Order: 5502 | Price: ₹2276.71 | Qty: 1 | Total: ₹2276.71
[2026-07-10 23:05:26] TRADE MATCHED: Ticker: HDFCBANK | Buy Order: 5515 | Sell Order: 5535 | Price: ₹1601.44 | Qty: 1 | Total: ₹1601.44
[2026-07-10 23:05:29] TRADE MATCHED: Ticker: RELIANCE | Buy Order: 5533 | Sell Order: 5537 | Price: ₹2272.59 | Qty: 11 | Total: ₹24998.49
[2026-07-10 23:05:30] TRADE MATCHED: Ticker: RELIANCE | Buy Order: 5533 | Sell Order: 5538 | Price: ₹2272.59 | Qty: 1 | Total: ₹2272.59
[2026-07-10 23:05:33] TRADE MATCHED: Ticker: TCS | Buy Order: 5540 | Sell Order: 5448 | Price: ₹3205.07 | Qty: 4 | Total: ₹12820.28
[2026-07-10 23:05:34] TRADE MATCHED: Ticker: TCS | Buy Order: 5540 | Sell Order: 4610 | Price: ₹3205.25 | Qty: 7 | Total: ₹22436.75
[2026-07-10 23:05:34] TRADE MATCHED: Ticker: TCS | Buy Order: 5541 | Sell Order: 4610 | Price: ₹3205.25 | Qty: 8 | Total: ₹25642.00
[2026-07-10 23:05:34] TRADE MATCHED: Ticker: TCS | Buy Order: 5541 | Sell Order: 4078 | Price: ₹3205.41 | Qty: 1 | Total: ₹3205.41
[2026-07-10 23:05:35] TRADE MATCHED: Ticker: TATAMOTORS | Buy Order: 5504 | Sell Order: 5542 | Price: ₹633.00 | Qty: 7 | Total: ₹4431.00
[2026-07-10 23:05:35] TRADE MATCHED: Ticker: TATAMOTORS | Buy Order: 5534 | Sell Order: 5542 | Price: ₹632.77 | Qty: 3 | Total: ₹1898.31
[2026-07-10 23:05:36] TRADE MATCHED: Ticker: TCS | Buy Order: 5520 | Sell Order: 5543 | Price: ₹3187.93 | Qty: 2 | Total: ₹6375.86
[2026-07-10 23:05:36] TRADE MATCHED: Ticker: TCS | Buy Order: 5525 | Sell Order: 5543 | Price: ₹3187.19 | Qty: 9 | Total: ₹28684.71
[2026-07-10 23:05:36] TRADE MATCHED: Ticker: TCS | Buy Order: 5412 | Sell Order: 5543 | Price: ₹3172.16 | Qty: 2 | Total: ₹6344.32
[2026-07-10 23:05:37] TRADE MATCHED: Ticker: TCS | Buy Order: 5430 | Sell Order: 5544 | Price: ₹3171.29 | Qty: 2 | Total: ₹6342.58
[2026-07-10 23:05:39] TRADE MATCHED: Ticker: HDFCBANK | Buy Order: 5545 | Sell Order: 5535 | Price: ₹1600.81 | Qty: 12 | Total: ₹19209.72
[2026-07-10 23:05:44] TRADE MATCHED: Ticker: SUNPHARMA | Buy Order: 5548 | Sell Order: 5184 | Price: ₹1069.80 | Qty: 3 | Total: ₹3209.40
[2026-07-10 23:05:45] TRADE MATCHED: Ticker: SUNPHARMA | Buy Order: 5549 | Sell Order: 5184 | Price: ₹1069.80 | Qty: 12 | Total: ₹12837.60
[2026-07-10 23:05:45] TRADE MATCHED: Ticker: SUNPHARMA | Buy Order: 5549 | Sell Order: 5225 | Price: ₹1071.13 | Qty: 2 | Total: ₹2142.26
[2026-07-10 23:05:45] TRADE MATCHED: Ticker: HDFCBANK | Buy Order: 5550 | Sell Order: 4285 | Price: ₹1604.62 | Qty: 1 | Total: ₹1604.62
[2026-07-10 23:05:45] TRADE MATCHED: Ticker: HDFCBANK | Buy Order: 5550 | Sell Order: 3030 | Price: ₹1605.24 | Qty: 2 | Total: ₹3210.48
[2026-07-10 23:05:46] TRADE MATCHED: Ticker: HDFCBANK | Buy Order: 5550 | Sell Order: 3685 | Price: ₹1605.36 | Qty: 9 | Total: ₹14448.24
[2026-07-10 23:05:49] TRADE MATCHED: Ticker: SUNPHARMA | Buy Order: 5530 | Sell Order: 5552 | Price: ₹1068.33 | Qty: 8 | Total: ₹8546.64
[2026-07-10 23:05:49] TRADE MATCHED: Ticker: TATAMOTORS | Buy Order: 5554 | Sell Order: 5510 | Price: ₹633.59 | Qty: 1 | Total: ₹633.59
[2026-07-10 23:05:52] TRADE MATCHED: Ticker: TCS | Buy Order: 5430 | Sell Order: 5556 | Price: ₹3171.29 | Qty: 1 | Total: ₹3171.29
[2026-07-10 23:06:01] TRADE MATCHED: Ticker: RELIANCE | Buy Order: 2684 | Sell Order: 5563 | Price: ₹2264.01 | Qty: 4 | Total: ₹9056.04
[2026-07-10 23:06:01] TRADE MATCHED: Ticker: RELIANCE | Buy Order: 5281 | Sell Order: 5563 | Price: ₹2262.71 | Qty: 11 | Total: ₹24889.81
[2026-07-10 23:06:01] TRADE MATCHED: Ticker: TATAMOTORS | Buy Order: 5554 | Sell Order: 5564 | Price: ₹636.86 | Qty: 5 | Total: ₹3184.30
[2026-07-10 23:06:03] TRADE MATCHED: Ticker: TATAMOTORS | Buy Order: 5554 | Sell Order: 5566 | Price: ₹636.86 | Qty: 3 | Total: ₹1910.58
[2026-07-10 23:06:07] TRADE MATCHED: Ticker: RELIANCE | Buy Order: 5281 | Sell Order: 5569 | Price: ₹2262.71 | Qty: 1 | Total: ₹2262.71
[2026-07-10 23:06:07] TRADE MATCHED: Ticker: RELIANCE | Buy Order: 4175 | Sell Order: 5569 | Price: ₹2262.54 | Qty: 10 | Total: ₹22625.40
[2026-07-10 23:06:07] TRADE MATCHED: Ticker: RELIANCE | Buy Order: 3538 | Sell Order: 5569 | Price: ₹2261.32 | Qty: 1 | Total: ₹2261.32
[2026-07-10 23:06:07] TRADE MATCHED: Ticker: HDFCBANK | Buy Order: 5570 | Sell Order: 3685 | Price: ₹1605.36 | Qty: 1 | Total: ₹1605.36
[2026-07-10 23:06:07] TRADE MATCHED: Ticker: HDFCBANK | Buy Order: 5570 | Sell Order: 136 | Price: ₹1605.41 | Qty: 7 | Total: ₹11237.87
[2026-07-10 23:06:07] TRADE MATCHED: Ticker: HDFCBANK | Buy Order: 5570 | Sell Order: 572 | Price: ₹1605.54 | Qty: 6 | Total: ₹9633.24
[2026-07-10 23:06:10] TRADE MATCHED: Ticker: SUNPHARMA | Buy Order: 5573 | Sell Order: 5552 | Price: ₹1059.66 | Qty: 1 | Total: ₹1059.66
[2026-07-10 23:06:11] TRADE MATCHED: Ticker: SUNPHARMA | Buy Order: 5573 | Sell Order: 5553 | Price: ₹1066.05 | Qty: 4 | Total: ₹4264.20
[2026-07-10 23:06:13] TRADE MATCHED: Ticker: SUNPHARMA | Buy Order: 5416 | Sell Order: 5574 | Price: ₹1057.17 | Qty: 5 | Total: ₹5285.85
[2026-07-10 23:06:13] TRADE MATCHED: Ticker: SUNPHARMA | Buy Order: 5527 | Sell Order: 5574 | Price: ₹1057.15 | Qty: 1 | Total: ₹1057.15
[2026-07-10 23:06:13] TRADE MATCHED: Ticker: SUNPHARMA | Buy Order: 5565 | Sell Order: 5574 | Price: ₹1056.52 | Qty: 7 | Total: ₹7395.64
[2026-07-10 23:06:14] TRADE MATCHED: Ticker: SUNPHARMA | Buy Order: 5565 | Sell Order: 5576 | Price: ₹1056.52 | Qty: 1 | Total: ₹1056.52
[2026-07-10 23:06:16] TRADE MATCHED: Ticker: TCS | Buy Order: 5430 | Sell Order: 5577 | Price: ₹3171.29 | Qty: 8 | Total: ₹25370.32
[2026-07-10 23:06:16] TRADE MATCHED: Ticker: TCS | Buy Order: 5411 | Sell Order: 5577 | Price: ₹3164.81 | Qty: 3 | Total: ₹9494.43
[2026-07-10 23:06:16] TRADE MATCHED: Ticker: TCS | Buy Order: 5306 | Sell Order: 5577 | Price: ₹3155.74 | Qty: 2 | Total: ₹6311.48
[2026-07-10 23:06:16] TRADE MATCHED: Ticker: HDFCBANK | Buy Order: 5578 | Sell Order: 572 | Price: ₹1605.54 | Qty: 1 | Total: ₹1605.54
[2026-07-10 23:06:17] TRADE MATCHED: Ticker: HDFCBANK | Buy Order: 5578 | Sell Order: 3461 | Price: ₹1605.64 | Qty: 8 | Total: ₹12845.12
[2026-07-10 23:06:17] TRADE MATCHED: Ticker: HDFCBANK | Buy Order: 5578 | Sell Order: 3032 | Price: ₹1605.82 | Qty: 3 | Total: ₹4817.46
[2026-07-10 23:06:17] TRADE MATCHED: Ticker: TATAMOTORS | Buy Order: 5579 | Sell Order: 5559 | Price: ₹638.47 | Qty: 6 | Total: ₹3830.82
[2026-07-10 23:06:17] TRADE MATCHED: Ticker: TATAMOTORS | Buy Order: 5579 | Sell Order: 5474 | Price: ₹639.22 | Qty: 2 | Total: ₹1278.44
[2026-07-10 23:06:19] TRADE MATCHED: Ticker: TATAMOTORS | Buy Order: 5581 | Sell Order: 5474 | Price: ₹639.22 | Qty: 4 | Total: ₹2556.88
[2026-07-10 23:06:20] TRADE MATCHED: Ticker: HDFCBANK | Buy Order: 5582 | Sell Order: 5580 | Price: ₹1598.99 | Qty: 10 | Total: ₹15989.90
[2026-07-10 23:06:20] TRADE MATCHED: Ticker: HDFCBANK | Buy Order: 5582 | Sell Order: 1643 | Price: ₹1605.86 | Qty: 3 | Total: ₹4817.58
[2026-07-10 23:06:25] TRADE MATCHED: Ticker: TATAMOTORS | Buy Order: 5581 | Sell Order: 5586 | Price: ₹641.39 | Qty: 4 | Total: ₹2565.56
[2026-07-10 23:06:27] TRADE MATCHED: Ticker: TATAMOTORS | Buy Order: 5581 | Sell Order: 5588 | Price: ₹641.39 | Qty: 6 | Total: ₹3848.34
[2026-07-10 23:06:28] TRADE MATCHED: Ticker: HDFCBANK | Buy Order: 5519 | Sell Order: 5589 | Price: ₹1597.06 | Qty: 9 | Total: ₹14373.54
[2026-07-10 23:06:33] TRADE MATCHED: Ticker: HDFCBANK | Buy Order: 5590 | Sell Order: 5592 | Price: ₹1602.84 | Qty: 9 | Total: ₹14425.56
[2026-07-10 23:06:36] TRADE MATCHED: Ticker: TCS | Buy Order: 5306 | Sell Order: 5595 | Price: ₹3155.74 | Qty: 2 | Total: ₹6311.48
[2026-07-10 23:06:36] TRADE MATCHED: Ticker: TCS | Buy Order: 4383 | Sell Order: 5595 | Price: ₹3151.47 | Qty: 10 | Total: ₹31514.70
[2026-07-10 23:06:36] TRADE MATCHED: Ticker: TCS | Buy Order: 3585 | Sell Order: 5595 | Price: ₹3151.21 | Qty: 1 | Total: ₹3151.21
[2026-07-10 23:06:43] TRADE MATCHED: Ticker: HDFCBANK | Buy Order: 5599 | Sell Order: 1643 | Price: ₹1605.86 | Qty: 10 | Total: ₹16058.60
[2026-07-10 23:06:43] TRADE MATCHED: Ticker: HDFCBANK | Buy Order: 5599 | Sell Order: 4606 | Price: ₹1606.19 | Qty: 4 | Total: ₹6424.76
[2026-07-10 23:06:43] TRADE MATCHED: Ticker: HDFCBANK | Buy Order: 5599 | Sell Order: 4106 | Price: ₹1606.43 | Qty: 1 | Total: ₹1606.43
[2026-07-10 23:06:43] TRADE MATCHED: Ticker: SUNPHARMA | Buy Order: 5594 | Sell Order: 5600 | Price: ₹1058.82 | Qty: 2 | Total: ₹2117.64
[2026-07-10 23:06:48] TRADE MATCHED: Ticker: TATAMOTORS | Buy Order: 5604 | Sell Order: 5598 | Price: ₹637.64 | Qty: 3 | Total: ₹1912.92
[2026-07-10 23:06:48] TRADE MATCHED: Ticker: TATAMOTORS | Buy Order: 5604 | Sell Order: 5516 | Price: ₹641.67 | Qty: 3 | Total: ₹1925.01
[2026-07-10 23:06:48] TRADE MATCHED: Ticker: HDFCBANK | Buy Order: 5590 | Sell Order: 5606 | Price: ₹1602.84 | Qty: 4 | Total: ₹6411.36
[2026-07-10 23:06:50] TRADE MATCHED: Ticker: HDFCBANK | Buy Order: 5607 | Sell Order: 5606 | Price: ₹1585.53 | Qty: 4 | Total: ₹6342.12
[2026-07-10 23:06:54] TRADE MATCHED: Ticker: TATAMOTORS | Buy Order: 5610 | Sell Order: 5516 | Price: ₹641.67 | Qty: 1 | Total: ₹641.67
[2026-07-10 23:06:57] TRADE MATCHED: Ticker: TATAMOTORS | Buy Order: 5611 | Sell Order: 5613 | Price: ₹638.95 | Qty: 3 | Total: ₹1916.85
[2026-07-10 23:06:57] TRADE MATCHED: Ticker: TATAMOTORS | Buy Order: 5554 | Sell Order: 5613 | Price: ₹636.86 | Qty: 4 | Total: ₹2547.44
[2026-07-10 23:06:57] TRADE MATCHED: Ticker: TATAMOTORS | Buy Order: 5561 | Sell Order: 5613 | Price: ₹634.03 | Qty: 4 | Total: ₹2536.12
[2026-07-10 23:06:59] TRADE MATCHED: Ticker: RELIANCE | Buy Order: 3538 | Sell Order: 5616 | Price: ₹2261.32 | Qty: 1 | Total: ₹2261.32
[2026-07-10 23:06:59] TRADE MATCHED: Ticker: RELIANCE | Buy Order: 3571 | Sell Order: 5616 | Price: ₹2261.32 | Qty: 9 | Total: ₹20351.88
[2026-07-10 23:06:59] TRADE MATCHED: Ticker: RELIANCE | Buy Order: 3217 | Sell Order: 5616 | Price: ₹2261.26 | Qty: 1 | Total: ₹2261.26
[2026-07-10 23:07:03] TRADE MATCHED: Ticker: TATAMOTORS | Buy Order: 5615 | Sell Order: 5618 | Price: ₹637.93 | Qty: 8 | Total: ₹5103.44
[2026-07-10 23:07:06] TRADE MATCHED: Ticker: TATAMOTORS | Buy Order: 5561 | Sell Order: 5621 | Price: ₹634.03 | Qty: 9 | Total: ₹5706.27
[2026-07-10 23:07:08] TRADE MATCHED: Ticker: HDFCBANK | Buy Order: 5622 | Sell Order: 5620 | Price: ₹1590.92 | Qty: 13 | Total: ₹20681.96
[2026-07-10 23:07:08] TRADE MATCHED: Ticker: RELIANCE | Buy Order: 5623 | Sell Order: 5624 | Price: ₹2263.68 | Qty: 2 | Total: ₹4527.36
[2026-07-10 23:07:08] TRADE MATCHED: Ticker: RELIANCE | Buy Order: 3217 | Sell Order: 5624 | Price: ₹2261.26 | Qty: 8 | Total: ₹18090.08
[2026-07-10 23:07:11] TRADE MATCHED: Ticker: TATAMOTORS | Buy Order: 5626 | Sell Order: 5618 | Price: ₹636.01 | Qty: 4 | Total: ₹2544.04
[2026-07-10 23:07:11] TRADE MATCHED: Ticker: TATAMOTORS | Buy Order: 5626 | Sell Order: 5516 | Price: ₹641.67 | Qty: 1 | Total: ₹641.67
[2026-07-10 23:07:12] TRADE MATCHED: Ticker: TATAMOTORS | Buy Order: 5626 | Sell Order: 5297 | Price: ₹643.07 | Qty: 5 | Total: ₹3215.35
[2026-07-10 23:07:12] TRADE MATCHED: Ticker: TATAMOTORS | Buy Order: 5626 | Sell Order: 5360 | Price: ₹643.14 | Qty: 3 | Total: ₹1929.42
[2026-07-10 23:07:14] TRADE MATCHED: Ticker: SUNPHARMA | Buy Order: 5594 | Sell Order: 5628 | Price: ₹1058.82 | Qty: 1 | Total: ₹1058.82
[2026-07-10 23:07:15] TRADE MATCHED: Ticker: SUNPHARMA | Buy Order: 5565 | Sell Order: 5628 | Price: ₹1056.52 | Qty: 5 | Total: ₹5282.60
[2026-07-10 23:07:20] TRADE MATCHED: Ticker: TCS | Buy Order: 3585 | Sell Order: 5632 | Price: ₹3151.21 | Qty: 1 | Total: ₹3151.21
[2026-07-10 23:07:20] TRADE MATCHED: Ticker: TCS | Buy Order: 3763 | Sell Order: 5632 | Price: ₹3151.11 | Qty: 4 | Total: ₹12604.44
[2026-07-10 23:07:20] TRADE MATCHED: Ticker: TCS | Buy Order: 3954 | Sell Order: 5632 | Price: ₹3150.29 | Qty: 2 | Total: ₹6300.58
[2026-07-10 23:07:20] TRADE MATCHED: Ticker: SUNPHARMA | Buy Order: 5467 | Sell Order: 5634 | Price: ₹1051.42 | Qty: 6 | Total: ₹6308.52
[2026-07-10 23:07:20] TRADE MATCHED: Ticker: SUNPHARMA | Buy Order: 5591 | Sell Order: 5634 | Price: ₹1048.71 | Qty: 1 | Total: ₹1048.71
[2026-07-10 23:07:23] TRADE MATCHED: Ticker: RELIANCE | Buy Order: 5635 | Sell Order: 5539 | Price: ₹2264.95 | Qty: 5 | Total: ₹11324.75
[2026-07-10 23:07:25] TRADE MATCHED: Ticker: TCS | Buy Order: 3387 | Sell Order: 5637 | Price: ₹3150.05 | Qty: 8 | Total: ₹25200.40
[2026-07-10 23:07:26] TRADE MATCHED: Ticker: RELIANCE | Buy Order: 5638 | Sell Order: 5539 | Price: ₹2264.95 | Qty: 5 | Total: ₹11324.75
[2026-07-10 23:07:26] TRADE MATCHED: Ticker: RELIANCE | Buy Order: 5638 | Sell Order: 5538 | Price: ₹2270.13 | Qty: 7 | Total: ₹15890.91
[2026-07-10 23:07:27] TRADE MATCHED: Ticker: TATAMOTORS | Buy Order: 5639 | Sell Order: 5360 | Price: ₹643.14 | Qty: 1 | Total: ₹643.14
[2026-07-10 23:07:27] TRADE MATCHED: Ticker: TATAMOTORS | Buy Order: 5639 | Sell Order: 5451 | Price: ₹643.33 | Qty: 11 | Total: ₹7076.63
[2026-07-10 23:07:28] TRADE MATCHED: Ticker: RELIANCE | Buy Order: 5640 | Sell Order: 5538 | Price: ₹2270.13 | Qty: 3 | Total: ₹6810.39
[2026-07-10 23:07:30] TRADE MATCHED: Ticker: RELIANCE | Buy Order: 3217 | Sell Order: 5641 | Price: ₹2261.26 | Qty: 1 | Total: ₹2261.26
[2026-07-10 23:07:31] TRADE MATCHED: Ticker: TATAMOTORS | Buy Order: 5630 | Sell Order: 5642 | Price: ₹638.54 | Qty: 4 | Total: ₹2554.16
[2026-07-10 23:07:31] TRADE MATCHED: Ticker: TATAMOTORS | Buy Order: 5561 | Sell Order: 5642 | Price: ₹634.03 | Qty: 1 | Total: ₹634.03
[2026-07-10 23:07:31] TRADE MATCHED: Ticker: TATAMOTORS | Buy Order: 5534 | Sell Order: 5642 | Price: ₹632.77 | Qty: 1 | Total: ₹632.77
[2026-07-10 23:07:33] TRADE MATCHED: Ticker: RELIANCE | Buy Order: 5644 | Sell Order: 5538 | Price: ₹2270.13 | Qty: 2 | Total: ₹4540.26
[2026-07-10 23:07:33] TRADE MATCHED: Ticker: RELIANCE | Buy Order: 5644 | Sell Order: 5603 | Price: ₹2276.11 | Qty: 2 | Total: ₹4552.22
[2026-07-10 23:07:33] TRADE MATCHED: Ticker: RELIANCE | Buy Order: 5644 | Sell Order: 5502 | Price: ₹2276.71 | Qty: 1 | Total: ₹2276.71
[2026-07-10 23:07:39] TRADE MATCHED: Ticker: TATAMOTORS | Buy Order: 5646 | Sell Order: 5648 | Price: ₹642.02 | Qty: 13 | Total: ₹8346.26
[2026-07-10 23:07:39] TRADE MATCHED: Ticker: SUNPHARMA | Buy Order: 5649 | Sell Order: 5628 | Price: ₹1055.19 | Qty: 3 | Total: ₹3165.57
[2026-07-10 23:07:41] TRADE MATCHED: Ticker: TCS | Buy Order: 3387 | Sell Order: 5650 | Price: ₹3150.05 | Qty: 6 | Total: ₹18900.30
[2026-07-10 23:07:41] TRADE MATCHED: Ticker: TCS | Buy Order: 2512 | Sell Order: 5650 | Price: ₹3148.74 | Qty: 5 | Total: ₹15743.70
[2026-07-10 23:07:41] TRADE MATCHED: Ticker: TCS | Buy Order: 3251 | Sell Order: 5650 | Price: ₹3148.49 | Qty: 4 | Total: ₹12593.96
[2026-07-10 23:07:44] TRADE MATCHED: Ticker: HDFCBANK | Buy Order: 5654 | Sell Order: 5620 | Price: ₹1590.92 | Qty: 2 | Total: ₹3181.84
[2026-07-10 23:07:46] TRADE MATCHED: Ticker: SUNPHARMA | Buy Order: 5591 | Sell Order: 5655 | Price: ₹1048.71 | Qty: 4 | Total: ₹4194.84
[2026-07-10 23:07:48] TRADE MATCHED: Ticker: TCS | Buy Order: 5658 | Sell Order: 5551 | Price: ₹3178.16 | Qty: 2 | Total: ₹6356.32
[2026-07-10 23:07:51] TRADE MATCHED: Ticker: SUNPHARMA | Buy Order: 5591 | Sell Order: 5659 | Price: ₹1048.71 | Qty: 1 | Total: ₹1048.71
[2026-07-10 23:07:51] TRADE MATCHED: Ticker: HDFCBANK | Buy Order: 5654 | Sell Order: 5660 | Price: ₹1596.27 | Qty: 8 | Total: ₹12770.16
[2026-07-10 23:07:51] TRADE MATCHED: Ticker: HDFCBANK | Buy Order: 5155 | Sell Order: 5660 | Price: ₹1577.66 | Qty: 2 | Total: ₹3155.32
[2026-07-10 23:07:51] TRADE MATCHED: Ticker: TCS | Buy Order: 5661 | Sell Order: 5355 | Price: ₹3205.54 | Qty: 4 | Total: ₹12822.16
[2026-07-10 23:07:51] TRADE MATCHED: Ticker: TCS | Buy Order: 5661 | Sell Order: 4284 | Price: ₹3206.01 | Qty: 7 | Total: ₹22442.07
[2026-07-10 23:07:51] TRADE MATCHED: Ticker: TCS | Buy Order: 5661 | Sell Order: 5609 | Price: ₹3206.52 | Qty: 4 | Total: ₹12826.08
[2026-07-10 23:07:53] TRADE MATCHED: Ticker: RELIANCE | Buy Order: 3217 | Sell Order: 5662 | Price: ₹2261.26 | Qty: 4 | Total: ₹9045.04
[2026-07-10 23:07:54] TRADE MATCHED: Ticker: TATAMOTORS | Buy Order: 5646 | Sell Order: 5663 | Price: ₹642.02 | Qty: 1 | Total: ₹642.02
[2026-07-10 23:07:56] TRADE MATCHED: Ticker: TCS | Buy Order: 5665 | Sell Order: 5609 | Price: ₹3206.52 | Qty: 5 | Total: ₹16032.60
[2026-07-10 23:07:58] TRADE MATCHED: Ticker: HDFCBANK | Buy Order: 5666 | Sell Order: 5627 | Price: ₹1596.42 | Qty: 4 | Total: ₹6385.68
[2026-07-10 23:08:00] TRADE MATCHED: Ticker: TCS | Buy Order: 5658 | Sell Order: 5667 | Price: ₹3192.88 | Qty: 6 | Total: ₹19157.28
[2026-07-10 23:08:00] TRADE MATCHED: Ticker: HDFCBANK | Buy Order: 5155 | Sell Order: 5668 | Price: ₹1577.66 | Qty: 3 | Total: ₹4732.98
[2026-07-10 23:08:03] TRADE MATCHED: Ticker: TCS | Buy Order: 5669 | Sell Order: 5667 | Price: ₹3188.54 | Qty: 5 | Total: ₹15942.70
[2026-07-10 23:08:08] TRADE MATCHED: Ticker: SUNPHARMA | Buy Order: 5591 | Sell Order: 5673 | Price: ₹1048.71 | Qty: 2 | Total: ₹2097.42
[2026-07-10 23:08:09] TRADE MATCHED: Ticker: SUNPHARMA | Buy Order: 4186 | Sell Order: 5673 | Price: ₹1048.66 | Qty: 4 | Total: ₹4194.64
[2026-07-10 23:08:09] TRADE MATCHED: Ticker: SUNPHARMA | Buy Order: 3348 | Sell Order: 5673 | Price: ₹1048.50 | Qty: 3 | Total: ₹3145.50
[2026-07-10 23:08:11] TRADE MATCHED: Ticker: TATAMOTORS | Buy Order: 5652 | Sell Order: 5676 | Price: ₹639.57 | Qty: 7 | Total: ₹4476.99
[2026-07-10 23:08:16] TRADE MATCHED: Ticker: TCS | Buy Order: 5680 | Sell Order: 5675 | Price: ₹3171.98 | Qty: 9 | Total: ₹28547.82
[2026-07-10 23:08:16] TRADE MATCHED: Ticker: TCS | Buy Order: 5680 | Sell Order: 5667 | Price: ₹3188.54 | Qty: 2 | Total: ₹6377.08
[2026-07-10 23:08:17] TRADE MATCHED: Ticker: TCS | Buy Order: 5680 | Sell Order: 5609 | Price: ₹3206.52 | Qty: 3 | Total: ₹9619.56
[2026-07-10 23:08:17] TRADE MATCHED: Ticker: TCS | Buy Order: 5680 | Sell Order: 5086 | Price: ₹3206.62 | Qty: 1 | Total: ₹3206.62
[2026-07-10 23:08:17] TRADE MATCHED: Ticker: HDFCBANK | Buy Order: 5482 | Sell Order: 5681 | Price: ₹1575.87 | Qty: 1 | Total: ₹1575.87
[2026-07-10 23:08:22] TRADE MATCHED: Ticker: HDFCBANK | Buy Order: 5685 | Sell Order: 5683 | Price: ₹1586.15 | Qty: 13 | Total: ₹20619.95
[2026-07-10 23:08:24] TRADE MATCHED: Ticker: TATAMOTORS | Buy Order: 5652 | Sell Order: 5686 | Price: ₹639.57 | Qty: 3 | Total: ₹1918.71
[2026-07-10 23:08:24] TRADE MATCHED: Ticker: TATAMOTORS | Buy Order: 5677 | Sell Order: 5686 | Price: ₹638.30 | Qty: 3 | Total: ₹1914.90
[2026-07-10 23:08:28] TRADE MATCHED: Ticker: TATAMOTORS | Buy Order: 5689 | Sell Order: 5451 | Price: ₹643.33 | Qty: 3 | Total: ₹1929.99
[2026-07-10 23:08:28] TRADE MATCHED: Ticker: TATAMOTORS | Buy Order: 5689 | Sell Order: 4306 | Price: ₹644.81 | Qty: 9 | Total: ₹5803.29
[2026-07-10 23:08:28] TRADE MATCHED: Ticker: TATAMOTORS | Buy Order: 5689 | Sell Order: 3972 | Price: ₹644.97 | Qty: 3 | Total: ₹1934.91
[2026-07-10 23:08:29] TRADE MATCHED: Ticker: HDFCBANK | Buy Order: 5690 | Sell Order: 5683 | Price: ₹1586.15 | Qty: 1 | Total: ₹1586.15
[2026-07-10 23:08:29] TRADE MATCHED: Ticker: HDFCBANK | Buy Order: 5690 | Sell Order: 5670 | Price: ₹1592.56 | Qty: 13 | Total: ₹20703.28
[2026-07-10 23:08:32] TRADE MATCHED: Ticker: HDFCBANK | Buy Order: 5691 | Sell Order: 5670 | Price: ₹1592.56 | Qty: 2 | Total: ₹3185.12
[2026-07-10 23:08:32] TRADE MATCHED: Ticker: HDFCBANK | Buy Order: 5691 | Sell Order: 5627 | Price: ₹1596.42 | Qty: 1 | Total: ₹1596.42
[2026-07-10 23:08:33] TRADE MATCHED: Ticker: SUNPHARMA | Buy Order: 3348 | Sell Order: 5693 | Price: ₹1048.50 | Qty: 4 | Total: ₹4194.00
[2026-07-10 23:08:38] TRADE MATCHED: Ticker: TATAMOTORS | Buy Order: 5699 | Sell Order: 3972 | Price: ₹644.97 | Qty: 3 | Total: ₹1934.91
[2026-07-10 23:08:44] TRADE MATCHED: Ticker: RELIANCE | Buy Order: 4611 | Sell Order: 5705 | Price: ₹2261.05 | Qty: 5 | Total: ₹11305.25
[2026-07-10 23:08:44] TRADE MATCHED: Ticker: RELIANCE | Buy Order: 5080 | Sell Order: 5705 | Price: ₹2261.04 | Qty: 2 | Total: ₹4522.08
[2026-07-10 23:08:45] TRADE MATCHED: Ticker: HDFCBANK | Buy Order: 5706 | Sell Order: 5602 | Price: ₹1603.50 | Qty: 1 | Total: ₹1603.50
[2026-07-10 23:08:46] TRADE MATCHED: Ticker: SUNPHARMA | Buy Order: 5707 | Sell Order: 5692 | Price: ₹1049.54 | Qty: 11 | Total: ₹11544.94
[2026-07-10 23:08:46] TRADE MATCHED: Ticker: SUNPHARMA | Buy Order: 5707 | Sell Order: 5672 | Price: ₹1053.73 | Qty: 2 | Total: ₹2107.46
[2026-07-10 23:08:47] TRADE MATCHED: Ticker: HDFCBANK | Buy Order: 5708 | Sell Order: 2816 | Price: ₹1606.96 | Qty: 1 | Total: ₹1606.96
[2026-07-10 23:08:47] TRADE MATCHED: Ticker: HDFCBANK | Buy Order: 5708 | Sell Order: 3521 | Price: ₹1607.37 | Qty: 2 | Total: ₹3214.74
[2026-07-10 23:08:47] TRADE MATCHED: Ticker: HDFCBANK | Buy Order: 5708 | Sell Order: 3620 | Price: ₹1608.09 | Qty: 7 | Total: ₹11256.63
[2026-07-10 23:08:48] TRADE MATCHED: Ticker: HDFCBANK | Buy Order: 5708 | Sell Order: 3706 | Price: ₹1608.28 | Qty: 1 | Total: ₹1608.28
[2026-07-10 23:08:49] TRADE MATCHED: Ticker: HDFCBANK | Buy Order: 5710 | Sell Order: 3706 | Price: ₹1608.28 | Qty: 11 | Total: ₹17691.08
[2026-07-10 23:08:49] TRADE MATCHED: Ticker: HDFCBANK | Buy Order: 5710 | Sell Order: 4616 | Price: ₹1608.49 | Qty: 4 | Total: ₹6433.96
[2026-07-10 23:08:54] TRADE MATCHED: Ticker: HDFCBANK | Buy Order: 5713 | Sell Order: 4616 | Price: ₹1608.49 | Qty: 1 | Total: ₹1608.49
[2026-07-10 23:08:57] TRADE MATCHED: Ticker: TATAMOTORS | Buy Order: 5715 | Sell Order: 3972 | Price: ₹644.97 | Qty: 1 | Total: ₹644.97
[2026-07-10 23:08:57] TRADE MATCHED: Ticker: TATAMOTORS | Buy Order: 5715 | Sell Order: 3840 | Price: ₹645.06 | Qty: 3 | Total: ₹1935.18
[2026-07-10 23:08:57] TRADE MATCHED: Ticker: TATAMOTORS | Buy Order: 5715 | Sell Order: 5468 | Price: ₹645.16 | Qty: 3 | Total: ₹1935.48
[2026-07-10 23:08:57] TRADE MATCHED: Ticker: TATAMOTORS | Buy Order: 5715 | Sell Order: 3152 | Price: ₹645.17 | Qty: 3 | Total: ₹1935.51
[2026-07-10 23:08:57] TRADE MATCHED: Ticker: TATAMOTORS | Buy Order: 5715 | Sell Order: 4128 | Price: ₹645.35 | Qty: 3 | Total: ₹1936.05
[2026-07-10 23:08:58] TRADE MATCHED: Ticker: HDFCBANK | Buy Order: 5706 | Sell Order: 5716 | Price: ₹1606.12 | Qty: 8 | Total: ₹12848.96
[2026-07-10 23:09:00] TRADE MATCHED: Ticker: TCS | Buy Order: 5717 | Sell Order: 5687 | Price: ₹3185.96 | Qty: 7 | Total: ₹22301.72
[2026-07-10 23:09:00] TRADE MATCHED: Ticker: TCS | Buy Order: 5717 | Sell Order: 5714 | Price: ₹3194.02 | Qty: 7 | Total: ₹22358.14
[2026-07-10 23:09:02] TRADE MATCHED: Ticker: SUNPHARMA | Buy Order: 4447 | Sell Order: 5720 | Price: ₹1048.49 | Qty: 8 | Total: ₹8387.92
[2026-07-10 23:09:02] TRADE MATCHED: Ticker: SUNPHARMA | Buy Order: 4588 | Sell Order: 5720 | Price: ₹1048.45 | Qty: 1 | Total: ₹1048.45
[2026-07-10 23:09:05] TRADE MATCHED: Ticker: SUNPHARMA | Buy Order: 5723 | Sell Order: 5709 | Price: ₹1051.95 | Qty: 7 | Total: ₹7363.65
[2026-07-10 23:09:09] TRADE MATCHED: Ticker: HDFCBANK | Buy Order: 5691 | Sell Order: 5726 | Price: ₹1599.90 | Qty: 1 | Total: ₹1599.90
[2026-07-10 23:09:12] TRADE MATCHED: Ticker: SUNPHARMA | Buy Order: 4588 | Sell Order: 5728 | Price: ₹1048.45 | Qty: 3 | Total: ₹3145.35
[2026-07-10 23:09:14] TRADE MATCHED: Ticker: SUNPHARMA | Buy Order: 5729 | Sell Order: 5709 | Price: ₹1051.95 | Qty: 8 | Total: ₹8415.60
[2026-07-10 23:09:16] TRADE MATCHED: Ticker: TATAMOTORS | Buy Order: 5732 | Sell Order: 4128 | Price: ₹645.35 | Qty: 4 | Total: ₹2581.40
[2026-07-10 23:09:16] TRADE MATCHED: Ticker: TATAMOTORS | Buy Order: 5732 | Sell Order: 4835 | Price: ₹645.64 | Qty: 6 | Total: ₹3873.84
[2026-07-10 23:09:16] TRADE MATCHED: Ticker: TATAMOTORS | Buy Order: 5732 | Sell Order: 3676 | Price: ₹645.65 | Qty: 2 | Total: ₹1291.30
[2026-07-10 23:09:17] TRADE MATCHED: Ticker: TATAMOTORS | Buy Order: 5733 | Sell Order: 3676 | Price: ₹645.65 | Qty: 9 | Total: ₹5810.85
[2026-07-10 23:09:17] TRADE MATCHED: Ticker: TATAMOTORS | Buy Order: 5733 | Sell Order: 4439 | Price: ₹645.65 | Qty: 4 | Total: ₹2582.60
[2026-07-10 23:09:20] TRADE MATCHED: Ticker: RELIANCE | Buy Order: 5734 | Sell Order: 5502 | Price: ₹2276.71 | Qty: 2 | Total: ₹4553.42
[2026-07-10 23:09:20] TRADE MATCHED: Ticker: HDFCBANK | Buy Order: 5735 | Sell Order: 5726 | Price: ₹1591.30 | Qty: 3 | Total: ₹4773.90
[2026-07-10 23:09:21] TRADE MATCHED: Ticker: RELIANCE | Buy Order: 5736 | Sell Order: 5502 | Price: ₹2276.71 | Qty: 1 | Total: ₹2276.71
[2026-07-10 23:09:21] TRADE MATCHED: Ticker: RELIANCE | Buy Order: 5736 | Sell Order: 5682 | Price: ₹2277.31 | Qty: 7 | Total: ₹15941.17
[2026-07-10 23:09:21] TRADE MATCHED: Ticker: RELIANCE | Buy Order: 5736 | Sell Order: 5651 | Price: ₹2282.02 | Qty: 1 | Total: ₹2282.02
[2026-07-10 23:09:24] TRADE MATCHED: Ticker: TCS | Buy Order: 5738 | Sell Order: 5714 | Price: ₹3194.02 | Qty: 5 | Total: ₹15970.10
[2026-07-10 23:09:24] TRADE MATCHED: Ticker: TCS | Buy Order: 5738 | Sell Order: 5727 | Price: ₹3204.31 | Qty: 4 | Total: ₹12817.24
[2026-07-10 23:09:24] TRADE MATCHED: Ticker: TCS | Buy Order: 5738 | Sell Order: 4397 | Price: ₹3207.17 | Qty: 5 | Total: ₹16035.85
[2026-07-10 23:09:26] TRADE MATCHED: Ticker: HDFCBANK | Buy Order: 5695 | Sell Order: 5739 | Price: ₹1584.84 | Qty: 13 | Total: ₹20602.92
[2026-07-10 23:09:26] TRADE MATCHED: Ticker: HDFCBANK | Buy Order: 5482 | Sell Order: 5739 | Price: ₹1575.87 | Qty: 1 | Total: ₹1575.87
[2026-07-10 23:09:32] TRADE MATCHED: Ticker: SUNPHARMA | Buy Order: 5743 | Sell Order: 5746 | Price: ₹1051.40 | Qty: 6 | Total: ₹6308.40
[2026-07-10 23:09:32] TRADE MATCHED: Ticker: SUNPHARMA | Buy Order: 4588 | Sell Order: 5746 | Price: ₹1048.45 | Qty: 5 | Total: ₹5242.25
[2026-07-10 23:09:32] TRADE MATCHED: Ticker: RELIANCE | Buy Order: 5745 | Sell Order: 5651 | Price: ₹2282.02 | Qty: 1 | Total: ₹2282.02
[2026-07-10 23:09:35] TRADE MATCHED: Ticker: TATAMOTORS | Buy Order: 5718 | Sell Order: 5748 | Price: ₹642.21 | Qty: 4 | Total: ₹2568.84
[2026-07-10 23:09:35] TRADE MATCHED: Ticker: TATAMOTORS | Buy Order: 5725 | Sell Order: 5748 | Price: ₹641.89 | Qty: 2 | Total: ₹1283.78
[2026-07-10 23:09:36] TRADE MATCHED: Ticker: SUNPHARMA | Buy Order: 4588 | Sell Order: 5749 | Price: ₹1048.45 | Qty: 2 | Total: ₹2096.90
[2026-07-10 23:09:42] TRADE MATCHED: Ticker: TCS | Buy Order: 5754 | Sell Order: 4397 | Price: ₹3207.17 | Qty: 3 | Total: ₹9621.51
[2026-07-10 23:09:42] TRADE MATCHED: Ticker: TCS | Buy Order: 5754 | Sell Order: 4809 | Price: ₹3207.44 | Qty: 7 | Total: ₹22452.08
[2026-07-10 23:09:43] TRADE MATCHED: Ticker: TCS | Buy Order: 5756 | Sell Order: 4809 | Price: ₹3207.44 | Qty: 4 | Total: ₹12829.76
[2026-07-10 23:09:44] TRADE MATCHED: Ticker: TCS | Buy Order: 5756 | Sell Order: 5051 | Price: ₹3207.56 | Qty: 4 | Total: ₹12830.24
[2026-07-10 23:09:52] TRADE MATCHED: Ticker: SUNPHARMA | Buy Order: 4588 | Sell Order: 5764 | Price: ₹1048.45 | Qty: 1 | Total: ₹1048.45
[2026-07-10 23:09:52] TRADE MATCHED: Ticker: SUNPHARMA | Buy Order: 4615 | Sell Order: 5764 | Price: ₹1048.45 | Qty: 2 | Total: ₹2096.90
[2026-07-10 23:09:52] TRADE MATCHED: Ticker: SUNPHARMA | Buy Order: 4427 | Sell Order: 5764 | Price: ₹1048.32 | Qty: 1 | Total: ₹1048.32
[2026-07-10 23:09:52] TRADE MATCHED: Ticker: SUNPHARMA | Buy Order: 4257 | Sell Order: 5764 | Price: ₹1048.25 | Qty: 9 | Total: ₹9434.25
[2026-07-10 23:09:52] TRADE MATCHED: Ticker: RELIANCE | Buy Order: 5765 | Sell Order: 5485 | Price: ₹2287.08 | Qty: 4 | Total: ₹9148.32
[2026-07-10 23:09:55] TRADE MATCHED: Ticker: HDFCBANK | Buy Order: 5766 | Sell Order: 5742 | Price: ₹1577.19 | Qty: 2 | Total: ₹3154.38
[2026-07-10 23:09:56] TRADE MATCHED: Ticker: TATAMOTORS | Buy Order: 5725 | Sell Order: 5768 | Price: ₹641.89 | Qty: 12 | Total: ₹7702.68
[2026-07-10 23:09:56] TRADE MATCHED: Ticker: TATAMOTORS | Buy Order: 5677 | Sell Order: 5768 | Price: ₹638.30 | Qty: 1 | Total: ₹638.30
[2026-07-10 23:10:01] TRADE MATCHED: Ticker: HDFCBANK | Buy Order: 5771 | Sell Order: 5742 | Price: ₹1577.19 | Qty: 10 | Total: ₹15771.90
[2026-07-10 23:10:02] TRADE MATCHED: Ticker: RELIANCE | Buy Order: 5745 | Sell Order: 5772 | Price: ₹2284.51 | Qty: 1 | Total: ₹2284.51
[2026-07-10 23:10:09] TRADE MATCHED: Ticker: HDFCBANK | Buy Order: 5776 | Sell Order: 5742 | Price: ₹1577.19 | Qty: 1 | Total: ₹1577.19
[2026-07-10 23:10:10] TRADE MATCHED: Ticker: HDFCBANK | Buy Order: 5776 | Sell Order: 5778 | Price: ₹1584.29 | Qty: 12 | Total: ₹19011.48
[2026-07-10 23:10:12] TRADE MATCHED: Ticker: RELIANCE | Buy Order: 5779 | Sell Order: 5485 | Price: ₹2287.08 | Qty: 4 | Total: ₹9148.32
[2026-07-10 23:10:15] TRADE MATCHED: Ticker: TCS | Buy Order: 5783 | Sell Order: 5762 | Price: ₹3202.27 | Qty: 10 | Total: ₹32022.70
[2026-07-10 23:10:15] TRADE MATCHED: Ticker: TCS | Buy Order: 5783 | Sell Order: 5051 | Price: ₹3207.56 | Qty: 2 | Total: ₹6415.12
[2026-07-10 23:10:18] TRADE MATCHED: Ticker: TCS | Buy Order: 5724 | Sell Order: 5784 | Price: ₹3191.14 | Qty: 2 | Total: ₹6382.28
[2026-07-10 23:10:19] TRADE MATCHED: Ticker: TATAMOTORS | Buy Order: 5786 | Sell Order: 5770 | Price: ₹636.43 | Qty: 5 | Total: ₹3182.15
[2026-07-10 23:10:25] TRADE MATCHED: Ticker: SUNPHARMA | Buy Order: 5790 | Sell Order: 5752 | Price: ₹1052.40 | Qty: 3 | Total: ₹3157.20
[2026-07-10 23:10:30] TRADE MATCHED: Ticker: TATAMOTORS | Buy Order: 5775 | Sell Order: 5794 | Price: ₹636.18 | Qty: 4 | Total: ₹2544.72
[2026-07-10 23:10:30] TRADE MATCHED: Ticker: TATAMOTORS | Buy Order: 5697 | Sell Order: 5794 | Price: ₹633.18 | Qty: 4 | Total: ₹2532.72
[2026-07-10 23:10:34] TRADE MATCHED: Ticker: TCS | Buy Order: 5798 | Sell Order: 5784 | Price: ₹3188.91 | Qty: 9 | Total: ₹28700.19
[2026-07-10 23:10:36] TRADE MATCHED: Ticker: TATAMOTORS | Buy Order: 5799 | Sell Order: 5770 | Price: ₹636.43 | Qty: 1 | Total: ₹636.43
[2026-07-10 23:10:38] TRADE MATCHED: Ticker: HDFCBANK | Buy Order: 5801 | Sell Order: 5774 | Price: ₹1586.62 | Qty: 5 | Total: ₹7933.10
[2026-07-10 23:10:38] TRADE MATCHED: Ticker: HDFCBANK | Buy Order: 5801 | Sell Order: 5741 | Price: ₹1592.99 | Qty: 9 | Total: ₹14336.91
[2026-07-10 23:10:42] TRADE MATCHED: Ticker: RELIANCE | Buy Order: 5745 | Sell Order: 5804 | Price: ₹2284.51 | Qty: 7 | Total: ₹15991.57
[2026-07-10 23:10:50] TRADE MATCHED: Ticker: TATAMOTORS | Buy Order: 5809 | Sell Order: 5770 | Price: ₹636.43 | Qty: 6 | Total: ₹3818.58
[2026-07-10 23:10:50] TRADE MATCHED: Ticker: TATAMOTORS | Buy Order: 5809 | Sell Order: 5768 | Price: ₹636.65 | Qty: 2 | Total: ₹1273.30
[2026-07-10 23:10:50] TRADE MATCHED: Ticker: TATAMOTORS | Buy Order: 5809 | Sell Order: 5773 | Price: ₹642.28 | Qty: 4 | Total: ₹2569.12
[2026-07-10 23:10:57] TRADE MATCHED: Ticker: RELIANCE | Buy Order: 5815 | Sell Order: 5485 | Price: ₹2287.08 | Qty: 3 | Total: ₹6861.24
[2026-07-10 23:10:59] TRADE MATCHED: Ticker: RELIANCE | Buy Order: 5745 | Sell Order: 5816 | Price: ₹2284.51 | Qty: 4 | Total: ₹9138.04
[2026-07-10 23:10:59] TRADE MATCHED: Ticker: RELIANCE | Buy Order: 5803 | Sell Order: 5816 | Price: ₹2279.51 | Qty: 2 | Total: ₹4559.02
[2026-07-10 23:10:59] TRADE MATCHED: Ticker: RELIANCE | Buy Order: 5750 | Sell Order: 5816 | Price: ₹2278.16 | Qty: 8 | Total: ₹18225.28
[2026-07-10 23:10:59] TRADE MATCHED: Ticker: HDFCBANK | Buy Order: 5817 | Sell Order: 5741 | Price: ₹1592.99 | Qty: 3 | Total: ₹4778.97
[2026-07-10 23:10:59] TRADE MATCHED: Ticker: HDFCBANK | Buy Order: 5817 | Sell Order: 5716 | Price: ₹1600.27 | Qty: 4 | Total: ₹6401.08
[2026-07-10 23:10:59] TRADE MATCHED: Ticker: HDFCBANK | Buy Order: 5817 | Sell Order: 4616 | Price: ₹1608.49 | Qty: 7 | Total: ₹11259.43
[2026-07-10 23:11:01] TRADE MATCHED: Ticker: RELIANCE | Buy Order: 5819 | Sell Order: 5744 | Price: ₹2287.65 | Qty: 2 | Total: ₹4575.30
[2026-07-10 23:11:07] TRADE MATCHED: Ticker: SUNPHARMA | Buy Order: 5807 | Sell Order: 5823 | Price: ₹1049.32 | Qty: 6 | Total: ₹6295.92
[2026-07-10 23:11:07] TRADE MATCHED: Ticker: SUNPHARMA | Buy Order: 4257 | Sell Order: 5823 | Price: ₹1048.25 | Qty: 2 | Total: ₹2096.50
[2026-07-10 23:11:08] TRADE MATCHED: Ticker: SUNPHARMA | Buy Order: 3827 | Sell Order: 5823 | Price: ₹1048.12 | Qty: 3 | Total: ₹3144.36
[2026-07-10 23:11:08] TRADE MATCHED: Ticker: SUNPHARMA | Buy Order: 3827 | Sell Order: 5824 | Price: ₹1048.12 | Qty: 5 | Total: ₹5240.60
[2026-07-10 23:11:13] TRADE MATCHED: Ticker: HDFCBANK | Buy Order: 5821 | Sell Order: 5827 | Price: ₹1600.69 | Qty: 5 | Total: ₹8003.45
[2026-07-10 23:11:16] TRADE MATCHED: Ticker: SUNPHARMA | Buy Order: 3827 | Sell Order: 5830 | Price: ₹1048.12 | Qty: 1 | Total: ₹1048.12
[2026-07-10 23:11:19] TRADE MATCHED: Ticker: RELIANCE | Buy Order: 5833 | Sell Order: 5820 | Price: ₹2286.00 | Qty: 9 | Total: ₹20574.00
[2026-07-10 23:11:19] TRADE MATCHED: Ticker: RELIANCE | Buy Order: 5833 | Sell Order: 5744 | Price: ₹2287.65 | Qty: 2 | Total: ₹4575.30
[2026-07-10 23:11:21] TRADE MATCHED: Ticker: SUNPHARMA | Buy Order: 3827 | Sell Order: 5834 | Price: ₹1048.12 | Qty: 1 | Total: ₹1048.12
[2026-07-10 23:11:21] TRADE MATCHED: Ticker: SUNPHARMA | Buy Order: 2765 | Sell Order: 5834 | Price: ₹1048.07 | Qty: 8 | Total: ₹8384.56
[2026-07-10 23:11:21] TRADE MATCHED: Ticker: SUNPHARMA | Buy Order: 3852 | Sell Order: 5834 | Price: ₹1047.93 | Qty: 4 | Total: ₹4191.72
[2026-07-10 23:11:24] TRADE MATCHED: Ticker: TCS | Buy Order: 5837 | Sell Order: 5805 | Price: ₹3187.30 | Qty: 5 | Total: ₹15936.50
[2026-07-10 23:11:24] TRADE MATCHED: Ticker: TCS | Buy Order: 5837 | Sell Order: 5784 | Price: ₹3188.91 | Qty: 2 | Total: ₹6377.82
[2026-07-10 23:11:24] TRADE MATCHED: Ticker: TCS | Buy Order: 5837 | Sell Order: 5796 | Price: ₹3204.24 | Qty: 1 | Total: ₹3204.24
[2026-07-10 23:11:28] TRADE MATCHED: Ticker: SUNPHARMA | Buy Order: 5841 | Sell Order: 5752 | Price: ₹1052.40 | Qty: 3 | Total: ₹3157.20
[2026-07-10 23:11:32] TRADE MATCHED: Ticker: HDFCBANK | Buy Order: 5845 | Sell Order: 5838 | Price: ₹1604.82 | Qty: 3 | Total: ₹4814.46
[2026-07-10 23:11:37] TRADE MATCHED: Ticker: RELIANCE | Buy Order: 5818 | Sell Order: 5848 | Price: ₹2283.23 | Qty: 1 | Total: ₹2283.23
[2026-07-10 23:11:37] TRADE MATCHED: Ticker: RELIANCE | Buy Order: 5844 | Sell Order: 5849 | Price: ₹2266.28 | Qty: 1 | Total: ₹2266.28
[2026-07-10 23:11:41] TRADE MATCHED: Ticker: TCS | Buy Order: 5837 | Sell Order: 5851 | Price: ₹3205.77 | Qty: 5 | Total: ₹16028.85
[2026-07-10 23:11:41] TRADE MATCHED: Ticker: SUNPHARMA | Buy Order: 5852 | Sell Order: 5752 | Price: ₹1052.40 | Qty: 5 | Total: ₹5262.00
[2026-07-10 23:11:41] TRADE MATCHED: Ticker: SUNPHARMA | Buy Order: 5852 | Sell Order: 5811 | Price: ₹1052.88 | Qty: 1 | Total: ₹1052.88
[2026-07-10 23:11:41] TRADE MATCHED: Ticker: SUNPHARMA | Buy Order: 5852 | Sell Order: 5672 | Price: ₹1053.73 | Qty: 8 | Total: ₹8429.84
[2026-07-10 23:11:46] TRADE MATCHED: Ticker: SUNPHARMA | Buy Order: 5856 | Sell Order: 5672 | Price: ₹1053.73 | Qty: 4 | Total: ₹4214.92
[2026-07-10 23:11:47] TRADE MATCHED: Ticker: SUNPHARMA | Buy Order: 5856 | Sell Order: 5628 | Price: ₹1055.19 | Qty: 1 | Total: ₹1055.19
[2026-07-10 23:11:47] TRADE MATCHED: Ticker: HDFCBANK | Buy Order: 5845 | Sell Order: 5857 | Price: ₹1606.52 | Qty: 7 | Total: ₹11245.64
[2026-07-10 23:11:52] TRADE MATCHED: Ticker: SUNPHARMA | Buy Order: 5859 | Sell Order: 5860 | Price: ₹1055.14 | Qty: 7 | Total: ₹7385.98
[2026-07-10 23:11:52] TRADE MATCHED: Ticker: SUNPHARMA | Buy Order: 5861 | Sell Order: 5628 | Price: ₹1055.19 | Qty: 3 | Total: ₹3165.57
[2026-07-10 23:11:52] TRADE MATCHED: Ticker: SUNPHARMA | Buy Order: 5861 | Sell Order: 5694 | Price: ₹1056.34 | Qty: 4 | Total: ₹4225.36
[2026-07-10 23:11:52] TRADE MATCHED: Ticker: SUNPHARMA | Buy Order: 5861 | Sell Order: 5657 | Price: ₹1058.07 | Qty: 2 | Total: ₹2116.14
[2026-07-10 23:11:55] TRADE MATCHED: Ticker: RELIANCE | Buy Order: 5844 | Sell Order: 5862 | Price: ₹2266.28 | Qty: 4 | Total: ₹9065.12
[2026-07-10 23:11:56] TRADE MATCHED: Ticker: HDFCBANK | Buy Order: 5864 | Sell Order: 5857 | Price: ₹1601.35 | Qty: 7 | Total: ₹11209.45
[2026-07-10 23:11:56] TRADE MATCHED: Ticker: HDFCBANK | Buy Order: 5864 | Sell Order: 4616 | Price: ₹1608.49 | Qty: 1 | Total: ₹1608.49
[2026-07-10 23:11:56] TRADE MATCHED: Ticker: HDFCBANK | Buy Order: 5864 | Sell Order: 4157 | Price: ₹1609.05 | Qty: 4 | Total: ₹6436.20
[2026-07-10 23:11:57] TRADE MATCHED: Ticker: TATAMOTORS | Buy Order: 5829 | Sell Order: 5865 | Price: ₹641.41 | Qty: 12 | Total: ₹7696.92
[2026-07-10 23:11:58] TRADE MATCHED: Ticker: TATAMOTORS | Buy Order: 5839 | Sell Order: 5865 | Price: ₹637.63 | Qty: 1 | Total: ₹637.63
[2026-07-10 23:12:02] TRADE MATCHED: Ticker: TCS | Buy Order: 5870 | Sell Order: 5853 | Price: ₹3181.97 | Qty: 8 | Total: ₹25455.76
[2026-07-10 23:12:10] TRADE MATCHED: Ticker: TATAMOTORS | Buy Order: 5877 | Sell Order: 5878 | Price: ₹639.95 | Qty: 3 | Total: ₹1919.85
[2026-07-10 23:12:12] TRADE MATCHED: Ticker: TCS | Buy Order: 5880 | Sell Order: 5853 | Price: ₹3181.97 | Qty: 2 | Total: ₹6363.94
[2026-07-10 23:12:14] TRADE MATCHED: Ticker: SUNPHARMA | Buy Order: 5881 | Sell Order: 5657 | Price: ₹1058.07 | Qty: 4 | Total: ₹4232.28
[2026-07-10 23:12:14] TRADE MATCHED: Ticker: HDFCBANK | Buy Order: 5882 | Sell Order: 4157 | Price: ₹1609.05 | Qty: 6 | Total: ₹9654.30
[2026-07-10 23:12:14] TRADE MATCHED: Ticker: HDFCBANK | Buy Order: 5882 | Sell Order: 2504 | Price: ₹1609.14 | Qty: 7 | Total: ₹11263.98
[2026-07-10 23:12:16] TRADE MATCHED: Ticker: TCS | Buy Order: 5884 | Sell Order: 5051 | Price: ₹3207.56 | Qty: 1 | Total: ₹3207.56
[2026-07-10 23:12:24] TRADE MATCHED: Ticker: RELIANCE | Buy Order: 5722 | Sell Order: 5890 | Price: ₹2263.55 | Qty: 2 | Total: ₹4527.10
[2026-07-10 23:12:24] TRADE MATCHED: Ticker: SUNPHARMA | Buy Order: 5859 | Sell Order: 5891 | Price: ₹1055.14 | Qty: 5 | Total: ₹5275.70
[2026-07-10 23:12:28] TRADE MATCHED: Ticker: SUNPHARMA | Buy Order: 5858 | Sell Order: 5894 | Price: ₹1049.07 | Qty: 5 | Total: ₹5245.35
[2026-07-10 23:12:29] TRADE MATCHED: Ticker: SUNPHARMA | Buy Order: 3852 | Sell Order: 5894 | Price: ₹1047.93 | Qty: 10 | Total: ₹10479.30
[2026-07-10 23:12:33] TRADE MATCHED: Ticker: TATAMOTORS | Buy Order: 5877 | Sell Order: 5897 | Price: ₹639.95 | Qty: 1 | Total: ₹639.95
[2026-07-10 23:12:37] TRADE MATCHED: Ticker: RELIANCE | Buy Order: 5901 | Sell Order: 5862 | Price: ₹2264.22 | Qty: 2 | Total: ₹4528.44
[2026-07-10 23:12:39] TRADE MATCHED: Ticker: RELIANCE | Buy Order: 5722 | Sell Order: 5902 | Price: ₹2263.55 | Qty: 4 | Total: ₹9054.20
[2026-07-10 23:12:39] TRADE MATCHED: Ticker: RELIANCE | Buy Order: 5872 | Sell Order: 5902 | Price: ₹2263.07 | Qty: 7 | Total: ₹15841.49
[2026-07-10 23:12:39] TRADE MATCHED: Ticker: RELIANCE | Buy Order: 5080 | Sell Order: 5902 | Price: ₹2261.04 | Qty: 2 | Total: ₹4522.08
[2026-07-10 23:12:39] TRADE MATCHED: Ticker: RELIANCE | Buy Order: 2811 | Sell Order: 5902 | Price: ₹2260.84 | Qty: 2 | Total: ₹4521.68
[2026-07-10 23:12:41] TRADE MATCHED: Ticker: RELIANCE | Buy Order: 2811 | Sell Order: 5905 | Price: ₹2260.84 | Qty: 2 | Total: ₹4521.68
[2026-07-10 23:12:43] TRADE MATCHED: Ticker: SUNPHARMA | Buy Order: 5907 | Sell Order: 5891 | Price: ₹1053.98 | Qty: 1 | Total: ₹1053.98
[2026-07-10 23:12:46] TRADE MATCHED: Ticker: RELIANCE | Buy Order: 5909 | Sell Order: 5862 | Price: ₹2264.22 | Qty: 1 | Total: ₹2264.22
[2026-07-10 23:12:46] TRADE MATCHED: Ticker: RELIANCE | Buy Order: 5909 | Sell Order: 5848 | Price: ₹2267.92 | Qty: 4 | Total: ₹9071.68
[2026-07-10 23:12:46] TRADE MATCHED: Ticker: RELIANCE | Buy Order: 5909 | Sell Order: 5744 | Price: ₹2287.65 | Qty: 3 | Total: ₹6862.95
[2026-07-10 23:12:49] TRADE MATCHED: Ticker: RELIANCE | Buy Order: 5911 | Sell Order: 5793 | Price: ₹2288.83 | Qty: 11 | Total: ₹25177.13
[2026-07-10 23:12:52] TRADE MATCHED: Ticker: HDFCBANK | Buy Order: 5914 | Sell Order: 2504 | Price: ₹1609.14 | Qty: 2 | Total: ₹3218.28
[2026-07-10 23:12:52] TRADE MATCHED: Ticker: HDFCBANK | Buy Order: 5914 | Sell Order: 5575 | Price: ₹1609.39 | Qty: 4 | Total: ₹6437.56
[2026-07-10 23:12:52] TRADE MATCHED: Ticker: HDFCBANK | Buy Order: 5914 | Sell Order: 3123 | Price: ₹1609.59 | Qty: 2 | Total: ₹3219.18
[2026-07-10 23:12:54] TRADE MATCHED: Ticker: TCS | Buy Order: 5915 | Sell Order: 5051 | Price: ₹3207.56 | Qty: 3 | Total: ₹9622.68
[2026-07-10 23:12:54] TRADE MATCHED: Ticker: TCS | Buy Order: 5915 | Sell Order: 3890 | Price: ₹3207.72 | Qty: 2 | Total: ₹6415.44
[2026-07-10 23:12:54] TRADE MATCHED: Ticker: TATAMOTORS | Buy Order: 5916 | Sell Order: 5773 | Price: ₹642.28 | Qty: 3 | Total: ₹1926.84
[2026-07-10 23:12:55] TRADE MATCHED: Ticker: SUNPHARMA | Buy Order: 5913 | Sell Order: 5917 | Price: ₹1048.53 | Qty: 7 | Total: ₹7339.71
[2026-07-10 23:12:55] TRADE MATCHED: Ticker: SUNPHARMA | Buy Order: 3899 | Sell Order: 5917 | Price: ₹1047.92 | Qty: 5 | Total: ₹5239.60
[2026-07-10 23:12:55] TRADE MATCHED: Ticker: SUNPHARMA | Buy Order: 3858 | Sell Order: 5917 | Price: ₹1047.78 | Qty: 3 | Total: ₹3143.34
[2026-07-10 23:12:58] TRADE MATCHED: Ticker: HDFCBANK | Buy Order: 5821 | Sell Order: 5918 | Price: ₹1600.69 | Qty: 9 | Total: ₹14406.21
[2026-07-10 23:12:58] TRADE MATCHED: Ticker: HDFCBANK | Buy Order: 5795 | Sell Order: 5918 | Price: ₹1585.03 | Qty: 5 | Total: ₹7925.15
[2026-07-10 23:13:00] TRADE MATCHED: Ticker: TCS | Buy Order: 5842 | Sell Order: 5920 | Price: ₹3175.63 | Qty: 6 | Total: ₹19053.78
[2026-07-10 23:13:06] TRADE MATCHED: Ticker: TCS | Buy Order: 5842 | Sell Order: 5925 | Price: ₹3175.63 | Qty: 8 | Total: ₹25405.04
[2026-07-10 23:13:06] TRADE MATCHED: Ticker: RELIANCE | Buy Order: 5926 | Sell Order: 5793 | Price: ₹2288.83 | Qty: 3 | Total: ₹6866.49
[2026-07-10 23:13:06] TRADE MATCHED: Ticker: RELIANCE | Buy Order: 5926 | Sell Order: 5585 | Price: ₹2288.91 | Qty: 2 | Total: ₹4577.82
[2026-07-10 23:13:10] TRADE MATCHED: Ticker: RELIANCE | Buy Order: 5929 | Sell Order: 5585 | Price: ₹2288.91 | Qty: 2 | Total: ₹4577.82
[2026-07-10 23:13:11] TRADE MATCHED: Ticker: RELIANCE | Buy Order: 5929 | Sell Order: 5895 | Price: ₹2289.51 | Qty: 3 | Total: ₹6868.53
[2026-07-10 23:13:14] TRADE MATCHED: Ticker: RELIANCE | Buy Order: 5919 | Sell Order: 5932 | Price: ₹2286.08 | Qty: 8 | Total: ₹18288.64
[2026-07-10 23:13:17] TRADE MATCHED: Ticker: TCS | Buy Order: 5935 | Sell Order: 5930 | Price: ₹3192.93 | Qty: 6 | Total: ₹19157.58
[2026-07-10 23:13:21] TRADE MATCHED: Ticker: SUNPHARMA | Buy Order: 5940 | Sell Order: 5891 | Price: ₹1053.98 | Qty: 8 | Total: ₹8431.84
[2026-07-10 23:13:21] TRADE MATCHED: Ticker: SUNPHARMA | Buy Order: 5940 | Sell Order: 5923 | Price: ₹1054.28 | Qty: 6 | Total: ₹6325.68
[2026-07-10 23:13:21] TRADE MATCHED: Ticker: SUNPHARMA | Buy Order: 5940 | Sell Order: 5934 | Price: ₹1054.59 | Qty: 1 | Total: ₹1054.59
[2026-07-10 23:13:22] TRADE MATCHED: Ticker: TATAMOTORS | Buy Order: 5941 | Sell Order: 5854 | Price: ₹643.08 | Qty: 3 | Total: ₹1929.24
[2026-07-10 23:13:22] TRADE MATCHED: Ticker: TATAMOTORS | Buy Order: 5941 | Sell Order: 5847 | Price: ₹644.38 | Qty: 4 | Total: ₹2577.52
[2026-07-10 23:13:23] TRADE MATCHED: Ticker: TATAMOTORS | Buy Order: 5942 | Sell Order: 5847 | Price: ₹644.38 | Qty: 10 | Total: ₹6443.80
[2026-07-10 23:13:23] TRADE MATCHED: Ticker: TATAMOTORS | Buy Order: 5942 | Sell Order: 4439 | Price: ₹645.65 | Qty: 1 | Total: ₹645.65
[2026-07-10 23:13:23] TRADE MATCHED: Ticker: TATAMOTORS | Buy Order: 5942 | Sell Order: 3164 | Price: ₹645.68 | Qty: 3 | Total: ₹1937.04
[2026-07-10 23:13:24] TRADE MATCHED: Ticker: TATAMOTORS | Buy Order: 5916 | Sell Order: 5943 | Price: ₹642.67 | Qty: 2 | Total: ₹1285.34
[2026-07-10 23:13:24] TRADE MATCHED: Ticker: TATAMOTORS | Buy Order: 5877 | Sell Order: 5943 | Price: ₹639.95 | Qty: 1 | Total: ₹639.95
[2026-07-10 23:13:27] TRADE MATCHED: Ticker: RELIANCE | Buy Order: 5945 | Sell Order: 5932 | Price: ₹2262.36 | Qty: 5 | Total: ₹11311.80
[2026-07-10 23:13:27] TRADE MATCHED: Ticker: RELIANCE | Buy Order: 5945 | Sell Order: 5895 | Price: ₹2289.51 | Qty: 1 | Total: ₹2289.51
[2026-07-10 23:13:27] TRADE MATCHED: Ticker: RELIANCE | Buy Order: 5945 | Sell Order: 5584 | Price: ₹2289.97 | Qty: 9 | Total: ₹20609.73
[2026-07-10 23:13:28] TRADE MATCHED: Ticker: RELIANCE | Buy Order: 5947 | Sell Order: 5584 | Price: ₹2289.97 | Qty: 1 | Total: ₹2289.97
[2026-07-10 23:13:28] TRADE MATCHED: Ticker: RELIANCE | Buy Order: 5947 | Sell Order: 4963 | Price: ₹2290.03 | Qty: 7 | Total: ₹16030.21
[2026-07-10 23:13:28] TRADE MATCHED: Ticker: RELIANCE | Buy Order: 5947 | Sell Order: 5093 | Price: ₹2290.65 | Qty: 4 | Total: ₹9162.60
[2026-07-10 23:13:30] TRADE MATCHED: Ticker: HDFCBANK | Buy Order: 5927 | Sell Order: 5948 | Price: ₹1582.33 | Qty: 8 | Total: ₹12658.64
[2026-07-10 23:13:30] TRADE MATCHED: Ticker: HDFCBANK | Buy Order: 5836 | Sell Order: 5948 | Price: ₹1579.42 | Qty: 2 | Total: ₹3158.84
[2026-07-10 23:13:32] TRADE MATCHED: Ticker: HDFCBANK | Buy Order: 5836 | Sell Order: 5951 | Price: ₹1579.42 | Qty: 3 | Total: ₹4738.26
[2026-07-10 23:13:37] TRADE MATCHED: Ticker: RELIANCE | Buy Order: 3698 | Sell Order: 5955 | Price: ₹2260.51 | Qty: 10 | Total: ₹22605.10
[2026-07-10 23:13:39] TRADE MATCHED: Ticker: HDFCBANK | Buy Order: 5836 | Sell Order: 5957 | Price: ₹1579.42 | Qty: 2 | Total: ₹3158.84
[2026-07-10 23:13:49] TRADE MATCHED: Ticker: SUNPHARMA | Buy Order: 5964 | Sell Order: 5934 | Price: ₹1054.59 | Qty: 6 | Total: ₹6327.54
[2026-07-10 23:13:50] TRADE MATCHED: Ticker: SUNPHARMA | Buy Order: 5965 | Sell Order: 5934 | Price: ₹1054.59 | Qty: 2 | Total: ₹2109.18
[2026-07-10 23:13:54] TRADE MATCHED: Ticker: RELIANCE | Buy Order: 3698 | Sell Order: 5968 | Price: ₹2260.51 | Qty: 2 | Total: ₹4521.02
[2026-07-10 23:14:00] TRADE MATCHED: Ticker: HDFCBANK | Buy Order: 5972 | Sell Order: 5959 | Price: ₹1588.55 | Qty: 3 | Total: ₹4765.65
[2026-07-10 23:14:02] TRADE MATCHED: Ticker: SUNPHARMA | Buy Order: 5974 | Sell Order: 5934 | Price: ₹1054.59 | Qty: 1 | Total: ₹1054.59
[2026-07-10 23:14:02] TRADE MATCHED: Ticker: SUNPHARMA | Buy Order: 5974 | Sell Order: 5657 | Price: ₹1058.07 | Qty: 6 | Total: ₹6348.42
[2026-07-10 23:14:10] TRADE MATCHED: Ticker: TCS | Buy Order: 5944 | Sell Order: 5982 | Price: ₹3187.38 | Qty: 2 | Total: ₹6374.76
[2026-07-10 23:14:15] TRADE MATCHED: Ticker: TCS | Buy Order: 5987 | Sell Order: 5930 | Price: ₹3192.93 | Qty: 3 | Total: ₹9578.79
[2026-07-10 23:14:21] TRADE MATCHED: Ticker: TATAMOTORS | Buy Order: 5992 | Sell Order: 3164 | Price: ₹645.68 | Qty: 1 | Total: ₹645.68
[2026-07-10 23:14:21] TRADE MATCHED: Ticker: TATAMOTORS | Buy Order: 5992 | Sell Order: 2908 | Price: ₹645.76 | Qty: 8 | Total: ₹5166.08
[2026-07-10 23:14:22] TRADE MATCHED: Ticker: SUNPHARMA | Buy Order: 5993 | Sell Order: 5657 | Price: ₹1058.07 | Qty: 2 | Total: ₹2116.14
[2026-07-10 23:14:26] TRADE MATCHED: Ticker: HDFCBANK | Buy Order: 5969 | Sell Order: 5996 | Price: ₹1587.58 | Qty: 1 | Total: ₹1587.58
[2026-07-10 23:14:26] TRADE MATCHED: Ticker: HDFCBANK | Buy Order: 5988 | Sell Order: 5996 | Price: ₹1586.17 | Qty: 1 | Total: ₹1586.17
[2026-07-10 23:14:27] TRADE MATCHED: Ticker: HDFCBANK | Buy Order: 5989 | Sell Order: 5996 | Price: ₹1580.01 | Qty: 2 | Total: ₹3160.02
[2026-07-10 23:14:30] TRADE MATCHED: Ticker: SUNPHARMA | Buy Order: 5999 | Sell Order: 5657 | Price: ₹1058.07 | Qty: 1 | Total: ₹1058.07
[2026-07-10 23:14:30] TRADE MATCHED: Ticker: SUNPHARMA | Buy Order: 5999 | Sell Order: 5994 | Price: ₹1060.52 | Qty: 4 | Total: ₹4242.08
[2026-07-10 23:14:30] TRADE MATCHED: Ticker: SUNPHARMA | Buy Order: 5999 | Sell Order: 5781 | Price: ₹1062.33 | Qty: 6 | Total: ₹6373.98
[2026-07-10 23:14:32] TRADE MATCHED: Ticker: TCS | Buy Order: 5944 | Sell Order: 6000 | Price: ₹3187.38 | Qty: 7 | Total: ₹22311.66
[2026-07-10 23:14:37] TRADE MATCHED: Ticker: TCS | Buy Order: 5944 | Sell Order: 6003 | Price: ₹3187.38 | Qty: 1 | Total: ₹3187.38
[2026-07-10 23:14:37] TRADE MATCHED: Ticker: TCS | Buy Order: 5936 | Sell Order: 6003 | Price: ₹3186.44 | Qty: 6 | Total: ₹19118.64
[2026-07-10 23:14:37] TRADE MATCHED: Ticker: TCS | Buy Order: 5928 | Sell Order: 6003 | Price: ₹3177.75 | Qty: 3 | Total: ₹9533.25
[2026-07-10 23:14:38] TRADE MATCHED: Ticker: RELIANCE | Buy Order: 5981 | Sell Order: 6005 | Price: ₹2271.60 | Qty: 4 | Total: ₹9086.40
[2026-07-10 23:14:40] TRADE MATCHED: Ticker: HDFCBANK | Buy Order: 5989 | Sell Order: 6006 | Price: ₹1580.01 | Qty: 2 | Total: ₹3160.02
[2026-07-10 23:14:40] TRADE MATCHED: Ticker: HDFCBANK | Buy Order: 5986 | Sell Order: 6006 | Price: ₹1579.58 | Qty: 5 | Total: ₹7897.90
[2026-07-10 23:14:44] TRADE MATCHED: Ticker: TCS | Buy Order: 6011 | Sell Order: 5930 | Price: ₹3192.93 | Qty: 2 | Total: ₹6385.86
[2026-07-10 23:14:44] TRADE MATCHED: Ticker: TCS | Buy Order: 6011 | Sell Order: 5922 | Price: ₹3194.63 | Qty: 10 | Total: ₹31946.30
[2026-07-10 23:14:44] TRADE MATCHED: Ticker: TCS | Buy Order: 6011 | Sell Order: 3890 | Price: ₹3207.72 | Qty: 1 | Total: ₹3207.72
[2026-07-10 23:14:47] TRADE MATCHED: Ticker: HDFCBANK | Buy Order: 6012 | Sell Order: 5997 | Price: ₹1580.41 | Qty: 1 | Total: ₹1580.41
[2026-07-10 23:14:49] TRADE MATCHED: Ticker: TATAMOTORS | Buy Order: 6014 | Sell Order: 6008 | Price: ₹643.59 | Qty: 6 | Total: ₹3861.54
[2026-07-10 23:14:51] TRADE MATCHED: Ticker: RELIANCE | Buy Order: 6015 | Sell Order: 5093 | Price: ₹2290.65 | Qty: 2 | Total: ₹4581.30
[2026-07-10 23:14:51] TRADE MATCHED: Ticker: RELIANCE | Buy Order: 6015 | Sell Order: 5244 | Price: ₹2295.05 | Qty: 8 | Total: ₹18360.40
[2026-07-10 23:14:51] TRADE MATCHED: Ticker: RELIANCE | Buy Order: 6015 | Sell Order: 4519 | Price: ₹2295.78 | Qty: 5 | Total: ₹11478.90
[2026-07-10 23:14:55] TRADE MATCHED: Ticker: RELIANCE | Buy Order: 6020 | Sell Order: 6016 | Price: ₹2274.08 | Qty: 11 | Total: ₹25014.88
[2026-07-10 23:14:56] TRADE MATCHED: Ticker: RELIANCE | Buy Order: 6021 | Sell Order: 6016 | Price: ₹2274.08 | Qty: 1 | Total: ₹2274.08
[2026-07-10 23:14:57] TRADE MATCHED: Ticker: TCS | Buy Order: 6022 | Sell Order: 3890 | Price: ₹3207.72 | Qty: 4 | Total: ₹12830.88
[2026-07-10 23:14:57] TRADE MATCHED: Ticker: TCS | Buy Order: 6022 | Sell Order: 5375 | Price: ₹3207.73 | Qty: 1 | Total: ₹3207.73
[2026-07-10 23:14:57] TRADE MATCHED: Ticker: TCS | Buy Order: 6022 | Sell Order: 4521 | Price: ₹3208.15 | Qty: 1 | Total: ₹3208.15
[2026-07-10 23:15:00] TRADE MATCHED: Ticker: TATAMOTORS | Buy Order: 6025 | Sell Order: 6008 | Price: ₹643.59 | Qty: 5 | Total: ₹3217.95
[2026-07-10 23:15:00] TRADE MATCHED: Ticker: TATAMOTORS | Buy Order: 6025 | Sell Order: 5995 | Price: ₹644.91 | Qty: 2 | Total: ₹1289.82
[2026-07-10 23:15:03] TRADE MATCHED: Ticker: TCS | Buy Order: 6026 | Sell Order: 4521 | Price: ₹3208.15 | Qty: 5 | Total: ₹16040.75
[2026-07-10 23:15:03] TRADE MATCHED: Ticker: TCS | Buy Order: 6026 | Sell Order: 4313 | Price: ₹3208.79 | Qty: 8 | Total: ₹25670.32
[2026-07-10 23:15:16] TRADE MATCHED: Ticker: SUNPHARMA | Buy Order: 6035 | Sell Order: 5781 | Price: ₹1062.33 | Qty: 1 | Total: ₹1062.33
[2026-07-10 23:15:16] TRADE MATCHED: Ticker: SUNPHARMA | Buy Order: 6035 | Sell Order: 5946 | Price: ₹1063.03 | Qty: 1 | Total: ₹1063.03
[2026-07-10 23:15:17] TRADE MATCHED: Ticker: SUNPHARMA | Buy Order: 6037 | Sell Order: 5946 | Price: ₹1063.03 | Qty: 5 | Total: ₹5315.15
[2026-07-10 23:15:18] TRADE MATCHED: Ticker: RELIANCE | Buy Order: 6021 | Sell Order: 6038 | Price: ₹2291.22 | Qty: 1 | Total: ₹2291.22
[2026-07-10 23:15:18] TRADE MATCHED: Ticker: RELIANCE | Buy Order: 5981 | Sell Order: 6038 | Price: ₹2271.60 | Qty: 6 | Total: ₹13629.60
[2026-07-10 23:15:18] TRADE MATCHED: Ticker: RELIANCE | Buy Order: 5984 | Sell Order: 6038 | Price: ₹2268.67 | Qty: 4 | Total: ₹9074.68
[2026-07-10 23:15:20] TRADE MATCHED: Ticker: TATAMOTORS | Buy Order: 6040 | Sell Order: 5995 | Price: ₹644.91 | Qty: 11 | Total: ₹7094.01
[2026-07-10 23:15:20] TRADE MATCHED: Ticker: TATAMOTORS | Buy Order: 6040 | Sell Order: 2908 | Price: ₹645.76 | Qty: 1 | Total: ₹645.76
[2026-07-10 23:15:21] TRADE MATCHED: Ticker: TCS | Buy Order: 6041 | Sell Order: 4313 | Price: ₹3208.79 | Qty: 1 | Total: ₹3208.79
[2026-07-10 23:15:22] TRADE MATCHED: Ticker: TCS | Buy Order: 6041 | Sell Order: 3868 | Price: ₹3209.28 | Qty: 1 | Total: ₹3209.28
[2026-07-10 23:15:22] TRADE MATCHED: Ticker: TCS | Buy Order: 6041 | Sell Order: 5500 | Price: ₹3209.69 | Qty: 1 | Total: ₹3209.69
[2026-07-10 23:15:22] TRADE MATCHED: Ticker: TCS | Buy Order: 6013 | Sell Order: 6042 | Price: ₹3196.95 | Qty: 4 | Total: ₹12787.80
[2026-07-10 23:15:25] TRADE MATCHED: Ticker: HDFCBANK | Buy Order: 6045 | Sell Order: 5997 | Price: ₹1580.41 | Qty: 9 | Total: ₹14223.69
[2026-07-10 23:15:27] TRADE MATCHED: Ticker: HDFCBANK | Buy Order: 6046 | Sell Order: 5959 | Price: ₹1588.55 | Qty: 3 | Total: ₹4765.65
[2026-07-10 23:15:27] TRADE MATCHED: Ticker: HDFCBANK | Buy Order: 6046 | Sell Order: 6010 | Price: ₹1590.55 | Qty: 5 | Total: ₹7952.75
[2026-07-10 23:15:27] TRADE MATCHED: Ticker: HDFCBANK | Buy Order: 6046 | Sell Order: 6033 | Price: ₹1595.44 | Qty: 2 | Total: ₹3190.88
[2026-07-10 23:15:30] TRADE MATCHED: Ticker: TATAMOTORS | Buy Order: 6027 | Sell Order: 6048 | Price: ₹644.30 | Qty: 7 | Total: ₹4510.10
[2026-07-10 23:15:34] TRADE MATCHED: Ticker: SUNPHARMA | Buy Order: 6050 | Sell Order: 5946 | Price: ₹1063.03 | Qty: 4 | Total: ₹4252.12
[2026-07-10 23:15:37] TRADE MATCHED: Ticker: TCS | Buy Order: 5928 | Sell Order: 6055 | Price: ₹3177.75 | Qty: 3 | Total: ₹9533.25
[2026-07-10 23:15:37] TRADE MATCHED: Ticker: TCS | Buy Order: 5973 | Sell Order: 6055 | Price: ₹3173.54 | Qty: 1 | Total: ₹3173.54
[2026-07-10 23:15:39] TRADE MATCHED: Ticker: RELIANCE | Buy Order: 6057 | Sell Order: 6053 | Price: ₹2282.18 | Qty: 5 | Total: ₹11410.90
[2026-07-10 23:15:41] TRADE MATCHED: Ticker: HDFCBANK | Buy Order: 6058 | Sell Order: 5985 | Price: ₹1598.42 | Qty: 8 | Total: ₹12787.36
[2026-07-10 23:15:44] TRADE MATCHED: Ticker: TATAMOTORS | Buy Order: 6061 | Sell Order: 2783 | Price: ₹645.78 | Qty: 12 | Total: ₹7749.36
[2026-07-10 23:15:49] TRADE MATCHED: Ticker: HDFCBANK | Buy Order: 5986 | Sell Order: 6065 | Price: ₹1579.58 | Qty: 1 | Total: ₹1579.58
[2026-07-10 23:15:49] TRADE MATCHED: Ticker: HDFCBANK | Buy Order: 5836 | Sell Order: 6065 | Price: ₹1579.42 | Qty: 4 | Total: ₹6317.68
[2026-07-10 23:15:49] TRADE MATCHED: Ticker: HDFCBANK | Buy Order: 5482 | Sell Order: 6065 | Price: ₹1575.87 | Qty: 4 | Total: ₹6303.48
[2026-07-10 23:15:49] TRADE MATCHED: Ticker: HDFCBANK | Buy Order: 5237 | Sell Order: 6065 | Price: ₹1575.25 | Qty: 3 | Total: ₹4725.75
[2026-07-10 23:15:53] TRADE MATCHED: Ticker: HDFCBANK | Buy Order: 5237 | Sell Order: 6069 | Price: ₹1575.25 | Qty: 6 | Total: ₹9451.50
[2026-07-10 23:15:54] TRADE MATCHED: Ticker: HDFCBANK | Buy Order: 5237 | Sell Order: 6070 | Price: ₹1575.25 | Qty: 5 | Total: ₹7876.25
[2026-07-10 23:15:54] TRADE MATCHED: Ticker: HDFCBANK | Buy Order: 3284 | Sell Order: 6070 | Price: ₹1574.48 | Qty: 6 | Total: ₹9446.88
[2026-07-10 23:15:54] TRADE MATCHED: Ticker: HDFCBANK | Buy Order: 3552 | Sell Order: 6070 | Price: ₹1574.41 | Qty: 1 | Total: ₹1574.41
[2026-07-10 23:15:56] TRADE MATCHED: Ticker: SUNPHARMA | Buy Order: 6054 | Sell Order: 6071 | Price: ₹1058.55 | Qty: 4 | Total: ₹4234.20
[2026-07-10 23:16:00] TRADE MATCHED: Ticker: SUNPHARMA | Buy Order: 6075 | Sell Order: 5678 | Price: ₹1063.77 | Qty: 4 | Total: ₹4255.08
[2026-07-10 23:16:04] TRADE MATCHED: Ticker: SUNPHARMA | Buy Order: 6078 | Sell Order: 5678 | Price: ₹1063.77 | Qty: 4 | Total: ₹4255.08
[2026-07-10 23:16:04] TRADE MATCHED: Ticker: SUNPHARMA | Buy Order: 6078 | Sell Order: 5760 | Price: ₹1064.01 | Qty: 3 | Total: ₹3192.03
[2026-07-10 23:16:09] TRADE MATCHED: Ticker: TATAMOTORS | Buy Order: 6027 | Sell Order: 6082 | Price: ₹644.30 | Qty: 4 | Total: ₹2577.20
[2026-07-10 23:16:09] TRADE MATCHED: Ticker: TATAMOTORS | Buy Order: 6039 | Sell Order: 6082 | Price: ₹643.43 | Qty: 4 | Total: ₹2573.72
[2026-07-10 23:16:11] TRADE MATCHED: Ticker: HDFCBANK | Buy Order: 3552 | Sell Order: 6083 | Price: ₹1574.41 | Qty: 3 | Total: ₹4723.23
[2026-07-10 23:16:12] TRADE MATCHED: Ticker: TATAMOTORS | Buy Order: 6017 | Sell Order: 6084 | Price: ₹640.13 | Qty: 7 | Total: ₹4480.91
[2026-07-10 23:16:13] TRADE MATCHED: Ticker: SUNPHARMA | Buy Order: 6072 | Sell Order: 6085 | Price: ₹1061.39 | Qty: 5 | Total: ₹5306.95
[2026-07-10 23:16:18] TRADE MATCHED: Ticker: SUNPHARMA | Buy Order: 6090 | Sell Order: 5760 | Price: ₹1064.01 | Qty: 1 | Total: ₹1064.01
[2026-07-10 23:16:18] TRADE MATCHED: Ticker: SUNPHARMA | Buy Order: 6090 | Sell Order: 5953 | Price: ₹1064.34 | Qty: 10 | Total: ₹10643.40
[2026-07-10 23:16:18] TRADE MATCHED: Ticker: SUNPHARMA | Buy Order: 6090 | Sell Order: 5608 | Price: ₹1064.50 | Qty: 1 | Total: ₹1064.50
[2026-07-10 23:16:21] TRADE MATCHED: Ticker: TCS | Buy Order: 6092 | Sell Order: 6076 | Price: ₹3205.28 | Qty: 2 | Total: ₹6410.56
[2026-07-10 23:16:27] TRADE MATCHED: Ticker: TCS | Buy Order: 6060 | Sell Order: 6097 | Price: ₹3195.11 | Qty: 4 | Total: ₹12780.44
[2026-07-10 23:16:27] TRADE MATCHED: Ticker: TCS | Buy Order: 5973 | Sell Order: 6097 | Price: ₹3173.54 | Qty: 2 | Total: ₹6347.08
[2026-07-10 23:16:30] TRADE MATCHED: Ticker: SUNPHARMA | Buy Order: 6072 | Sell Order: 6099 | Price: ₹1061.39 | Qty: 4 | Total: ₹4245.56
[2026-07-10 23:16:30] TRADE MATCHED: Ticker: SUNPHARMA | Buy Order: 6086 | Sell Order: 6099 | Price: ₹1061.29 | Qty: 2 | Total: ₹2122.58
[2026-07-10 23:16:30] TRADE MATCHED: Ticker: SUNPHARMA | Buy Order: 6080 | Sell Order: 6099 | Price: ₹1057.02 | Qty: 7 | Total: ₹7399.14
[2026-07-10 23:16:33] TRADE MATCHED: Ticker: HDFCBANK | Buy Order: 3552 | Sell Order: 6101 | Price: ₹1574.41 | Qty: 3 | Total: ₹4723.23
[2026-07-10 23:16:33] TRADE MATCHED: Ticker: HDFCBANK | Buy Order: 5792 | Sell Order: 6101 | Price: ₹1574.38 | Qty: 9 | Total: ₹14169.42
[2026-07-10 23:16:34] TRADE MATCHED: Ticker: HDFCBANK | Buy Order: 5792 | Sell Order: 6103 | Price: ₹1574.38 | Qty: 1 | Total: ₹1574.38
[2026-07-10 23:16:34] TRADE MATCHED: Ticker: HDFCBANK | Buy Order: 4918 | Sell Order: 6103 | Price: ₹1574.28 | Qty: 6 | Total: ₹9445.68
[2026-07-10 23:16:42] TRADE MATCHED: Ticker: TCS | Buy Order: 6108 | Sell Order: 6107 | Price: ₹3174.21 | Qty: 8 | Total: ₹25393.68
[2026-07-10 23:16:49] TRADE MATCHED: Ticker: TCS | Buy Order: 6108 | Sell Order: 6113 | Price: ₹3182.77 | Qty: 2 | Total: ₹6365.54
[2026-07-10 23:16:57] TRADE MATCHED: Ticker: SUNPHARMA | Buy Order: 6080 | Sell Order: 6120 | Price: ₹1057.02 | Qty: 5 | Total: ₹5285.10
[2026-07-10 23:16:57] TRADE MATCHED: Ticker: SUNPHARMA | Buy Order: 6024 | Sell Order: 6120 | Price: ₹1055.76 | Qty: 5 | Total: ₹5278.80
[2026-07-10 23:16:57] TRADE MATCHED: Ticker: SUNPHARMA | Buy Order: 6018 | Sell Order: 6120 | Price: ₹1053.75 | Qty: 4 | Total: ₹4215.00
[2026-07-10 23:17:02] TRADE MATCHED: Ticker: SUNPHARMA | Buy Order: 6018 | Sell Order: 6124 | Price: ₹1053.75 | Qty: 5 | Total: ₹5268.75
[2026-07-10 23:17:02] TRADE MATCHED: Ticker: SUNPHARMA | Buy Order: 6043 | Sell Order: 6124 | Price: ₹1053.65 | Qty: 10 | Total: ₹10536.50
[2026-07-10 23:17:04] TRADE MATCHED: Ticker: SUNPHARMA | Buy Order: 6043 | Sell Order: 6125 | Price: ₹1053.65 | Qty: 1 | Total: ₹1053.65
[2026-07-10 23:17:04] TRADE MATCHED: Ticker: SUNPHARMA | Buy Order: 6079 | Sell Order: 6125 | Price: ₹1053.30 | Qty: 2 | Total: ₹2106.60
[2026-07-10 23:17:04] TRADE MATCHED: Ticker: SUNPHARMA | Buy Order: 5933 | Sell Order: 6125 | Price: ₹1052.83 | Qty: 11 | Total: ₹11581.13
[2026-07-10 23:17:04] TRADE MATCHED: Ticker: HDFCBANK | Buy Order: 4918 | Sell Order: 6126 | Price: ₹1574.28 | Qty: 1 | Total: ₹1574.28
[2026-07-10 23:17:07] TRADE MATCHED: Ticker: TATAMOTORS | Buy Order: 6128 | Sell Order: 6082 | Price: ₹641.74 | Qty: 1 | Total: ₹641.74
[2026-07-10 23:17:07] TRADE MATCHED: Ticker: TATAMOTORS | Buy Order: 6128 | Sell Order: 6111 | Price: ₹642.71 | Qty: 7 | Total: ₹4498.97
[2026-07-10 23:17:09] TRADE MATCHED: Ticker: HDFCBANK | Buy Order: 6131 | Sell Order: 6096 | Price: ₹1574.68 | Qty: 11 | Total: ₹17321.48
[2026-07-10 23:17:13] TRADE MATCHED: Ticker: TATAMOTORS | Buy Order: 6102 | Sell Order: 6132 | Price: ₹641.60 | Qty: 2 | Total: ₹1283.20
[2026-07-10 23:17:15] TRADE MATCHED: Ticker: HDFCBANK | Buy Order: 6131 | Sell Order: 6134 | Price: ₹1581.70 | Qty: 4 | Total: ₹6326.80
[2026-07-10 23:17:15] TRADE MATCHED: Ticker: HDFCBANK | Buy Order: 4918 | Sell Order: 6134 | Price: ₹1574.28 | Qty: 3 | Total: ₹4722.84
[2026-07-10 23:17:15] TRADE MATCHED: Ticker: RELIANCE | Buy Order: 6135 | Sell Order: 6053 | Price: ₹2282.18 | Qty: 4 | Total: ₹9128.72
[2026-07-10 23:17:17] TRADE MATCHED: Ticker: HDFCBANK | Buy Order: 6136 | Sell Order: 6088 | Price: ₹1582.65 | Qty: 4 | Total: ₹6330.60
[2026-07-10 23:17:20] TRADE MATCHED: Ticker: TATAMOTORS | Buy Order: 6102 | Sell Order: 6138 | Price: ₹641.60 | Qty: 4 | Total: ₹2566.40
[2026-07-10 23:17:20] TRADE MATCHED: Ticker: TATAMOTORS | Buy Order: 6122 | Sell Order: 6138 | Price: ₹640.46 | Qty: 10 | Total: ₹6404.60
[2026-07-10 23:17:23] TRADE MATCHED: Ticker: RELIANCE | Buy Order: 6091 | Sell Order: 6141 | Price: ₹2275.79 | Qty: 6 | Total: ₹13654.74
[2026-07-10 23:17:26] TRADE MATCHED: Ticker: TCS | Buy Order: 6144 | Sell Order: 6112 | Price: ₹3196.96 | Qty: 4 | Total: ₹12787.84
[2026-07-10 23:17:26] TRADE MATCHED: Ticker: TCS | Buy Order: 6144 | Sell Order: 6121 | Price: ₹3202.15 | Qty: 4 | Total: ₹12808.60
[2026-07-10 23:17:30] TRADE MATCHED: Ticker: TATAMOTORS | Buy Order: 6147 | Sell Order: 6111 | Price: ₹642.71 | Qty: 4 | Total: ₹2570.84
[2026-07-10 23:17:36] TRADE MATCHED: Ticker: HDFCBANK | Buy Order: 6145 | Sell Order: 6151 | Price: ₹1579.73 | Qty: 10 | Total: ₹15797.30
[2026-07-10 23:17:39] TRADE MATCHED: Ticker: RELIANCE | Buy Order: 6153 | Sell Order: 6141 | Price: ₹2275.11 | Qty: 9 | Total: ₹20475.99
[2026-07-10 23:17:39] TRADE MATCHED: Ticker: RELIANCE | Buy Order: 6153 | Sell Order: 6053 | Price: ₹2282.18 | Qty: 3 | Total: ₹6846.54
[2026-07-10 23:17:39] TRADE MATCHED: Ticker: RELIANCE | Buy Order: 6153 | Sell Order: 6062 | Price: ₹2282.73 | Qty: 2 | Total: ₹4565.46
[2026-07-10 23:17:40] TRADE MATCHED: Ticker: HDFCBANK | Buy Order: 6145 | Sell Order: 6154 | Price: ₹1579.73 | Qty: 4 | Total: ₹6318.92
[2026-07-10 23:17:40] TRADE MATCHED: Ticker: HDFCBANK | Buy Order: 6152 | Sell Order: 6154 | Price: ₹1578.83 | Qty: 7 | Total: ₹11051.81
[2026-07-10 23:17:41] TRADE MATCHED: Ticker: TATAMOTORS | Buy Order: 6139 | Sell Order: 6155 | Price: ₹641.48 | Qty: 4 | Total: ₹2565.92
[2026-07-10 23:17:44] TRADE MATCHED: Ticker: HDFCBANK | Buy Order: 6159 | Sell Order: 6088 | Price: ₹1582.65 | Qty: 6 | Total: ₹9495.90
[2026-07-10 23:17:44] TRADE MATCHED: Ticker: HDFCBANK | Buy Order: 6159 | Sell Order: 6143 | Price: ₹1594.58 | Qty: 4 | Total: ₹6378.32
[2026-07-10 23:17:46] TRADE MATCHED: Ticker: HDFCBANK | Buy Order: 6159 | Sell Order: 6161 | Price: ₹1596.14 | Qty: 2 | Total: ₹3192.28
[2026-07-10 23:17:46] TRADE MATCHED: Ticker: HDFCBANK | Buy Order: 6152 | Sell Order: 6161 | Price: ₹1578.83 | Qty: 8 | Total: ₹12630.64
[2026-07-10 23:17:48] TRADE MATCHED: Ticker: SUNPHARMA | Buy Order: 6162 | Sell Order: 6123 | Price: ₹1056.59 | Qty: 13 | Total: ₹13735.67
[2026-07-10 23:17:56] TRADE MATCHED: Ticker: TATAMOTORS | Buy Order: 6168 | Sell Order: 6111 | Price: ₹642.71 | Qty: 3 | Total: ₹1928.13
[2026-07-10 23:17:56] TRADE MATCHED: Ticker: TATAMOTORS | Buy Order: 6168 | Sell Order: 6087 | Price: ₹642.73 | Qty: 3 | Total: ₹1928.19
[2026-07-10 23:18:00] TRADE MATCHED: Ticker: SUNPHARMA | Buy Order: 6133 | Sell Order: 6170 | Price: ₹1056.00 | Qty: 4 | Total: ₹4224.00
[2026-07-10 23:18:00] TRADE MATCHED: Ticker: HDFCBANK | Buy Order: 4918 | Sell Order: 6171 | Price: ₹1574.28 | Qty: 3 | Total: ₹4722.84
[2026-07-10 23:18:02] TRADE MATCHED: Ticker: RELIANCE | Buy Order: 6172 | Sell Order: 6062 | Price: ₹2282.73 | Qty: 11 | Total: ₹25110.03
[2026-07-10 23:18:02] TRADE MATCHED: Ticker: RELIANCE | Buy Order: 6172 | Sell Order: 6081 | Price: ₹2292.97 | Qty: 3 | Total: ₹6878.91
[2026-07-10 23:18:02] TRADE MATCHED: Ticker: RELIANCE | Buy Order: 6172 | Sell Order: 4519 | Price: ₹2295.78 | Qty: 1 | Total: ₹2295.78
[2026-07-10 23:18:07] TRADE MATCHED: Ticker: SUNPHARMA | Buy Order: 6133 | Sell Order: 6176 | Price: ₹1056.00 | Qty: 2 | Total: ₹2112.00
[2026-07-10 23:18:08] TRADE MATCHED: Ticker: SUNPHARMA | Buy Order: 5933 | Sell Order: 6176 | Price: ₹1052.83 | Qty: 2 | Total: ₹2105.66
[2026-07-10 23:18:08] TRADE MATCHED: Ticker: SUNPHARMA | Buy Order: 6089 | Sell Order: 6176 | Price: ₹1050.03 | Qty: 2 | Total: ₹2100.06
[2026-07-10 23:18:08] TRADE MATCHED: Ticker: TATAMOTORS | Buy Order: 6177 | Sell Order: 6087 | Price: ₹642.73 | Qty: 2 | Total: ₹1285.46
[2026-07-10 23:18:08] TRADE MATCHED: Ticker: TATAMOTORS | Buy Order: 6177 | Sell Order: 6157 | Price: ₹643.33 | Qty: 3 | Total: ₹1929.99
[2026-07-10 23:18:12] TRADE MATCHED: Ticker: SUNPHARMA | Buy Order: 6180 | Sell Order: 6123 | Price: ₹1056.59 | Qty: 1 | Total: ₹1056.59
[2026-07-10 23:18:12] TRADE MATCHED: Ticker: SUNPHARMA | Buy Order: 6180 | Sell Order: 6115 | Price: ₹1059.26 | Qty: 4 | Total: ₹4237.04
[2026-07-10 23:18:14] TRADE MATCHED: Ticker: HDFCBANK | Buy Order: 4575 | Sell Order: 6181 | Price: ₹1574.21 | Qty: 4 | Total: ₹6296.84
[2026-07-10 23:18:16] TRADE MATCHED: Ticker: TCS | Buy Order: 6184 | Sell Order: 6121 | Price: ₹3202.15 | Qty: 2 | Total: ₹6404.30
[2026-07-10 23:18:19] TRADE MATCHED: Ticker: TATAMOTORS | Buy Order: 6160 | Sell Order: 6185 | Price: ₹642.64 | Qty: 6 | Total: ₹3855.84
[2026-07-10 23:18:20] TRADE MATCHED: Ticker: RELIANCE | Buy Order: 6116 | Sell Order: 6187 | Price: ₹2274.71 | Qty: 7 | Total: ₹15922.97
[2026-07-10 23:18:20] TRADE MATCHED: Ticker: RELIANCE | Buy Order: 5984 | Sell Order: 6187 | Price: ₹2268.67 | Qty: 3 | Total: ₹6806.01
[2026-07-10 23:18:20] TRADE MATCHED: Ticker: RELIANCE | Buy Order: 3698 | Sell Order: 6187 | Price: ₹2260.51 | Qty: 3 | Total: ₹6781.53
[2026-07-10 23:18:21] TRADE MATCHED: Ticker: RELIANCE | Buy Order: 3668 | Sell Order: 6187 | Price: ₹2260.42 | Qty: 1 | Total: ₹2260.42
[2026-07-10 23:18:21] TRADE MATCHED: Ticker: TCS | Buy Order: 6188 | Sell Order: 6121 | Price: ₹3202.15 | Qty: 3 | Total: ₹9606.45
[2026-07-10 23:18:24] TRADE MATCHED: Ticker: RELIANCE | Buy Order: 6189 | Sell Order: 4761 | Price: ₹2295.80 | Qty: 2 | Total: ₹4591.60
[2026-07-10 23:18:24] TRADE MATCHED: Ticker: TATAMOTORS | Buy Order: 6191 | Sell Order: 6157 | Price: ₹643.33 | Qty: 7 | Total: ₹4503.31
[2026-07-10 23:18:24] TRADE MATCHED: Ticker: TATAMOTORS | Buy Order: 6191 | Sell Order: 3366 | Price: ₹645.92 | Qty: 1 | Total: ₹645.92
[2026-07-10 23:18:24] TRADE MATCHED: Ticker: TATAMOTORS | Buy Order: 6191 | Sell Order: 2772 | Price: ₹645.96 | Qty: 5 | Total: ₹3229.80
[2026-07-10 23:18:30] TRADE MATCHED: Ticker: HDFCBANK | Buy Order: 6182 | Sell Order: 6195 | Price: ₹1579.54 | Qty: 6 | Total: ₹9477.24
[2026-07-10 23:18:35] TRADE MATCHED: Ticker: HDFCBANK | Buy Order: 6182 | Sell Order: 6199 | Price: ₹1579.54 | Qty: 5 | Total: ₹7897.70
[2026-07-10 23:18:35] TRADE MATCHED: Ticker: SUNPHARMA | Buy Order: 6200 | Sell Order: 6156 | Price: ₹1059.36 | Qty: 2 | Total: ₹2118.72
[2026-07-10 23:18:43] TRADE MATCHED: Ticker: SUNPHARMA | Buy Order: 6205 | Sell Order: 6206 | Price: ₹1059.02 | Qty: 7 | Total: ₹7413.14
[2026-07-10 23:18:45] TRADE MATCHED: Ticker: RELIANCE | Buy Order: 6208 | Sell Order: 6204 | Price: ₹2288.49 | Qty: 2 | Total: ₹4576.98
[2026-07-10 23:18:50] TRADE MATCHED: Ticker: TCS | Buy Order: 6212 | Sell Order: 6076 | Price: ₹3205.28 | Qty: 3 | Total: ₹9615.84
[2026-07-10 23:18:50] TRADE MATCHED: Ticker: TCS | Buy Order: 6212 | Sell Order: 6173 | Price: ₹3207.82 | Qty: 3 | Total: ₹9623.46
[2026-07-10 23:18:53] TRADE MATCHED: Ticker: TATAMOTORS | Buy Order: 6215 | Sell Order: 6198 | Price: ₹645.44 | Qty: 13 | Total: ₹8390.72
[2026-07-10 23:18:53] TRADE MATCHED: Ticker: TATAMOTORS | Buy Order: 6215 | Sell Order: 2772 | Price: ₹645.96 | Qty: 1 | Total: ₹645.96
[2026-07-10 23:18:55] TRADE MATCHED: Ticker: TATAMOTORS | Buy Order: 6216 | Sell Order: 2772 | Price: ₹645.96 | Qty: 1 | Total: ₹645.96
[2026-07-10 23:18:55] TRADE MATCHED: Ticker: TATAMOTORS | Buy Order: 6216 | Sell Order: 4883 | Price: ₹646.02 | Qty: 8 | Total: ₹5168.16
[2026-07-10 23:18:55] TRADE MATCHED: Ticker: TATAMOTORS | Buy Order: 6216 | Sell Order: 5315 | Price: ₹646.11 | Qty: 3 | Total: ₹1938.33
[2026-07-10 23:18:55] TRADE MATCHED: Ticker: SUNPHARMA | Buy Order: 6217 | Sell Order: 6210 | Price: ₹1059.18 | Qty: 9 | Total: ₹9532.62
[2026-07-10 23:19:02] TRADE MATCHED: Ticker: RELIANCE | Buy Order: 6222 | Sell Order: 6219 | Price: ₹2284.13 | Qty: 2 | Total: ₹4568.26
[2026-07-10 23:19:03] TRADE MATCHED: Ticker: HDFCBANK | Buy Order: 6182 | Sell Order: 6223 | Price: ₹1579.54 | Qty: 2 | Total: ₹3159.08
[2026-07-10 23:19:03] TRADE MATCHED: Ticker: HDFCBANK | Buy Order: 4575 | Sell Order: 6223 | Price: ₹1574.21 | Qty: 2 | Total: ₹3148.42
[2026-07-10 23:19:03] TRADE MATCHED: Ticker: HDFCBANK | Buy Order: 3555 | Sell Order: 6223 | Price: ₹1573.86 | Qty: 1 | Total: ₹1573.86
[2026-07-10 23:19:08] TRADE MATCHED: Ticker: TCS | Buy Order: 6227 | Sell Order: 6173 | Price: ₹3207.82 | Qty: 3 | Total: ₹9623.46
[2026-07-10 23:19:09] TRADE MATCHED: Ticker: HDFCBANK | Buy Order: 6228 | Sell Order: 6190 | Price: ₹1585.70 | Qty: 10 | Total: ₹15857.00
[2026-07-10 23:19:14] TRADE MATCHED: Ticker: TCS | Buy Order: 6234 | Sell Order: 6173 | Price: ₹3207.82 | Qty: 7 | Total: ₹22454.74
[2026-07-10 23:19:14] TRADE MATCHED: Ticker: TCS | Buy Order: 6234 | Sell Order: 5500 | Price: ₹3209.69 | Qty: 2 | Total: ₹6419.38
[2026-07-10 23:19:15] TRADE MATCHED: Ticker: SUNPHARMA | Buy Order: 6205 | Sell Order: 6235 | Price: ₹1059.02 | Qty: 6 | Total: ₹6354.12
[2026-07-10 23:19:15] TRADE MATCHED: Ticker: SUNPHARMA | Buy Order: 6089 | Sell Order: 6235 | Price: ₹1050.03 | Qty: 3 | Total: ₹3150.09
[2026-07-10 23:19:16] TRADE MATCHED: Ticker: SUNPHARMA | Buy Order: 6236 | Sell Order: 6210 | Price: ₹1059.18 | Qty: 5 | Total: ₹5295.90
[2026-07-10 23:19:16] TRADE MATCHED: Ticker: SUNPHARMA | Buy Order: 6236 | Sell Order: 6156 | Price: ₹1059.36 | Qty: 2 | Total: ₹2118.72
[2026-07-10 23:19:17] TRADE MATCHED: Ticker: TCS | Buy Order: 6207 | Sell Order: 6237 | Price: ₹3200.81 | Qty: 5 | Total: ₹16004.05
[2026-07-10 23:19:17] TRADE MATCHED: Ticker: TCS | Buy Order: 6167 | Sell Order: 6237 | Price: ₹3200.17 | Qty: 9 | Total: ₹28801.53
[2026-07-10 23:19:26] TRADE MATCHED: Ticker: SUNPHARMA | Buy Order: 6244 | Sell Order: 6239 | Price: ₹1064.20 | Qty: 4 | Total: ₹4256.80
[2026-07-10 23:19:26] TRADE MATCHED: Ticker: HDFCBANK | Buy Order: 6245 | Sell Order: 6166 | Price: ₹1589.74 | Qty: 1 | Total: ₹1589.74
[2026-07-10 23:19:27] TRADE MATCHED: Ticker: TCS | Buy Order: 6246 | Sell Order: 5500 | Price: ₹3209.69 | Qty: 5 | Total: ₹16048.45
[2026-07-10 23:19:27] TRADE MATCHED: Ticker: TCS | Buy Order: 6246 | Sell Order: 5954 | Price: ₹3209.74 | Qty: 7 | Total: ₹22468.18
[2026-07-10 23:19:31] TRADE MATCHED: Ticker: TCS | Buy Order: 6249 | Sell Order: 5954 | Price: ₹3209.74 | Qty: 5 | Total: ₹16048.70
[2026-07-10 23:19:34] TRADE MATCHED: Ticker: HDFCBANK | Buy Order: 3555 | Sell Order: 6251 | Price: ₹1573.86 | Qty: 11 | Total: ₹17312.46
[2026-07-10 23:19:34] TRADE MATCHED: Ticker: HDFCBANK | Buy Order: 4769 | Sell Order: 6251 | Price: ₹1573.63 | Qty: 2 | Total: ₹3147.26
[2026-07-10 23:19:36] TRADE MATCHED: Ticker: SUNPHARMA | Buy Order: 6252 | Sell Order: 6239 | Price: ₹1064.20 | Qty: 4 | Total: ₹4256.80
[2026-07-10 23:19:36] TRADE MATCHED: Ticker: HDFCBANK | Buy Order: 6253 | Sell Order: 6248 | Price: ₹1584.51 | Qty: 7 | Total: ₹11091.57
[2026-07-10 23:19:39] TRADE MATCHED: Ticker: SUNPHARMA | Buy Order: 6255 | Sell Order: 6239 | Price: ₹1064.20 | Qty: 4 | Total: ₹4256.80
[2026-07-10 23:19:41] TRADE MATCHED: Ticker: TCS | Buy Order: 6257 | Sell Order: 5954 | Price: ₹3209.74 | Qty: 1 | Total: ₹3209.74
[2026-07-10 23:19:41] TRADE MATCHED: Ticker: TCS | Buy Order: 6257 | Sell Order: 2955 | Price: ₹3210.14 | Qty: 11 | Total: ₹35311.54
[2026-07-10 23:19:44] TRADE MATCHED: Ticker: RELIANCE | Buy Order: 6260 | Sell Order: 6219 | Price: ₹2284.13 | Qty: 5 | Total: ₹11420.65
[2026-07-10 23:19:44] TRADE MATCHED: Ticker: RELIANCE | Buy Order: 6260 | Sell Order: 6204 | Price: ₹2288.49 | Qty: 7 | Total: ₹16019.43
[2026-07-10 23:19:48] TRADE MATCHED: Ticker: RELIANCE | Buy Order: 6262 | Sell Order: 6204 | Price: ₹2288.49 | Qty: 6 | Total: ₹13730.94
[2026-07-10 23:19:49] TRADE MATCHED: Ticker: TATAMOTORS | Buy Order: 6254 | Sell Order: 6264 | Price: ₹645.76 | Qty: 5 | Total: ₹3228.80
[2026-07-10 23:19:49] TRADE MATCHED: Ticker: TATAMOTORS | Buy Order: 6221 | Sell Order: 6264 | Price: ₹643.81 | Qty: 5 | Total: ₹3219.05
[2026-07-10 23:19:52] TRADE MATCHED: Ticker: RELIANCE | Buy Order: 6250 | Sell Order: 6265 | Price: ₹2272.62 | Qty: 2 | Total: ₹4545.24
[2026-07-10 23:19:53] TRADE MATCHED: Ticker: SUNPHARMA | Buy Order: 6267 | Sell Order: 6239 | Price: ₹1064.20 | Qty: 2 | Total: ₹2128.40
[2026-07-10 23:19:53] TRADE MATCHED: Ticker: SUNPHARMA | Buy Order: 6267 | Sell Order: 5608 | Price: ₹1064.50 | Qty: 4 | Total: ₹4258.00
[2026-07-10 23:19:53] TRADE MATCHED: Ticker: SUNPHARMA | Buy Order: 6267 | Sell Order: 6247 | Price: ₹1064.77 | Qty: 8 | Total: ₹8518.16
[2026-07-10 23:19:56] TRADE MATCHED: Ticker: SUNPHARMA | Buy Order: 6236 | Sell Order: 6268 | Price: ₹1061.66 | Qty: 1 | Total: ₹1061.66
[2026-07-10 23:19:56] TRADE MATCHED: Ticker: SUNPHARMA | Buy Order: 6263 | Sell Order: 6268 | Price: ₹1059.05 | Qty: 12 | Total: ₹12708.60
[2026-07-10 23:19:56] TRADE MATCHED: Ticker: SUNPHARMA | Buy Order: 6089 | Sell Order: 6268 | Price: ₹1050.03 | Qty: 1 | Total: ₹1050.03
[2026-07-10 23:20:04] TRADE MATCHED: Ticker: SUNPHARMA | Buy Order: 6272 | Sell Order: 6275 | Price: ₹1059.34 | Qty: 7 | Total: ₹7415.38
[2026-07-10 23:20:04] TRADE MATCHED: Ticker: SUNPHARMA | Buy Order: 6274 | Sell Order: 6275 | Price: ₹1058.10 | Qty: 1 | Total: ₹1058.10
[2026-07-10 23:20:13] TRADE MATCHED: Ticker: RELIANCE | Buy Order: 6226 | Sell Order: 6282 | Price: ₹2270.15 | Qty: 1 | Total: ₹2270.15
[2026-07-10 23:20:13] TRADE MATCHED: Ticker: RELIANCE | Buy Order: 3668 | Sell Order: 6282 | Price: ₹2260.42 | Qty: 7 | Total: ₹15822.94
[2026-07-10 23:20:14] TRADE MATCHED: Ticker: RELIANCE | Buy Order: 4046 | Sell Order: 6282 | Price: ₹2260.23 | Qty: 2 | Total: ₹4520.46
[2026-07-10 23:20:14] TRADE MATCHED: Ticker: RELIANCE | Buy Order: 3261 | Sell Order: 6282 | Price: ₹2260.08 | Qty: 4 | Total: ₹9040.32
[2026-07-10 23:20:18] TRADE MATCHED: Ticker: SUNPHARMA | Buy Order: 6284 | Sell Order: 6247 | Price: ₹1064.77 | Qty: 3 | Total: ₹3194.31
[2026-07-10 23:20:18] TRADE MATCHED: Ticker: SUNPHARMA | Buy Order: 6284 | Sell Order: 5633 | Price: ₹1064.86 | Qty: 5 | Total: ₹5324.30
[2026-07-10 23:20:18] TRADE MATCHED: Ticker: HDFCBANK | Buy Order: 6286 | Sell Order: 6248 | Price: ₹1584.51 | Qty: 8 | Total: ₹12676.08
[2026-07-10 23:20:20] TRADE MATCHED: Ticker: RELIANCE | Buy Order: 3261 | Sell Order: 6287 | Price: ₹2260.08 | Qty: 2 | Total: ₹4520.16
[2026-07-10 23:20:20] TRADE MATCHED: Ticker: RELIANCE | Buy Order: 3263 | Sell Order: 6287 | Price: ₹2259.90 | Qty: 11 | Total: ₹24858.90
[2026-07-10 23:20:20] TRADE MATCHED: Ticker: RELIANCE | Buy Order: 3105 | Sell Order: 6287 | Price: ₹2259.40 | Qty: 1 | Total: ₹2259.40
[2026-07-10 23:20:23] TRADE MATCHED: Ticker: SUNPHARMA | Buy Order: 6279 | Sell Order: 6289 | Price: ₹1064.30 | Qty: 3 | Total: ₹3192.90
[2026-07-10 23:20:23] TRADE MATCHED: Ticker: SUNPHARMA | Buy Order: 6279 | Sell Order: 6290 | Price: ₹1064.30 | Qty: 5 | Total: ₹5321.50
[2026-07-10 23:20:24] TRADE MATCHED: Ticker: HDFCBANK | Buy Order: 6291 | Sell Order: 6166 | Price: ₹1589.74 | Qty: 8 | Total: ₹12717.92
[2026-07-10 23:20:24] TRADE MATCHED: Ticker: HDFCBANK | Buy Order: 6291 | Sell Order: 6266 | Price: ₹1597.09 | Qty: 5 | Total: ₹7985.45
[2026-07-10 23:20:27] TRADE MATCHED: Ticker: TATAMOTORS | Buy Order: 6221 | Sell Order: 6294 | Price: ₹643.81 | Qty: 9 | Total: ₹5794.29
[2026-07-10 23:20:27] TRADE MATCHED: Ticker: TATAMOTORS | Buy Order: 6160 | Sell Order: 6294 | Price: ₹642.64 | Qty: 3 | Total: ₹1927.92
[2026-07-10 23:20:31] TRADE MATCHED: Ticker: TATAMOTORS | Buy Order: 6160 | Sell Order: 6298 | Price: ₹642.64 | Qty: 6 | Total: ₹3855.84
[2026-07-10 23:20:31] TRADE MATCHED: Ticker: TATAMOTORS | Buy Order: 6240 | Sell Order: 6298 | Price: ₹642.26 | Qty: 1 | Total: ₹642.26
[2026-07-10 23:20:32] TRADE MATCHED: Ticker: SUNPHARMA | Buy Order: 6279 | Sell Order: 6299 | Price: ₹1064.30 | Qty: 7 | Total: ₹7450.10
[2026-07-10 23:20:32] TRADE MATCHED: Ticker: SUNPHARMA | Buy Order: 6285 | Sell Order: 6299 | Price: ₹1062.34 | Qty: 3 | Total: ₹3187.02
[2026-07-10 23:20:32] TRADE MATCHED: Ticker: SUNPHARMA | Buy Order: 6296 | Sell Order: 6299 | Price: ₹1054.88 | Qty: 1 | Total: ₹1054.88
[2026-07-10 23:20:35] TRADE MATCHED: Ticker: SUNPHARMA | Buy Order: 6301 | Sell Order: 5633 | Price: ₹1064.86 | Qty: 4 | Total: ₹4259.44
[2026-07-10 23:20:35] TRADE MATCHED: Ticker: SUNPHARMA | Buy Order: 6301 | Sell Order: 6074 | Price: ₹1064.86 | Qty: 3 | Total: ₹3194.58
[2026-07-10 23:20:37] TRADE MATCHED: Ticker: HDFCBANK | Buy Order: 6302 | Sell Order: 6266 | Price: ₹1597.09 | Qty: 4 | Total: ₹6388.36
[2026-07-10 23:20:39] TRADE MATCHED: Ticker: TATAMOTORS | Buy Order: 6240 | Sell Order: 6305 | Price: ₹642.26 | Qty: 11 | Total: ₹7064.86
[2026-07-10 23:20:39] TRADE MATCHED: Ticker: TATAMOTORS | Buy Order: 6280 | Sell Order: 6305 | Price: ₹641.66 | Qty: 1 | Total: ₹641.66
[2026-07-10 23:20:41] TRADE MATCHED: Ticker: HDFCBANK | Buy Order: 6286 | Sell Order: 6306 | Price: ₹1585.18 | Qty: 5 | Total: ₹7925.90
[2026-07-10 23:20:41] TRADE MATCHED: Ticker: HDFCBANK | Buy Order: 4769 | Sell Order: 6306 | Price: ₹1573.63 | Qty: 1 | Total: ₹1573.63
[2026-07-10 23:20:42] TRADE MATCHED: Ticker: RELIANCE | Buy Order: 3105 | Sell Order: 6308 | Price: ₹2259.40 | Qty: 6 | Total: ₹13556.40
[2026-07-10 23:20:42] TRADE MATCHED: Ticker: TCS | Buy Order: 6307 | Sell Order: 2955 | Price: ₹3210.14 | Qty: 2 | Total: ₹6420.28
[2026-07-10 23:20:42] TRADE MATCHED: Ticker: TCS | Buy Order: 6307 | Sell Order: 5371 | Price: ₹3210.45 | Qty: 6 | Total: ₹19262.70
[2026-07-10 23:20:42] TRADE MATCHED: Ticker: TCS | Buy Order: 6307 | Sell Order: 4740 | Price: ₹3210.93 | Qty: 3 | Total: ₹9632.79
[2026-07-10 23:20:45] TRADE MATCHED: Ticker: RELIANCE | Buy Order: 3105 | Sell Order: 6309 | Price: ₹2259.40 | Qty: 2 | Total: ₹4518.80
[2026-07-10 23:20:45] TRADE MATCHED: Ticker: RELIANCE | Buy Order: 2257 | Sell Order: 6309 | Price: ₹2259.30 | Qty: 11 | Total: ₹24852.30
[2026-07-10 23:20:45] TRADE MATCHED: Ticker: RELIANCE | Buy Order: 6310 | Sell Order: 6300 | Price: ₹2260.82 | Qty: 14 | Total: ₹31651.48
[2026-07-10 23:20:46] TRADE MATCHED: Ticker: TATAMOTORS | Buy Order: 6280 | Sell Order: 6311 | Price: ₹641.66 | Qty: 9 | Total: ₹5774.94
[2026-07-10 23:20:47] TRADE MATCHED: Ticker: TATAMOTORS | Buy Order: 6139 | Sell Order: 6311 | Price: ₹641.48 | Qty: 4 | Total: ₹2565.92
[2026-07-10 23:20:47] TRADE MATCHED: Ticker: SUNPHARMA | Buy Order: 6312 | Sell Order: 6074 | Price: ₹1064.86 | Qty: 3 | Total: ₹3194.58
[2026-07-10 23:20:47] TRADE MATCHED: Ticker: SUNPHARMA | Buy Order: 6312 | Sell Order: 5553 | Price: ₹1066.05 | Qty: 2 | Total: ₹2132.10
[2026-07-10 23:20:57] TRADE MATCHED: Ticker: SUNPHARMA | Buy Order: 6296 | Sell Order: 6319 | Price: ₹1054.88 | Qty: 6 | Total: ₹6329.28
[2026-07-10 23:20:58] TRADE MATCHED: Ticker: TATAMOTORS | Buy Order: 6139 | Sell Order: 6321 | Price: ₹641.48 | Qty: 1 | Total: ₹641.48
[2026-07-10 23:20:59] TRADE MATCHED: Ticker: TATAMOTORS | Buy Order: 6178 | Sell Order: 6321 | Price: ₹640.68 | Qty: 5 | Total: ₹3203.40
[2026-07-10 23:21:02] TRADE MATCHED: Ticker: TATAMOTORS | Buy Order: 6323 | Sell Order: 5315 | Price: ₹646.11 | Qty: 10 | Total: ₹6461.10
[2026-07-10 23:21:05] TRADE MATCHED: Ticker: RELIANCE | Buy Order: 2257 | Sell Order: 6326 | Price: ₹2259.30 | Qty: 2 | Total: ₹4518.60
[2026-07-10 23:21:05] TRADE MATCHED: Ticker: RELIANCE | Buy Order: 2073 | Sell Order: 6326 | Price: ₹2259.25 | Qty: 4 | Total: ₹9037.00
[2026-07-10 23:21:05] TRADE MATCHED: Ticker: RELIANCE | Buy Order: 3892 | Sell Order: 6326 | Price: ₹2259.04 | Qty: 1 | Total: ₹2259.04
[2026-07-10 23:21:07] TRADE MATCHED: Ticker: RELIANCE | Buy Order: 3892 | Sell Order: 6327 | Price: ₹2259.04 | Qty: 10 | Total: ₹22590.40
[2026-07-10 23:21:07] TRADE MATCHED: Ticker: RELIANCE | Buy Order: 4988 | Sell Order: 6327 | Price: ₹2258.75 | Qty: 1 | Total: ₹2258.75
[2026-07-10 23:21:12] TRADE MATCHED: Ticker: RELIANCE | Buy Order: 4988 | Sell Order: 6330 | Price: ₹2258.75 | Qty: 3 | Total: ₹6776.25
[2026-07-10 23:21:12] TRADE MATCHED: Ticker: RELIANCE | Buy Order: 2998 | Sell Order: 6330 | Price: ₹2258.56 | Qty: 1 | Total: ₹2258.56
[2026-07-10 23:21:12] TRADE MATCHED: Ticker: RELIANCE | Buy Order: 5380 | Sell Order: 6330 | Price: ₹2258.38 | Qty: 7 | Total: ₹15808.66
[2026-07-10 23:21:13] TRADE MATCHED: Ticker: RELIANCE | Buy Order: 6331 | Sell Order: 6265 | Price: ₹2270.98 | Qty: 3 | Total: ₹6812.94
[2026-07-10 23:21:13] TRADE MATCHED: Ticker: SUNPHARMA | Buy Order: 6332 | Sell Order: 6319 | Price: ₹1052.54 | Qty: 5 | Total: ₹5262.70
[2026-07-10 23:21:15] TRADE MATCHED: Ticker: RELIANCE | Buy Order: 5380 | Sell Order: 6333 | Price: ₹2258.38 | Qty: 4 | Total: ₹9033.52
[2026-07-10 23:21:15] TRADE MATCHED: Ticker: RELIANCE | Buy Order: 4763 | Sell Order: 6333 | Price: ₹2258.08 | Qty: 5 | Total: ₹11290.40
[2026-07-10 23:21:18] TRADE MATCHED: Ticker: SUNPHARMA | Buy Order: 6336 | Sell Order: 5553 | Price: ₹1066.05 | Qty: 2 | Total: ₹2132.10
[2026-07-10 23:21:21] TRADE MATCHED: Ticker: TATAMOTORS | Buy Order: 6338 | Sell Order: 5315 | Price: ₹646.11 | Qty: 1 | Total: ₹646.11
[2026-07-10 23:21:21] TRADE MATCHED: Ticker: TATAMOTORS | Buy Order: 6338 | Sell Order: 5991 | Price: ₹646.18 | Qty: 3 | Total: ₹1938.54
[2026-07-10 23:21:22] TRADE MATCHED: Ticker: TCS | Buy Order: 6241 | Sell Order: 6339 | Price: ₹3207.02 | Qty: 12 | Total: ₹38484.24
[2026-07-10 23:21:22] TRADE MATCHED: Ticker: TCS | Buy Order: 6167 | Sell Order: 6339 | Price: ₹3200.17 | Qty: 2 | Total: ₹6400.34
[2026-07-10 23:21:24] TRADE MATCHED: Ticker: TATAMOTORS | Buy Order: 6322 | Sell Order: 6342 | Price: ₹645.61 | Qty: 3 | Total: ₹1936.83
[2026-07-10 23:21:24] TRADE MATCHED: Ticker: TATAMOTORS | Buy Order: 6122 | Sell Order: 6342 | Price: ₹640.46 | Qty: 3 | Total: ₹1921.38
[2026-07-10 23:21:24] TRADE MATCHED: Ticker: TATAMOTORS | Buy Order: 5877 | Sell Order: 6342 | Price: ₹639.95 | Qty: 5 | Total: ₹3199.75
[2026-07-10 23:21:24] TRADE MATCHED: Ticker: TATAMOTORS | Buy Order: 6211 | Sell Order: 6342 | Price: ₹639.67 | Qty: 1 | Total: ₹639.67
[2026-07-10 23:21:27] TRADE MATCHED: Ticker: HDFCBANK | Buy Order: 6313 | Sell Order: 6345 | Price: ₹1580.64 | Qty: 2 | Total: ₹3161.28
[2026-07-10 23:21:31] TRADE MATCHED: Ticker: TATAMOTORS | Buy Order: 6348 | Sell Order: 5991 | Price: ₹646.18 | Qty: 4 | Total: ₹2584.72
[2026-07-10 23:21:31] TRADE MATCHED: Ticker: TATAMOTORS | Buy Order: 6348 | Sell Order: 5696 | Price: ₹646.22 | Qty: 1 | Total: ₹646.22
[2026-07-10 23:21:35] TRADE MATCHED: Ticker: RELIANCE | Buy Order: 6352 | Sell Order: 6265 | Price: ₹2270.98 | Qty: 8 | Total: ₹18167.84
[2026-07-10 23:21:40] TRADE MATCHED: Ticker: RELIANCE | Buy Order: 6337 | Sell Order: 6356 | Price: ₹2259.15 | Qty: 5 | Total: ₹11295.75
[2026-07-10 23:21:40] TRADE MATCHED: Ticker: RELIANCE | Buy Order: 4763 | Sell Order: 6356 | Price: ₹2258.08 | Qty: 2 | Total: ₹4516.16
[2026-07-10 23:21:40] TRADE MATCHED: Ticker: RELIANCE | Buy Order: 4282 | Sell Order: 6356 | Price: ₹2258.07 | Qty: 2 | Total: ₹4516.14
[2026-07-10 23:21:43] TRADE MATCHED: Ticker: RELIANCE | Buy Order: 6358 | Sell Order: 6265 | Price: ₹2270.98 | Qty: 1 | Total: ₹2270.98
[2026-07-10 23:21:44] TRADE MATCHED: Ticker: RELIANCE | Buy Order: 6358 | Sell Order: 6335 | Price: ₹2276.49 | Qty: 5 | Total: ₹11382.45
[2026-07-10 23:21:45] TRADE MATCHED: Ticker: TATAMOTORS | Buy Order: 6360 | Sell Order: 5696 | Price: ₹646.22 | Qty: 10 | Total: ₹6462.20
[2026-07-10 23:21:50] TRADE MATCHED: Ticker: TCS | Buy Order: 6167 | Sell Order: 6362 | Price: ₹3200.17 | Qty: 3 | Total: ₹9600.51
[2026-07-10 23:21:50] TRADE MATCHED: Ticker: TCS | Buy Order: 6213 | Sell Order: 6362 | Price: ₹3199.27 | Qty: 1 | Total: ₹3199.27
[2026-07-10 23:21:50] TRADE MATCHED: Ticker: HDFCBANK | Buy Order: 6313 | Sell Order: 6363 | Price: ₹1580.64 | Qty: 3 | Total: ₹4741.92
[2026-07-10 23:21:51] TRADE MATCHED: Ticker: HDFCBANK | Buy Order: 6314 | Sell Order: 6363 | Price: ₹1579.78 | Qty: 2 | Total: ₹3159.56
[2026-07-10 23:21:52] TRADE MATCHED: Ticker: RELIANCE | Buy Order: 4282 | Sell Order: 6364 | Price: ₹2258.07 | Qty: 4 | Total: ₹9032.28
[2026-07-10 23:21:52] TRADE MATCHED: Ticker: RELIANCE | Buy Order: 3848 | Sell Order: 6364 | Price: ₹2257.93 | Qty: 5 | Total: ₹11289.65
[2026-07-10 23:21:52] TRADE MATCHED: Ticker: RELIANCE | Buy Order: 4419 | Sell Order: 6364 | Price: ₹2257.65 | Qty: 3 | Total: ₹6772.95
[2026-07-10 23:21:55] TRADE MATCHED: Ticker: TATAMOTORS | Buy Order: 6366 | Sell Order: 5696 | Price: ₹646.22 | Qty: 4 | Total: ₹2584.88
[2026-07-10 23:21:55] TRADE MATCHED: Ticker: TATAMOTORS | Buy Order: 6366 | Sell Order: 819 | Price: ₹646.26 | Qty: 9 | Total: ₹5816.34
[2026-07-10 23:21:55] TRADE MATCHED: Ticker: TATAMOTORS | Buy Order: 6366 | Sell Order: 5924 | Price: ₹646.34 | Qty: 2 | Total: ₹1292.68
[2026-07-10 23:21:57] TRADE MATCHED: Ticker: SUNPHARMA | Buy Order: 6368 | Sell Order: 6365 | Price: ₹1054.74 | Qty: 5 | Total: ₹5273.70
[2026-07-10 23:21:57] TRADE MATCHED: Ticker: SUNPHARMA | Buy Order: 6368 | Sell Order: 6346 | Price: ₹1065.55 | Qty: 8 | Total: ₹8524.40
[2026-07-10 23:22:00] TRADE MATCHED: Ticker: RELIANCE | Buy Order: 4419 | Sell Order: 6370 | Price: ₹2257.65 | Qty: 1 | Total: ₹2257.65
[2026-07-10 23:22:05] TRADE MATCHED: Ticker: TCS | Buy Order: 6376 | Sell Order: 6362 | Price: ₹3191.29 | Qty: 8 | Total: ₹25530.32
[2026-07-10 23:22:05] TRADE MATCHED: Ticker: TCS | Buy Order: 6376 | Sell Order: 6357 | Price: ₹3204.40 | Qty: 4 | Total: ₹12817.60
[2026-07-10 23:22:07] TRADE MATCHED: Ticker: TCS | Buy Order: 6377 | Sell Order: 6357 | Price: ₹3204.40 | Qty: 6 | Total: ₹19226.40
[2026-07-10 23:22:07] TRADE MATCHED: Ticker: TCS | Buy Order: 6377 | Sell Order: 4740 | Price: ₹3210.93 | Qty: 6 | Total: ₹19265.58
[2026-07-10 23:22:07] TRADE MATCHED: Ticker: TCS | Buy Order: 6377 | Sell Order: 5977 | Price: ₹3210.99 | Qty: 1 | Total: ₹3210.99
[2026-07-10 23:22:10] TRADE MATCHED: Ticker: SUNPHARMA | Buy Order: 6381 | Sell Order: 6346 | Price: ₹1065.55 | Qty: 3 | Total: ₹3196.65
[2026-07-10 23:22:13] TRADE MATCHED: Ticker: RELIANCE | Buy Order: 6384 | Sell Order: 6378 | Price: ₹2274.78 | Qty: 6 | Total: ₹13648.68
[2026-07-10 23:22:14] TRADE MATCHED: Ticker: RELIANCE | Buy Order: 6385 | Sell Order: 6378 | Price: ₹2274.78 | Qty: 4 | Total: ₹9099.12
[2026-07-10 23:22:14] TRADE MATCHED: Ticker: RELIANCE | Buy Order: 6385 | Sell Order: 6335 | Price: ₹2276.49 | Qty: 10 | Total: ₹22764.90
[2026-07-10 23:22:14] TRADE MATCHED: Ticker: RELIANCE | Buy Order: 6385 | Sell Order: 6303 | Price: ₹2288.02 | Qty: 1 | Total: ₹2288.02
[2026-07-10 23:22:17] TRADE MATCHED: Ticker: TATAMOTORS | Buy Order: 6387 | Sell Order: 6383 | Price: ₹642.46 | Qty: 10 | Total: ₹6424.60
[2026-07-10 23:22:17] TRADE MATCHED: Ticker: TATAMOTORS | Buy Order: 6387 | Sell Order: 5924 | Price: ₹646.34 | Qty: 3 | Total: ₹1939.02
[2026-07-10 23:22:17] TRADE MATCHED: Ticker: HDFCBANK | Buy Order: 6314 | Sell Order: 6388 | Price: ₹1579.78 | Qty: 10 | Total: ₹15797.80
[2026-07-10 23:22:24] TRADE MATCHED: Ticker: HDFCBANK | Buy Order: 6392 | Sell Order: 6315 | Price: ₹1585.59 | Qty: 4 | Total: ₹6342.36
[2026-07-10 23:22:24] TRADE MATCHED: Ticker: HDFCBANK | Buy Order: 6392 | Sell Order: 6380 | Price: ₹1586.86 | Qty: 3 | Total: ₹4760.58
[2026-07-10 23:22:26] TRADE MATCHED: Ticker: SUNPHARMA | Buy Order: 6394 | Sell Order: 6346 | Price: ₹1065.55 | Qty: 3 | Total: ₹3196.65
[2026-07-10 23:22:27] TRADE MATCHED: Ticker: SUNPHARMA | Buy Order: 6394 | Sell Order: 5553 | Price: ₹1066.05 | Qty: 1 | Total: ₹1066.05
[2026-07-10 23:22:35] TRADE MATCHED: Ticker: TATAMOTORS | Buy Order: 6401 | Sell Order: 6393 | Price: ₹643.29 | Qty: 2 | Total: ₹1286.58
[2026-07-10 23:22:35] TRADE MATCHED: Ticker: TATAMOTORS | Buy Order: 6401 | Sell Order: 5924 | Price: ₹646.34 | Qty: 2 | Total: ₹1292.68
[2026-07-10 23:22:35] TRADE MATCHED: Ticker: TATAMOTORS | Buy Order: 6401 | Sell Order: 5311 | Price: ₹646.41 | Qty: 8 | Total: ₹5171.28
[2026-07-10 23:22:38] TRADE MATCHED: Ticker: TCS | Buy Order: 6404 | Sell Order: 5977 | Price: ₹3210.99 | Qty: 3 | Total: ₹9632.97
[2026-07-10 23:22:40] TRADE MATCHED: Ticker: TCS | Buy Order: 6405 | Sell Order: 5977 | Price: ₹3210.99 | Qty: 4 | Total: ₹12843.96
[2026-07-10 23:22:40] TRADE MATCHED: Ticker: TCS | Buy Order: 6405 | Sell Order: 3730 | Price: ₹3211.02 | Qty: 4 | Total: ₹12844.08
[2026-07-10 23:22:41] TRADE MATCHED: Ticker: TCS | Buy Order: 6405 | Sell Order: 2984 | Price: ₹3211.03 | Qty: 1 | Total: ₹3211.03
[2026-07-10 23:22:42] TRADE MATCHED: Ticker: TATAMOTORS | Buy Order: 6390 | Sell Order: 6407 | Price: ₹641.29 | Qty: 2 | Total: ₹1282.58
[2026-07-10 23:22:44] TRADE MATCHED: Ticker: SUNPHARMA | Buy Order: 6409 | Sell Order: 5553 | Price: ₹1066.05 | Qty: 2 | Total: ₹2132.10
[2026-07-10 23:22:48] TRADE MATCHED: Ticker: HDFCBANK | Buy Order: 6411 | Sell Order: 6318 | Price: ₹1593.21 | Qty: 1 | Total: ₹1593.21
[2026-07-10 23:22:50] TRADE MATCHED: Ticker: RELIANCE | Buy Order: 6391 | Sell Order: 6413 | Price: ₹2276.01 | Qty: 11 | Total: ₹25036.11
[2026-07-10 23:22:52] TRADE MATCHED: Ticker: RELIANCE | Buy Order: 6396 | Sell Order: 6415 | Price: ₹2266.36 | Qty: 2 | Total: ₹4532.72
[2026-07-10 23:22:55] TRADE MATCHED: Ticker: TATAMOTORS | Buy Order: 5889 | Sell Order: 6418 | Price: ₹639.35 | Qty: 1 | Total: ₹639.35
[2026-07-10 23:22:55] TRADE MATCHED: Ticker: TATAMOTORS | Buy Order: 6359 | Sell Order: 6418 | Price: ₹639.34 | Qty: 3 | Total: ₹1918.02
[2026-07-10 23:22:59] TRADE MATCHED: Ticker: TATAMOTORS | Buy Order: 6421 | Sell Order: 6407 | Price: ₹640.15 | Qty: 1 | Total: ₹640.15
[2026-07-10 23:23:00] TRADE MATCHED: Ticker: SUNPHARMA | Buy Order: 6412 | Sell Order: 6422 | Price: ₹1056.74 | Qty: 5 | Total: ₹5283.70
[2026-07-10 23:23:00] TRADE MATCHED: Ticker: SUNPHARMA | Buy Order: 6406 | Sell Order: 6422 | Price: ₹1056.34 | Qty: 2 | Total: ₹2112.68
[2026-07-10 23:23:06] TRADE MATCHED: Ticker: RELIANCE | Buy Order: 6396 | Sell Order: 6427 | Price: ₹2266.36 | Qty: 9 | Total: ₹20397.24
[2026-07-10 23:23:06] TRADE MATCHED: Ticker: TATAMOTORS | Buy Order: 6428 | Sell Order: 6407 | Price: ₹640.15 | Qty: 1 | Total: ₹640.15
[2026-07-10 23:23:08] TRADE MATCHED: Ticker: RELIANCE | Buy Order: 6429 | Sell Order: 6397 | Price: ₹2279.43 | Qty: 3 | Total: ₹6838.29
[2026-07-10 23:23:10] TRADE MATCHED: Ticker: SUNPHARMA | Buy Order: 6406 | Sell Order: 6430 | Price: ₹1056.34 | Qty: 1 | Total: ₹1056.34
[2026-07-10 23:23:11] TRADE MATCHED: Ticker: TCS | Buy Order: 6431 | Sell Order: 2984 | Price: ₹3211.03 | Qty: 7 | Total: ₹22477.21
[2026-07-10 23:23:14] TRADE MATCHED: Ticker: RELIANCE | Buy Order: 6396 | Sell Order: 6433 | Price: ₹2266.36 | Qty: 3 | Total: ₹6799.08
[2026-07-10 23:23:14] TRADE MATCHED: Ticker: TCS | Buy Order: 6434 | Sell Order: 2984 | Price: ₹3211.03 | Qty: 6 | Total: ₹19266.18
[2026-07-10 23:23:14] TRADE MATCHED: Ticker: TCS | Buy Order: 6434 | Sell Order: 4679 | Price: ₹3211.24 | Qty: 2 | Total: ₹6422.48
[2026-07-10 23:23:16] TRADE MATCHED: Ticker: TCS | Buy Order: 6437 | Sell Order: 4679 | Price: ₹3211.24 | Qty: 1 | Total: ₹3211.24
[2026-07-10 23:23:17] TRADE MATCHED: Ticker: TCS | Buy Order: 6437 | Sell Order: 3586 | Price: ₹3211.29 | Qty: 1 | Total: ₹3211.29
[2026-07-10 23:23:19] TRADE MATCHED: Ticker: TATAMOTORS | Buy Order: 6359 | Sell Order: 6438 | Price: ₹639.34 | Qty: 5 | Total: ₹3196.70
[2026-07-10 23:23:19] TRADE MATCHED: Ticker: TATAMOTORS | Buy Order: 6193 | Sell Order: 6438 | Price: ₹639.20 | Qty: 9 | Total: ₹5752.80
[2026-07-10 23:23:22] TRADE MATCHED: Ticker: TATAMOTORS | Buy Order: 6193 | Sell Order: 6440 | Price: ₹639.20 | Qty: 4 | Total: ₹2556.80
[2026-07-10 23:23:27] TRADE MATCHED: Ticker: HDFCBANK | Buy Order: 6403 | Sell Order: 6444 | Price: ₹1592.00 | Qty: 1 | Total: ₹1592.00
[2026-07-10 23:23:28] TRADE MATCHED: Ticker: RELIANCE | Buy Order: 6425 | Sell Order: 6445 | Price: ₹2264.93 | Qty: 15 | Total: ₹33973.95
[2026-07-10 23:23:31] TRADE MATCHED: Ticker: RELIANCE | Buy Order: 4419 | Sell Order: 6447 | Price: ₹2257.65 | Qty: 1 | Total: ₹2257.65
[2026-07-10 23:23:36] TRADE MATCHED: Ticker: TCS | Buy Order: 6452 | Sell Order: 3586 | Price: ₹3211.29 | Qty: 10 | Total: ₹32112.90
[2026-07-10 23:23:36] TRADE MATCHED: Ticker: TATAMOTORS | Buy Order: 6453 | Sell Order: 6407 | Price: ₹640.15 | Qty: 7 | Total: ₹4481.05
[2026-07-10 23:23:38] TRADE MATCHED: Ticker: HDFCBANK | Buy Order: 6454 | Sell Order: 6318 | Price: ₹1593.21 | Qty: 7 | Total: ₹11152.47
[2026-07-10 23:23:38] TRADE MATCHED: Ticker: TCS | Buy Order: 6402 | Sell Order: 6455 | Price: ₹3190.37 | Qty: 10 | Total: ₹31903.70
[2026-07-10 23:23:40] TRADE MATCHED: Ticker: RELIANCE | Buy Order: 6449 | Sell Order: 6457 | Price: ₹2258.03 | Qty: 8 | Total: ₹18064.24
[2026-07-10 23:23:40] TRADE MATCHED: Ticker: RELIANCE | Buy Order: 4419 | Sell Order: 6457 | Price: ₹2257.65 | Qty: 4 | Total: ₹9030.60
[2026-07-10 23:23:45] TRADE MATCHED: Ticker: TCS | Buy Order: 6459 | Sell Order: 2804 | Price: ₹3212.12 | Qty: 14 | Total: ₹44969.68
[2026-07-10 23:23:45] TRADE MATCHED: Ticker: TCS | Buy Order: 6459 | Sell Order: 4916 | Price: ₹3212.73 | Qty: 1 | Total: ₹3212.73
[2026-07-10 23:23:45] TRADE MATCHED: Ticker: SUNPHARMA | Buy Order: 6460 | Sell Order: 6430 | Price: ₹1050.88 | Qty: 5 | Total: ₹5254.40
[2026-07-10 23:23:45] TRADE MATCHED: Ticker: SUNPHARMA | Buy Order: 6460 | Sell Order: 6448 | Price: ₹1054.45 | Qty: 2 | Total: ₹2108.90
[2026-07-10 23:23:50] TRADE MATCHED: Ticker: TATAMOTORS | Buy Order: 6463 | Sell Order: 5311 | Price: ₹646.41 | Qty: 3 | Total: ₹1939.23
[2026-07-10 23:23:50] TRADE MATCHED: Ticker: TATAMOTORS | Buy Order: 6463 | Sell Order: 6094 | Price: ₹646.74 | Qty: 2 | Total: ₹1293.48
[2026-07-10 23:23:50] TRADE MATCHED: Ticker: SUNPHARMA | Buy Order: 6464 | Sell Order: 6448 | Price: ₹1054.45 | Qty: 2 | Total: ₹2108.90
[2026-07-10 23:23:53] TRADE MATCHED: Ticker: SUNPHARMA | Buy Order: 6276 | Sell Order: 6465 | Price: ₹1048.36 | Qty: 5 | Total: ₹5241.80
[2026-07-10 23:23:54] TRADE MATCHED: Ticker: TCS | Buy Order: 6466 | Sell Order: 4916 | Price: ₹3212.73 | Qty: 12 | Total: ₹38552.76
[2026-07-10 23:23:55] TRADE MATCHED: Ticker: HDFCBANK | Buy Order: 6467 | Sell Order: 6458 | Price: ₹1596.01 | Qty: 8 | Total: ₹12768.08
[2026-07-10 23:23:58] TRADE MATCHED: Ticker: TCS | Buy Order: 6469 | Sell Order: 4057 | Price: ₹3213.29 | Qty: 10 | Total: ₹32132.90
[2026-07-10 23:23:58] TRADE MATCHED: Ticker: TCS | Buy Order: 6469 | Sell Order: 3734 | Price: ₹3213.33 | Qty: 4 | Total: ₹12853.32
[2026-07-10 23:23:59] TRADE MATCHED: Ticker: SUNPHARMA | Buy Order: 6470 | Sell Order: 6448 | Price: ₹1054.45 | Qty: 9 | Total: ₹9490.05
[2026-07-10 23:24:01] TRADE MATCHED: Ticker: SUNPHARMA | Buy Order: 6472 | Sell Order: 6448 | Price: ₹1054.45 | Qty: 1 | Total: ₹1054.45
[2026-07-10 23:24:03] TRADE MATCHED: Ticker: HDFCBANK | Buy Order: 6473 | Sell Order: 6458 | Price: ₹1596.01 | Qty: 1 | Total: ₹1596.01
[2026-07-10 23:24:03] TRADE MATCHED: Ticker: HDFCBANK | Buy Order: 6403 | Sell Order: 6474 | Price: ₹1592.00 | Qty: 7 | Total: ₹11144.00
[2026-07-10 23:24:05] TRADE MATCHED: Ticker: HDFCBANK | Buy Order: 6476 | Sell Order: 6458 | Price: ₹1596.01 | Qty: 2 | Total: ₹3192.02
[2026-07-10 23:24:10] TRADE MATCHED: Ticker: SUNPHARMA | Buy Order: 6481 | Sell Order: 6450 | Price: ₹1059.88 | Qty: 1 | Total: ₹1059.88
[2026-07-10 23:24:14] TRADE MATCHED: Ticker: TATAMOTORS | Buy Order: 6482 | Sell Order: 6094 | Price: ₹646.74 | Qty: 7 | Total: ₹4527.18
[2026-07-10 23:24:14] TRADE MATCHED: Ticker: TATAMOTORS | Buy Order: 6482 | Sell Order: 4749 | Price: ₹646.80 | Qty: 2 | Total: ₹1293.60
[2026-07-10 23:24:17] TRADE MATCHED: Ticker: TATAMOTORS | Buy Order: 6479 | Sell Order: 6485 | Price: ₹644.10 | Qty: 9 | Total: ₹5796.90
[2026-07-10 23:24:18] TRADE MATCHED: Ticker: HDFCBANK | Buy Order: 6486 | Sell Order: 6458 | Price: ₹1596.01 | Qty: 4 | Total: ₹6384.04
[2026-07-10 23:24:18] TRADE MATCHED: Ticker: HDFCBANK | Buy Order: 6486 | Sell Order: 6266 | Price: ₹1597.09 | Qty: 2 | Total: ₹3194.18
[2026-07-10 23:24:22] TRADE MATCHED: Ticker: SUNPHARMA | Buy Order: 6472 | Sell Order: 6489 | Price: ₹1058.79 | Qty: 6 | Total: ₹6352.74
[2026-07-10 23:24:25] TRADE MATCHED: Ticker: RELIANCE | Buy Order: 4419 | Sell Order: 6491 | Price: ₹2257.65 | Qty: 1 | Total: ₹2257.65
[2026-07-10 23:24:28] TRADE MATCHED: Ticker: TCS | Buy Order: 6475 | Sell Order: 6492 | Price: ₹3193.93 | Qty: 4 | Total: ₹12775.72
[2026-07-10 23:24:29] TRADE MATCHED: Ticker: TCS | Buy Order: 6493 | Sell Order: 3734 | Price: ₹3213.33 | Qty: 9 | Total: ₹28919.97
[2026-07-10 23:24:29] TRADE MATCHED: Ticker: TCS | Buy Order: 6493 | Sell Order: 4614 | Price: ₹3213.36 | Qty: 5 | Total: ₹16066.80
[2026-07-10 23:24:36] TRADE MATCHED: Ticker: SUNPHARMA | Buy Order: 6499 | Sell Order: 6497 | Price: ₹1054.99 | Qty: 1 | Total: ₹1054.99
[2026-07-10 23:24:36] TRADE MATCHED: Ticker: SUNPHARMA | Buy Order: 6499 | Sell Order: 6489 | Price: ₹1055.64 | Qty: 4 | Total: ₹4222.56
[2026-07-10 23:24:39] TRADE MATCHED: Ticker: HDFCBANK | Buy Order: 6403 | Sell Order: 6501 | Price: ₹1592.00 | Qty: 1 | Total: ₹1592.00
[2026-07-10 23:24:39] TRADE MATCHED: Ticker: HDFCBANK | Buy Order: 6392 | Sell Order: 6501 | Price: ₹1588.77 | Qty: 8 | Total: ₹12710.16
[2026-07-10 23:24:39] TRADE MATCHED: Ticker: HDFCBANK | Buy Order: 6416 | Sell Order: 6501 | Price: ₹1586.37 | Qty: 5 | Total: ₹7931.85
[2026-07-10 23:24:43] TRADE MATCHED: Ticker: SUNPHARMA | Buy Order: 6505 | Sell Order: 6489 | Price: ₹1055.64 | Qty: 1 | Total: ₹1055.64
[2026-07-10 23:24:43] TRADE MATCHED: Ticker: SUNPHARMA | Buy Order: 6505 | Sell Order: 6450 | Price: ₹1059.88 | Qty: 11 | Total: ₹11658.68
[2026-07-10 23:24:45] TRADE MATCHED: Ticker: HDFCBANK | Buy Order: 6416 | Sell Order: 6507 | Price: ₹1586.37 | Qty: 6 | Total: ₹9518.22
[2026-07-10 23:24:46] TRADE MATCHED: Ticker: RELIANCE | Buy Order: 6508 | Sell Order: 6397 | Price: ₹2279.43 | Qty: 2 | Total: ₹4558.86
[2026-07-10 23:24:51] TRADE MATCHED: Ticker: TATAMOTORS | Buy Order: 6511 | Sell Order: 6494 | Price: ₹644.34 | Qty: 11 | Total: ₹7087.74
[2026-07-10 23:24:51] TRADE MATCHED: Ticker: TATAMOTORS | Buy Order: 6511 | Sell Order: 4749 | Price: ₹646.80 | Qty: 1 | Total: ₹646.80
[2026-07-10 23:24:52] TRADE MATCHED: Ticker: TCS | Buy Order: 6512 | Sell Order: 4614 | Price: ₹3213.36 | Qty: 9 | Total: ₹28920.24
[2026-07-10 23:24:52] TRADE MATCHED: Ticker: TCS | Buy Order: 6512 | Sell Order: 6297 | Price: ₹3213.38 | Qty: 4 | Total: ₹12853.52
[2026-07-10 23:24:54] TRADE MATCHED: Ticker: TATAMOTORS | Buy Order: 6514 | Sell Order: 4749 | Price: ₹646.80 | Qty: 3 | Total: ₹1940.40
[2026-07-10 23:24:56] TRADE MATCHED: Ticker: RELIANCE | Buy Order: 6515 | Sell Order: 6471 | Price: ₹2287.39 | Qty: 4 | Total: ₹9149.56
[2026-07-10 23:24:56] TRADE MATCHED: Ticker: RELIANCE | Buy Order: 6515 | Sell Order: 6303 | Price: ₹2288.02 | Qty: 10 | Total: ₹22880.20
[2026-07-10 23:24:58] TRADE MATCHED: Ticker: RELIANCE | Buy Order: 6517 | Sell Order: 6436 | Price: ₹2293.20 | Qty: 3 | Total: ₹6879.60
[2026-07-10 23:25:01] TRADE MATCHED: Ticker: TATAMOTORS | Buy Order: 6520 | Sell Order: 3454 | Price: ₹646.83 | Qty: 3 | Total: ₹1940.49
[2026-07-10 23:25:01] TRADE MATCHED: Ticker: TATAMOTORS | Buy Order: 6520 | Sell Order: 6373 | Price: ₹646.90 | Qty: 8 | Total: ₹5175.20
[2026-07-10 23:25:01] TRADE MATCHED: Ticker: TATAMOTORS | Buy Order: 6520 | Sell Order: 845 | Price: ₹647.11 | Qty: 1 | Total: ₹647.11
[2026-07-10 23:25:02] TRADE MATCHED: Ticker: TATAMOTORS | Buy Order: 6520 | Sell Order: 2793 | Price: ₹647.17 | Qty: 1 | Total: ₹647.17
[2026-07-10 23:25:02] TRADE MATCHED: Ticker: TATAMOTORS | Buy Order: 6453 | Sell Order: 6521 | Price: ₹643.48 | Qty: 3 | Total: ₹1930.44
[2026-07-10 23:25:02] TRADE MATCHED: Ticker: TATAMOTORS | Buy Order: 6488 | Sell Order: 6521 | Price: ₹642.82 | Qty: 5 | Total: ₹3214.10
[2026-07-10 23:25:02] TRADE MATCHED: Ticker: TATAMOTORS | Buy Order: 6518 | Sell Order: 6521 | Price: ₹641.78 | Qty: 6 | Total: ₹3850.68
[2026-07-10 23:25:13] TRADE MATCHED: Ticker: SUNPHARMA | Buy Order: 6528 | Sell Order: 6531 | Price: ₹1058.57 | Qty: 7 | Total: ₹7409.99
[2026-07-10 23:25:13] TRADE MATCHED: Ticker: SUNPHARMA | Buy Order: 6504 | Sell Order: 6531 | Price: ₹1054.49 | Qty: 4 | Total: ₹4217.96
[2026-07-10 23:25:16] TRADE MATCHED: Ticker: TCS | Buy Order: 6495 | Sell Order: 6533 | Price: ₹3199.85 | Qty: 1 | Total: ₹3199.85
[2026-07-10 23:25:17] TRADE MATCHED: Ticker: TCS | Buy Order: 6510 | Sell Order: 6533 | Price: ₹3197.91 | Qty: 9 | Total: ₹28781.19
[2026-07-10 23:25:17] TRADE MATCHED: Ticker: SUNPHARMA | Buy Order: 6504 | Sell Order: 6534 | Price: ₹1054.49 | Qty: 1 | Total: ₹1054.49
[2026-07-10 23:25:17] TRADE MATCHED: Ticker: SUNPHARMA | Buy Order: 6276 | Sell Order: 6534 | Price: ₹1048.36 | Qty: 2 | Total: ₹2096.72
[2026-07-10 23:25:17] TRADE MATCHED: Ticker: SUNPHARMA | Buy Order: 3858 | Sell Order: 6534 | Price: ₹1047.78 | Qty: 7 | Total: ₹7334.46
[2026-07-10 23:25:17] TRADE MATCHED: Ticker: SUNPHARMA | Buy Order: 5101 | Sell Order: 6534 | Price: ₹1047.78 | Qty: 5 | Total: ₹5238.90
[2026-07-10 23:25:26] TRADE MATCHED: Ticker: TATAMOTORS | Buy Order: 6522 | Sell Order: 6541 | Price: ₹644.34 | Qty: 3 | Total: ₹1933.02
[2026-07-10 23:25:26] TRADE MATCHED: Ticker: TATAMOTORS | Buy Order: 6537 | Sell Order: 6541 | Price: ₹641.58 | Qty: 4 | Total: ₹2566.32
[2026-07-10 23:25:26] TRADE MATCHED: Ticker: TCS | Buy Order: 6535 | Sell Order: 6542 | Price: ₹3201.27 | Qty: 1 | Total: ₹3201.27
[2026-07-10 23:25:26] TRADE MATCHED: Ticker: TCS | Buy Order: 6510 | Sell Order: 6542 | Price: ₹3197.91 | Qty: 1 | Total: ₹3197.91
[2026-07-10 23:25:26] TRADE MATCHED: Ticker: TCS | Buy Order: 6475 | Sell Order: 6542 | Price: ₹3193.93 | Qty: 10 | Total: ₹31939.30
[2026-07-10 23:25:26] TRADE MATCHED: Ticker: TCS | Buy Order: 6402 | Sell Order: 6542 | Price: ₹3190.37 | Qty: 1 | Total: ₹3190.37
[2026-07-10 23:25:30] TRADE MATCHED: Ticker: TATAMOTORS | Buy Order: 6537 | Sell Order: 6543 | Price: ₹641.58 | Qty: 8 | Total: ₹5132.64
[2026-07-10 23:25:30] TRADE MATCHED: Ticker: TATAMOTORS | Buy Order: 6478 | Sell Order: 6543 | Price: ₹641.23 | Qty: 7 | Total: ₹4488.61
[2026-07-10 23:25:30] TRADE MATCHED: Ticker: TCS | Buy Order: 6402 | Sell Order: 6544 | Price: ₹3190.37 | Qty: 1 | Total: ₹3190.37
[2026-07-10 23:25:31] TRADE MATCHED: Ticker: TCS | Buy Order: 6402 | Sell Order: 6545 | Price: ₹3190.37 | Qty: 3 | Total: ₹9571.11
[2026-07-10 23:25:32] TRADE MATCHED: Ticker: TCS | Buy Order: 6108 | Sell Order: 6546 | Price: ₹3182.77 | Qty: 5 | Total: ₹15913.85
[2026-07-10 23:25:32] TRADE MATCHED: Ticker: TCS | Buy Order: 6530 | Sell Order: 6546 | Price: ₹3181.07 | Qty: 5 | Total: ₹15905.35
[2026-07-10 23:25:39] TRADE MATCHED: Ticker: SUNPHARMA | Buy Order: 6552 | Sell Order: 6540 | Price: ₹1049.58 | Qty: 6 | Total: ₹6297.48
[2026-07-10 23:25:39] TRADE MATCHED: Ticker: SUNPHARMA | Buy Order: 6552 | Sell Order: 6550 | Price: ₹1054.80 | Qty: 3 | Total: ₹3164.40
[2026-07-10 23:25:39] TRADE MATCHED: Ticker: SUNPHARMA | Buy Order: 6552 | Sell Order: 6450 | Price: ₹1059.88 | Qty: 1 | Total: ₹1059.88
[2026-07-10 23:25:39] TRADE MATCHED: Ticker: SUNPHARMA | Buy Order: 6552 | Sell Order: 6456 | Price: ₹1060.42 | Qty: 4 | Total: ₹4241.68
[2026-07-10 23:25:43] TRADE MATCHED: Ticker: RELIANCE | Buy Order: 6558 | Sell Order: 6436 | Price: ₹2293.20 | Qty: 2 | Total: ₹4586.40
[2026-07-10 23:25:43] TRADE MATCHED: Ticker: TCS | Buy Order: 6530 | Sell Order: 6557 | Price: ₹3181.07 | Qty: 2 | Total: ₹6362.14
[2026-07-10 23:25:47] TRADE MATCHED: Ticker: TATAMOTORS | Buy Order: 6560 | Sell Order: 6547 | Price: ₹640.98 | Qty: 1 | Total: ₹640.98
[2026-07-10 23:25:48] TRADE MATCHED: Ticker: TATAMOTORS | Buy Order: 6193 | Sell Order: 6561 | Price: ₹639.20 | Qty: 1 | Total: ₹639.20
[2026-07-10 23:25:48] TRADE MATCHED: Ticker: TATAMOTORS | Buy Order: 6009 | Sell Order: 6561 | Price: ₹639.13 | Qty: 4 | Total: ₹2556.52
[2026-07-10 23:25:48] TRADE MATCHED: Ticker: TATAMOTORS | Buy Order: 6500 | Sell Order: 6561 | Price: ₹639.13 | Qty: 7 | Total: ₹4473.91
[2026-07-10 23:25:56] TRADE MATCHED: Ticker: HDFCBANK | Buy Order: 6519 | Sell Order: 6568 | Price: ₹1586.33 | Qty: 2 | Total: ₹3172.66
[2026-07-10 23:26:00] TRADE MATCHED: Ticker: TCS | Buy Order: 6567 | Sell Order: 6570 | Price: ₹3195.93 | Qty: 5 | Total: ₹15979.65
[2026-07-10 23:26:01] TRADE MATCHED: Ticker: SUNPHARMA | Buy Order: 6555 | Sell Order: 6571 | Price: ₹1057.05 | Qty: 9 | Total: ₹9513.45
[2026-07-10 23:26:03] TRADE MATCHED: Ticker: TATAMOTORS | Buy Order: 6573 | Sell Order: 6561 | Price: ₹638.66 | Qty: 2 | Total: ₹1277.32
[2026-07-10 23:26:06] TRADE MATCHED: Ticker: TCS | Buy Order: 6576 | Sell Order: 6570 | Price: ₹3193.53 | Qty: 9 | Total: ₹28741.77
[2026-07-10 23:26:06] TRADE MATCHED: Ticker: TCS | Buy Order: 6576 | Sell Order: 6297 | Price: ₹3213.38 | Qty: 1 | Total: ₹3213.38
[2026-07-10 23:26:06] TRADE MATCHED: Ticker: TCS | Buy Order: 6576 | Sell Order: 5228 | Price: ₹3213.64 | Qty: 4 | Total: ₹12854.56
[2026-07-10 23:26:06] TRADE MATCHED: Ticker: TCS | Buy Order: 6576 | Sell Order: 4771 | Price: ₹3214.08 | Qty: 1 | Total: ₹3214.08
[2026-07-10 23:26:10] TRADE MATCHED: Ticker: RELIANCE | Buy Order: 6508 | Sell Order: 6580 | Price: ₹2282.79 | Qty: 10 | Total: ₹22827.90
[2026-07-10 23:26:10] TRADE MATCHED: Ticker: RELIANCE | Buy Order: 6532 | Sell Order: 6580 | Price: ₹2281.87 | Qty: 1 | Total: ₹2281.87
[2026-07-10 23:26:11] TRADE MATCHED: Ticker: RELIANCE | Buy Order: 6581 | Sell Order: 6569 | Price: ₹2292.26 | Qty: 3 | Total: ₹6876.78
[2026-07-10 23:26:11] TRADE MATCHED: Ticker: RELIANCE | Buy Order: 6581 | Sell Order: 6436 | Price: ₹2293.20 | Qty: 5 | Total: ₹11466.00
[2026-07-10 23:26:11] TRADE MATCHED: Ticker: RELIANCE | Buy Order: 6581 | Sell Order: 6350 | Price: ₹2293.81 | Qty: 3 | Total: ₹6881.43
[2026-07-10 23:26:14] TRADE MATCHED: Ticker: SUNPHARMA | Buy Order: 6555 | Sell Order: 6583 | Price: ₹1057.05 | Qty: 5 | Total: ₹5285.25
[2026-07-10 23:26:14] TRADE MATCHED: Ticker: TCS | Buy Order: 6584 | Sell Order: 4771 | Price: ₹3214.08 | Qty: 1 | Total: ₹3214.08
[2026-07-10 23:26:18] TRADE MATCHED: Ticker: TATAMOTORS | Buy Order: 6586 | Sell Order: 6561 | Price: ₹638.66 | Qty: 1 | Total: ₹638.66
[2026-07-10 23:26:18] TRADE MATCHED: Ticker: TATAMOTORS | Buy Order: 6586 | Sell Order: 6547 | Price: ₹640.98 | Qty: 5 | Total: ₹3204.90
[2026-07-10 23:26:19] TRADE MATCHED: Ticker: HDFCBANK | Buy Order: 6519 | Sell Order: 6587 | Price: ₹1586.33 | Qty: 7 | Total: ₹11104.31
[2026-07-10 23:26:20] TRADE MATCHED: Ticker: TATAMOTORS | Buy Order: 6586 | Sell Order: 6588 | Price: ₹641.10 | Qty: 6 | Total: ₹3846.60
[2026-07-10 23:26:20] TRADE MATCHED: Ticker: TATAMOTORS | Buy Order: 6417 | Sell Order: 6588 | Price: ₹638.60 | Qty: 3 | Total: ₹1915.80
[2026-07-10 23:26:21] TRADE MATCHED: Ticker: SUNPHARMA | Buy Order: 6589 | Sell Order: 6583 | Price: ₹1054.11 | Qty: 3 | Total: ₹3162.33
[2026-07-10 23:26:23] TRADE MATCHED: Ticker: TATAMOTORS | Buy Order: 6590 | Sell Order: 6556 | Price: ₹644.45 | Qty: 4 | Total: ₹2577.80
[2026-07-10 23:26:26] TRADE MATCHED: Ticker: TCS | Buy Order: 6593 | Sell Order: 6591 | Price: ₹3183.78 | Qty: 5 | Total: ₹15918.90
[2026-07-10 23:26:28] TRADE MATCHED: Ticker: TCS | Buy Order: 6530 | Sell Order: 6594 | Price: ₹3181.07 | Qty: 7 | Total: ₹22267.49
[2026-07-10 23:26:28] TRADE MATCHED: Ticker: TCS | Buy Order: 6119 | Sell Order: 6594 | Price: ₹3177.90 | Qty: 1 | Total: ₹3177.90
[2026-07-10 23:26:30] TRADE MATCHED: Ticker: TATAMOTORS | Buy Order: 6595 | Sell Order: 6556 | Price: ₹644.45 | Qty: 2 | Total: ₹1288.90
[2026-07-10 23:26:32] TRADE MATCHED: Ticker: HDFCBANK | Buy Order: 6519 | Sell Order: 6598 | Price: ₹1586.33 | Qty: 5 | Total: ₹7931.65
[2026-07-10 23:26:33] TRADE MATCHED: Ticker: HDFCBANK | Buy Order: 6420 | Sell Order: 6598 | Price: ₹1585.11 | Qty: 10 | Total: ₹15851.10
[2026-07-10 23:26:33] TRADE MATCHED: Ticker: TATAMOTORS | Buy Order: 6599 | Sell Order: 2793 | Price: ₹647.17 | Qty: 5 | Total: ₹3235.85
[2026-07-10 23:26:41] TRADE MATCHED: Ticker: TATAMOTORS | Buy Order: 6605 | Sell Order: 2793 | Price: ₹647.17 | Qty: 1 | Total: ₹647.17
[2026-07-10 23:26:44] TRADE MATCHED: Ticker: TATAMOTORS | Buy Order: 6608 | Sell Order: 2793 | Price: ₹647.17 | Qty: 3 | Total: ₹1941.51
[2026-07-10 23:26:44] TRADE MATCHED: Ticker: TATAMOTORS | Buy Order: 6608 | Sell Order: 3141 | Price: ₹647.23 | Qty: 12 | Total: ₹7766.76
[2026-07-10 23:26:49] TRADE MATCHED: Ticker: SUNPHARMA | Buy Order: 6612 | Sell Order: 6583 | Price: ₹1054.11 | Qty: 5 | Total: ₹5270.55
[2026-07-10 23:26:51] TRADE MATCHED: Ticker: RELIANCE | Buy Order: 6613 | Sell Order: 6609 | Price: ₹2286.49 | Qty: 5 | Total: ₹11432.45
[2026-07-10 23:26:52] TRADE MATCHED: Ticker: RELIANCE | Buy Order: 6613 | Sell Order: 6350 | Price: ₹2293.81 | Qty: 10 | Total: ₹22938.10
[2026-07-10 23:26:54] TRADE MATCHED: Ticker: SUNPHARMA | Buy Order: 6551 | Sell Order: 6614 | Price: ₹1048.09 | Qty: 12 | Total: ₹12577.08
[2026-07-10 23:26:57] TRADE MATCHED: Ticker: SUNPHARMA | Buy Order: 6619 | Sell Order: 6583 | Price: ₹1054.11 | Qty: 1 | Total: ₹1054.11
[2026-07-10 23:26:58] TRADE MATCHED: Ticker: SUNPHARMA | Buy Order: 6619 | Sell Order: 6582 | Price: ₹1057.14 | Qty: 2 | Total: ₹2114.28
[2026-07-10 23:26:58] TRADE MATCHED: Ticker: HDFCBANK | Buy Order: 6420 | Sell Order: 6620 | Price: ₹1585.11 | Qty: 2 | Total: ₹3170.22
[2026-07-10 23:27:04] TRADE MATCHED: Ticker: TCS | Buy Order: 6119 | Sell Order: 6626 | Price: ₹3177.90 | Qty: 5 | Total: ₹15889.50
[2026-07-10 23:27:06] TRADE MATCHED: Ticker: RELIANCE | Buy Order: 6627 | Sell Order: 6350 | Price: ₹2293.81 | Qty: 2 | Total: ₹4587.62
[2026-07-10 23:27:06] TRADE MATCHED: Ticker: RELIANCE | Buy Order: 6627 | Sell Order: 6578 | Price: ₹2295.66 | Qty: 3 | Total: ₹6886.98
[2026-07-10 23:27:06] TRADE MATCHED: Ticker: RELIANCE | Buy Order: 6627 | Sell Order: 4761 | Price: ₹2295.80 | Qty: 5 | Total: ₹11479.00
[2026-07-10 23:27:07] TRADE MATCHED: Ticker: TCS | Buy Order: 6119 | Sell Order: 6628 | Price: ₹3177.90 | Qty: 5 | Total: ₹15889.50
[2026-07-10 23:27:07] TRADE MATCHED: Ticker: TCS | Buy Order: 6165 | Sell Order: 6628 | Price: ₹3175.07 | Qty: 5 | Total: ₹15875.35
[2026-07-10 23:27:19] TRADE MATCHED: Ticker: RELIANCE | Buy Order: 6638 | Sell Order: 4761 | Price: ₹2295.80 | Qty: 4 | Total: ₹9183.20
[2026-07-10 23:27:19] TRADE MATCHED: Ticker: RELIANCE | Buy Order: 6638 | Sell Order: 5568 | Price: ₹2296.12 | Qty: 5 | Total: ₹11480.60
[2026-07-10 23:27:23] TRADE MATCHED: Ticker: TCS | Buy Order: 6641 | Sell Order: 6591 | Price: ₹3183.78 | Qty: 6 | Total: ₹19102.68
[2026-07-10 23:27:28] TRADE MATCHED: Ticker: HDFCBANK | Buy Order: 6645 | Sell Order: 6601 | Price: ₹1590.07 | Qty: 2 | Total: ₹3180.14
[2026-07-10 23:27:30] TRADE MATCHED: Ticker: RELIANCE | Buy Order: 6647 | Sell Order: 6642 | Price: ₹2283.26 | Qty: 2 | Total: ₹4566.52
[2026-07-10 23:27:30] TRADE MATCHED: Ticker: RELIANCE | Buy Order: 6647 | Sell Order: 5568 | Price: ₹2296.12 | Qty: 8 | Total: ₹18368.96
[2026-07-10 23:27:30] TRADE MATCHED: Ticker: RELIANCE | Buy Order: 6647 | Sell Order: 4672 | Price: ₹2296.40 | Qty: 1 | Total: ₹2296.40
[2026-07-10 23:27:33] TRADE MATCHED: Ticker: SUNPHARMA | Buy Order: 6619 | Sell Order: 6648 | Price: ₹1059.57 | Qty: 1 | Total: ₹1059.57
[2026-07-10 23:27:34] TRADE MATCHED: Ticker: HDFCBANK | Buy Order: 6432 | Sell Order: 6649 | Price: ₹1583.99 | Qty: 12 | Total: ₹19007.88
[2026-07-10 23:27:35] TRADE MATCHED: Ticker: TATAMOTORS | Buy Order: 6595 | Sell Order: 6650 | Price: ₹646.22 | Qty: 1 | Total: ₹646.22
[2026-07-10 23:27:37] TRADE MATCHED: Ticker: HDFCBANK | Buy Order: 6652 | Sell Order: 6601 | Price: ₹1590.07 | Qty: 10 | Total: ₹15900.70
[2026-07-10 23:27:39] TRADE MATCHED: Ticker: SUNPHARMA | Buy Order: 6644 | Sell Order: 6654 | Price: ₹1058.21 | Qty: 3 | Total: ₹3174.63
[2026-07-10 23:27:39] TRADE MATCHED: Ticker: SUNPHARMA | Buy Order: 6551 | Sell Order: 6654 | Price: ₹1048.09 | Qty: 2 | Total: ₹2096.18
[2026-07-10 23:27:44] TRADE MATCHED: Ticker: TATAMOTORS | Buy Order: 6417 | Sell Order: 6658 | Price: ₹638.60 | Qty: 6 | Total: ₹3831.60
[2026-07-10 23:27:47] TRADE MATCHED: Ticker: TCS | Buy Order: 6660 | Sell Order: 6591 | Price: ₹3183.78 | Qty: 1 | Total: ₹3183.78
[2026-07-10 23:27:47] TRADE MATCHED: Ticker: TCS | Buy Order: 6660 | Sell Order: 4771 | Price: ₹3214.08 | Qty: 7 | Total: ₹22498.56
[2026-07-10 23:27:49] TRADE MATCHED: Ticker: TCS | Buy Order: 6662 | Sell Order: 4771 | Price: ₹3214.08 | Qty: 2 | Total: ₹6428.16
[2026-07-10 23:27:50] TRADE MATCHED: Ticker: TCS | Buy Order: 6662 | Sell Order: 5463 | Price: ₹3214.25 | Qty: 6 | Total: ₹19285.50
[2026-07-10 23:27:52] TRADE MATCHED: Ticker: TATAMOTORS | Buy Order: 6664 | Sell Order: 6650 | Price: ₹640.40 | Qty: 1 | Total: ₹640.40
[2026-07-10 23:27:56] TRADE MATCHED: Ticker: TATAMOTORS | Buy Order: 6666 | Sell Order: 6650 | Price: ₹640.40 | Qty: 8 | Total: ₹5123.20
[2026-07-10 23:27:56] TRADE MATCHED: Ticker: TATAMOTORS | Buy Order: 6667 | Sell Order: 6611 | Price: ₹646.41 | Qty: 5 | Total: ₹3232.05
[2026-07-10 23:28:02] TRADE MATCHED: Ticker: RELIANCE | Buy Order: 6672 | Sell Order: 6643 | Price: ₹2296.96 | Qty: 2 | Total: ₹4593.92
[2026-07-10 23:28:02] TRADE MATCHED: Ticker: RELIANCE | Buy Order: 6672 | Sell Order: 4288 | Price: ₹2298.01 | Qty: 3 | Total: ₹6894.03
[2026-07-10 23:28:02] TRADE MATCHED: Ticker: RELIANCE | Buy Order: 6672 | Sell Order: 6527 | Price: ₹2298.03 | Qty: 3 | Total: ₹6894.09
[2026-07-10 23:28:07] TRADE MATCHED: Ticker: HDFCBANK | Buy Order: 6675 | Sell Order: 6601 | Price: ₹1590.07 | Qty: 3 | Total: ₹4770.21
[2026-07-10 23:28:09] TRADE MATCHED: Ticker: SUNPHARMA | Buy Order: 6669 | Sell Order: 6676 | Price: ₹1057.13 | Qty: 1 | Total: ₹1057.13
[2026-07-10 23:28:11] TRADE MATCHED: Ticker: TCS | Buy Order: 6165 | Sell Order: 6678 | Price: ₹3175.07 | Qty: 1 | Total: ₹3175.07
[2026-07-10 23:28:11] TRADE MATCHED: Ticker: TCS | Buy Order: 5973 | Sell Order: 6678 | Price: ₹3173.54 | Qty: 5 | Total: ₹15867.70
[2026-07-10 23:28:15] TRADE MATCHED: Ticker: RELIANCE | Buy Order: 6681 | Sell Order: 6527 | Price: ₹2298.03 | Qty: 8 | Total: ₹18384.24
[2026-07-10 23:28:19] TRADE MATCHED: Ticker: HDFCBANK | Buy Order: 6442 | Sell Order: 6686 | Price: ₹1582.89 | Qty: 3 | Total: ₹4748.67
[2026-07-10 23:28:19] TRADE MATCHED: Ticker: HDFCBANK | Buy Order: 6603 | Sell Order: 6686 | Price: ₹1582.19 | Qty: 2 | Total: ₹3164.38
[2026-07-10 23:28:19] TRADE MATCHED: Ticker: HDFCBANK | Buy Order: 6443 | Sell Order: 6686 | Price: ₹1581.65 | Qty: 8 | Total: ₹12653.20
[2026-07-10 23:28:24] TRADE MATCHED: Ticker: TCS | Buy Order: 6690 | Sell Order: 6678 | Price: ₹3169.08 | Qty: 3 | Total: ₹9507.24
[2026-07-10 23:28:24] TRADE MATCHED: Ticker: TCS | Buy Order: 6690 | Sell Order: 6687 | Price: ₹3183.80 | Qty: 1 | Total: ₹3183.80
[2026-07-10 23:28:26] TRADE MATCHED: Ticker: TCS | Buy Order: 6690 | Sell Order: 6692 | Price: ₹3208.42 | Qty: 11 | Total: ₹35292.62
[2026-07-10 23:28:27] TRADE MATCHED: Ticker: TCS | Buy Order: 6554 | Sell Order: 6692 | Price: ₹3167.87 | Qty: 3 | Total: ₹9503.61
[2026-07-10 23:28:28] TRADE MATCHED: Ticker: TCS | Buy Order: 6554 | Sell Order: 6693 | Price: ₹3167.87 | Qty: 7 | Total: ₹22175.09
[2026-07-10 23:28:31] TRADE MATCHED: Ticker: SUNPHARMA | Buy Order: 6695 | Sell Order: 6691 | Price: ₹1048.29 | Qty: 5 | Total: ₹5241.45
[2026-07-10 23:28:32] TRADE MATCHED: Ticker: HDFCBANK | Buy Order: 6314 | Sell Order: 6696 | Price: ₹1579.78 | Qty: 3 | Total: ₹4739.34
[2026-07-10 23:28:32] TRADE MATCHED: Ticker: HDFCBANK | Buy Order: 6637 | Sell Order: 6696 | Price: ₹1577.58 | Qty: 3 | Total: ₹4732.74
[2026-07-10 23:28:34] TRADE MATCHED: Ticker: TATAMOTORS | Buy Order: 6698 | Sell Order: 6611 | Price: ₹646.41 | Qty: 10 | Total: ₹6464.10
[2026-07-10 23:28:34] TRADE MATCHED: Ticker: TATAMOTORS | Buy Order: 6698 | Sell Order: 6579 | Price: ₹647.26 | Qty: 2 | Total: ₹1294.52
[2026-07-10 23:28:37] TRADE MATCHED: Ticker: SUNPHARMA | Buy Order: 6700 | Sell Order: 6691 | Price: ₹1048.29 | Qty: 4 | Total: ₹4193.16
[2026-07-10 23:28:37] TRADE MATCHED: Ticker: SUNPHARMA | Buy Order: 6700 | Sell Order: 6699 | Price: ₹1053.13 | Qty: 2 | Total: ₹2106.26
[2026-07-10 23:28:40] TRADE MATCHED: Ticker: TATAMOTORS | Buy Order: 6702 | Sell Order: 6579 | Price: ₹647.26 | Qty: 3 | Total: ₹1941.78
[2026-07-10 23:28:40] TRADE MATCHED: Ticker: RELIANCE | Buy Order: 6703 | Sell Order: 6527 | Price: ₹2298.03 | Qty: 1 | Total: ₹2298.03
[2026-07-10 23:28:44] TRADE MATCHED: Ticker: RELIANCE | Buy Order: 6705 | Sell Order: 6527 | Price: ₹2298.03 | Qty: 1 | Total: ₹2298.03
[2026-07-10 23:28:58] TRADE MATCHED: Ticker: TATAMOTORS | Buy Order: 6716 | Sell Order: 6714 | Price: ₹644.87 | Qty: 3 | Total: ₹1934.61
[2026-07-10 23:28:59] TRADE MATCHED: Ticker: TATAMOTORS | Buy Order: 6666 | Sell Order: 6718 | Price: ₹644.11 | Qty: 7 | Total: ₹4508.77
[2026-07-10 23:28:59] TRADE MATCHED: Ticker: TATAMOTORS | Buy Order: 6673 | Sell Order: 6718 | Price: ₹643.93 | Qty: 3 | Total: ₹1931.79
[2026-07-10 23:29:03] TRADE MATCHED: Ticker: HDFCBANK | Buy Order: 6637 | Sell Order: 6720 | Price: ₹1577.58 | Qty: 4 | Total: ₹6310.32
[2026-07-10 23:29:04] TRADE MATCHED: Ticker: HDFCBANK | Buy Order: 6637 | Sell Order: 6721 | Price: ₹1577.58 | Qty: 6 | Total: ₹9465.48
[2026-07-10 23:29:05] TRADE MATCHED: Ticker: HDFCBANK | Buy Order: 6722 | Sell Order: 6713 | Price: ₹1579.83 | Qty: 4 | Total: ₹6319.32
[2026-07-10 23:29:06] TRADE MATCHED: Ticker: HDFCBANK | Buy Order: 6722 | Sell Order: 6686 | Price: ₹1579.88 | Qty: 2 | Total: ₹3159.76
[2026-07-10 23:29:08] TRADE MATCHED: Ticker: SUNPHARMA | Buy Order: 5101 | Sell Order: 6723 | Price: ₹1047.78 | Qty: 2 | Total: ₹2095.56
[2026-07-10 23:29:08] TRADE MATCHED: Ticker: TATAMOTORS | Buy Order: 6673 | Sell Order: 6724 | Price: ₹643.93 | Qty: 8 | Total: ₹5151.44
[2026-07-10 23:29:08] TRADE MATCHED: Ticker: TATAMOTORS | Buy Order: 6725 | Sell Order: 6714 | Price: ₹644.87 | Qty: 3 | Total: ₹1934.61
[2026-07-10 23:29:08] TRADE MATCHED: Ticker: TATAMOTORS | Buy Order: 6725 | Sell Order: 6707 | Price: ₹646.99 | Qty: 9 | Total: ₹5822.91
[2026-07-10 23:29:09] TRADE MATCHED: Ticker: TATAMOTORS | Buy Order: 6725 | Sell Order: 6579 | Price: ₹647.26 | Qty: 3 | Total: ₹1941.78
[2026-07-10 23:29:11] TRADE MATCHED: Ticker: HDFCBANK | Buy Order: 6727 | Sell Order: 6728 | Price: ₹1593.68 | Qty: 11 | Total: ₹17530.48
[2026-07-10 23:29:20] TRADE MATCHED: Ticker: HDFCBANK | Buy Order: 6727 | Sell Order: 6733 | Price: ₹1593.68 | Qty: 3 | Total: ₹4781.04
[2026-07-10 23:29:20] TRADE MATCHED: Ticker: HDFCBANK | Buy Order: 6722 | Sell Order: 6733 | Price: ₹1592.44 | Qty: 3 | Total: ₹4777.32
[2026-07-10 23:29:23] TRADE MATCHED: Ticker: TATAMOTORS | Buy Order: 6673 | Sell Order: 6735 | Price: ₹643.93 | Qty: 3 | Total: ₹1931.79
[2026-07-10 23:29:23] TRADE MATCHED: Ticker: TATAMOTORS | Buy Order: 6683 | Sell Order: 6735 | Price: ₹642.76 | Qty: 1 | Total: ₹642.76
[2026-07-10 23:29:23] TRADE MATCHED: Ticker: TATAMOTORS | Buy Order: 6701 | Sell Order: 6735 | Price: ₹639.61 | Qty: 2 | Total: ₹1279.22
[2026-07-10 23:29:27] TRADE MATCHED: Ticker: RELIANCE | Buy Order: 6659 | Sell Order: 6738 | Price: ₹2295.65 | Qty: 1 | Total: ₹2295.65
[2026-07-10 23:29:29] TRADE MATCHED: Ticker: RELIANCE | Buy Order: 6677 | Sell Order: 6740 | Price: ₹2290.89 | Qty: 5 | Total: ₹11454.45
[2026-07-10 23:29:34] TRADE MATCHED: Ticker: TCS | Buy Order: 6744 | Sell Order: 6743 | Price: ₹3180.32 | Qty: 6 | Total: ₹19081.92
[2026-07-10 23:29:35] TRADE MATCHED: Ticker: SUNPHARMA | Buy Order: 6745 | Sell Order: 6719 | Price: ₹1051.91 | Qty: 2 | Total: ₹2103.82
[2026-07-10 23:29:35] TRADE MATCHED: Ticker: SUNPHARMA | Buy Order: 6745 | Sell Order: 6559 | Price: ₹1060.13 | Qty: 4 | Total: ₹4240.52
[2026-07-10 23:29:35] TRADE MATCHED: Ticker: SUNPHARMA | Buy Order: 6745 | Sell Order: 6456 | Price: ₹1060.42 | Qty: 7 | Total: ₹7422.94
[2026-07-10 23:29:37] TRADE MATCHED: Ticker: TCS | Buy Order: 6554 | Sell Order: 6747 | Price: ₹3167.87 | Qty: 5 | Total: ₹15839.35
[2026-07-10 23:29:37] TRADE MATCHED: Ticker: TCS | Buy Order: 6150 | Sell Order: 6747 | Price: ₹3167.13 | Qty: 1 | Total: ₹3167.13
[2026-07-10 23:29:37] TRADE MATCHED: Ticker: RELIANCE | Buy Order: 6677 | Sell Order: 6748 | Price: ₹2290.89 | Qty: 5 | Total: ₹11454.45
[2026-07-10 23:29:39] TRADE MATCHED: Ticker: TATAMOTORS | Buy Order: 6701 | Sell Order: 6749 | Price: ₹639.61 | Qty: 12 | Total: ₹7675.32
[2026-07-10 23:29:42] TRADE MATCHED: Ticker: TCS | Buy Order: 6150 | Sell Order: 6751 | Price: ₹3167.13 | Qty: 3 | Total: ₹9501.39
[2026-07-10 23:29:45] TRADE MATCHED: Ticker: TATAMOTORS | Buy Order: 6417 | Sell Order: 6754 | Price: ₹638.60 | Qty: 1 | Total: ₹638.60
[2026-07-10 23:29:45] TRADE MATCHED: Ticker: TATAMOTORS | Buy Order: 6513 | Sell Order: 6754 | Price: ₹637.85 | Qty: 10 | Total: ₹6378.50
[2026-07-10 23:29:47] TRADE MATCHED: Ticker: TCS | Buy Order: 6150 | Sell Order: 6755 | Price: ₹3167.13 | Qty: 6 | Total: ₹19002.78
[2026-07-10 23:29:47] TRADE MATCHED: Ticker: TCS | Buy Order: 6105 | Sell Order: 6755 | Price: ₹3167.08 | Qty: 2 | Total: ₹6334.16
[2026-07-10 23:29:47] TRADE MATCHED: Ticker: RELIANCE | Buy Order: 6677 | Sell Order: 6756 | Price: ₹2290.89 | Qty: 3 | Total: ₹6872.67
[2026-07-10 23:29:47] TRADE MATCHED: Ticker: RELIANCE | Buy Order: 6736 | Sell Order: 6756 | Price: ₹2287.80 | Qty: 6 | Total: ₹13726.80
[2026-07-10 23:29:47] TRADE MATCHED: Ticker: RELIANCE | Buy Order: 6665 | Sell Order: 6756 | Price: ₹2285.55 | Qty: 3 | Total: ₹6856.65
[2026-07-10 23:29:48] TRADE MATCHED: Ticker: TCS | Buy Order: 6757 | Sell Order: 6743 | Price: ₹3180.32 | Qty: 7 | Total: ₹22262.24
[2026-07-10 23:29:48] TRADE MATCHED: Ticker: TCS | Buy Order: 6757 | Sell Order: 6753 | Price: ₹3195.20 | Qty: 6 | Total: ₹19171.20
[2026-07-10 23:29:50] TRADE MATCHED: Ticker: HDFCBANK | Buy Order: 6759 | Sell Order: 6733 | Price: ₹1579.53 | Qty: 2 | Total: ₹3159.06
[2026-07-10 23:29:51] TRADE MATCHED: Ticker: SUNPHARMA | Buy Order: 6760 | Sell Order: 6750 | Price: ₹1058.53 | Qty: 8 | Total: ₹8468.24
[2026-07-10 23:29:51] TRADE MATCHED: Ticker: SUNPHARMA | Buy Order: 6761 | Sell Order: 6758 | Price: ₹1060.43 | Qty: 3 | Total: ₹3181.29
[2026-07-10 23:29:51] TRADE MATCHED: Ticker: SUNPHARMA | Buy Order: 6761 | Sell Order: 6563 | Price: ₹1063.37 | Qty: 2 | Total: ₹2126.74
[2026-07-10 23:29:56] TRADE MATCHED: Ticker: SUNPHARMA | Buy Order: 6765 | Sell Order: 6762 | Price: ₹1053.23 | Qty: 8 | Total: ₹8425.84
[2026-07-10 23:29:56] TRADE MATCHED: Ticker: SUNPHARMA | Buy Order: 6765 | Sell Order: 6656 | Price: ₹1064.98 | Qty: 4 | Total: ₹4259.92
[2026-07-10 23:29:58] TRADE MATCHED: Ticker: RELIANCE | Buy Order: 6665 | Sell Order: 6767 | Price: ₹2285.55 | Qty: 6 | Total: ₹13713.30
[2026-07-10 23:29:58] TRADE MATCHED: Ticker: RELIANCE | Buy Order: 6668 | Sell Order: 6767 | Price: ₹2283.31 | Qty: 1 | Total: ₹2283.31
[2026-07-10 23:30:04] TRADE MATCHED: Ticker: TATAMOTORS | Buy Order: 6771 | Sell Order: 6739 | Price: ₹644.38 | Qty: 2 | Total: ₹1288.76
[2026-07-10 23:30:04] TRADE MATCHED: Ticker: TATAMOTORS | Buy Order: 6771 | Sell Order: 3014 | Price: ₹647.31 | Qty: 9 | Total: ₹5825.79
[2026-07-10 23:30:06] TRADE MATCHED: Ticker: RELIANCE | Buy Order: 6668 | Sell Order: 6773 | Price: ₹2283.31 | Qty: 1 | Total: ₹2283.31
[2026-07-10 23:30:14] TRADE MATCHED: Ticker: TATAMOTORS | Buy Order: 6778 | Sell Order: 6775 | Price: ₹640.93 | Qty: 9 | Total: ₹5768.37
[2026-07-10 23:30:14] TRADE MATCHED: Ticker: TATAMOTORS | Buy Order: 6778 | Sell Order: 3014 | Price: ₹647.31 | Qty: 3 | Total: ₹1941.93
[2026-07-10 23:30:20] TRADE MATCHED: Ticker: RELIANCE | Buy Order: 6668 | Sell Order: 6784 | Price: ₹2283.31 | Qty: 9 | Total: ₹20549.79
[2026-07-10 23:30:20] TRADE MATCHED: Ticker: RELIANCE | Buy Order: 6532 | Sell Order: 6784 | Price: ₹2281.87 | Qty: 1 | Total: ₹2281.87
[2026-07-10 23:30:20] TRADE MATCHED: Ticker: TCS | Buy Order: 6757 | Sell Order: 6785 | Price: ₹3202.23 | Qty: 1 | Total: ₹3202.23
[2026-07-10 23:30:23] TRADE MATCHED: Ticker: RELIANCE | Buy Order: 6532 | Sell Order: 6787 | Price: ₹2281.87 | Qty: 2 | Total: ₹4563.74
[2026-07-10 23:30:26] TRADE MATCHED: Ticker: TATAMOTORS | Buy Order: 6513 | Sell Order: 6789 | Price: ₹637.85 | Qty: 4 | Total: ₹2551.40
[2026-07-10 23:30:26] TRADE MATCHED: Ticker: TATAMOTORS | Buy Order: 5839 | Sell Order: 6789 | Price: ₹637.63 | Qty: 4 | Total: ₹2550.52
[2026-07-10 23:30:28] TRADE MATCHED: Ticker: HDFCBANK | Buy Order: 6769 | Sell Order: 6791 | Price: ₹1582.31 | Qty: 9 | Total: ₹14240.79
[2026-07-10 23:30:30] TRADE MATCHED: Ticker: HDFCBANK | Buy Order: 6769 | Sell Order: 6792 | Price: ₹1582.31 | Qty: 1 | Total: ₹1582.31
[2026-07-10 23:30:30] TRADE MATCHED: Ticker: HDFCBANK | Buy Order: 6759 | Sell Order: 6792 | Price: ₹1581.54 | Qty: 5 | Total: ₹7907.70
[2026-07-10 23:30:31] TRADE MATCHED: Ticker: SUNPHARMA | Buy Order: 6763 | Sell Order: 6794 | Price: ₹1050.65 | Qty: 10 | Total: ₹10506.50
[2026-07-10 23:30:32] TRADE MATCHED: Ticker: SUNPHARMA | Buy Order: 5101 | Sell Order: 6794 | Price: ₹1047.78 | Qty: 2 | Total: ₹2095.56
[2026-07-10 23:30:40] TRADE MATCHED: Ticker: HDFCBANK | Buy Order: 6711 | Sell Order: 6801 | Price: ₹1576.20 | Qty: 15 | Total: ₹23643.00
[2026-07-10 23:30:41] TRADE MATCHED: Ticker: TATAMOTORS | Buy Order: 6795 | Sell Order: 6802 | Price: ₹639.72 | Qty: 4 | Total: ₹2558.88
[2026-07-10 23:30:41] TRADE MATCHED: Ticker: TATAMOTORS | Buy Order: 6790 | Sell Order: 6802 | Price: ₹638.85 | Qty: 1 | Total: ₹638.85
[2026-07-10 23:30:41] TRADE MATCHED: Ticker: TATAMOTORS | Buy Order: 5839 | Sell Order: 6802 | Price: ₹637.63 | Qty: 2 | Total: ₹1275.26
[2026-07-10 23:30:47] TRADE MATCHED: Ticker: TATAMOTORS | Buy Order: 5839 | Sell Order: 6807 | Price: ₹637.63 | Qty: 5 | Total: ₹3188.15
[2026-07-10 23:30:47] TRADE MATCHED: Ticker: TATAMOTORS | Buy Order: 5876 | Sell Order: 6807 | Price: ₹636.09 | Qty: 7 | Total: ₹4452.63
[2026-07-10 23:30:49] TRADE MATCHED: Ticker: TATAMOTORS | Buy Order: 5876 | Sell Order: 6809 | Price: ₹636.09 | Qty: 2 | Total: ₹1272.18
[2026-07-10 23:30:50] TRADE MATCHED: Ticker: HDFCBANK | Buy Order: 6810 | Sell Order: 6792 | Price: ₹1577.04 | Qty: 8 | Total: ₹12616.32
[2026-07-10 23:30:50] TRADE MATCHED: Ticker: HDFCBANK | Buy Order: 6810 | Sell Order: 6781 | Price: ₹1588.70 | Qty: 7 | Total: ₹11120.90
[2026-07-10 23:30:53] TRADE MATCHED: Ticker: SUNPHARMA | Buy Order: 6797 | Sell Order: 6811 | Price: ₹1049.70 | Qty: 2 | Total: ₹2099.40
[2026-07-10 23:30:55] TRADE MATCHED: Ticker: RELIANCE | Buy Order: 6813 | Sell Order: 6787 | Price: ₹2281.15 | Qty: 3 | Total: ₹6843.45
[2026-07-10 23:30:55] TRADE MATCHED: Ticker: RELIANCE | Buy Order: 6813 | Sell Order: 6808 | Price: ₹2288.88 | Qty: 7 | Total: ₹16022.16
[2026-07-10 23:31:02] TRADE MATCHED: Ticker: HDFCBANK | Buy Order: 6818 | Sell Order: 6816 | Price: ₹1580.93 | Qty: 2 | Total: ₹3161.86
[2026-07-10 23:31:08] TRADE MATCHED: Ticker: HDFCBANK | Buy Order: 4769 | Sell Order: 6823 | Price: ₹1573.63 | Qty: 1 | Total: ₹1573.63
[2026-07-10 23:31:08] TRADE MATCHED: Ticker: HDFCBANK | Buy Order: 6328 | Sell Order: 6823 | Price: ₹1573.11 | Qty: 4 | Total: ₹6292.44
[2026-07-10 23:31:11] TRADE MATCHED: Ticker: TCS | Buy Order: 6825 | Sell Order: 6785 | Price: ₹3181.07 | Qty: 4 | Total: ₹12724.28
[2026-07-10 23:31:14] TRADE MATCHED: Ticker: SUNPHARMA | Buy Order: 6797 | Sell Order: 6828 | Price: ₹1049.70 | Qty: 2 | Total: ₹2099.40
[2026-07-10 23:31:16] TRADE MATCHED: Ticker: RELIANCE | Buy Order: 6830 | Sell Order: 6772 | Price: ₹2291.95 | Qty: 9 | Total: ₹20627.55
[2026-07-10 23:31:17] TRADE MATCHED: Ticker: TATAMOTORS | Buy Order: 6831 | Sell Order: 6782 | Price: ₹644.22 | Qty: 3 | Total: ₹1932.66
[2026-07-10 23:31:19] TRADE MATCHED: Ticker: TATAMOTORS | Buy Order: 6831 | Sell Order: 6834 | Price: ₹645.23 | Qty: 6 | Total: ₹3871.38
[2026-07-10 23:31:19] TRADE MATCHED: Ticker: TATAMOTORS | Buy Order: 6812 | Sell Order: 6834 | Price: ₹639.55 | Qty: 1 | Total: ₹639.55
[2026-07-10 23:31:23] TRADE MATCHED: Ticker: HDFCBANK | Buy Order: 6328 | Sell Order: 6835 | Price: ₹1573.11 | Qty: 2 | Total: ₹3146.22
[2026-07-10 23:31:24] TRADE MATCHED: Ticker: HDFCBANK | Buy Order: 6328 | Sell Order: 6837 | Price: ₹1573.11 | Qty: 1 | Total: ₹1573.11
[2026-07-10 23:31:24] TRADE MATCHED: Ticker: HDFCBANK | Buy Order: 4982 | Sell Order: 6837 | Price: ₹1572.84 | Qty: 4 | Total: ₹6291.36
[2026-07-10 23:31:24] TRADE MATCHED: Ticker: HDFCBANK | Buy Order: 4708 | Sell Order: 6837 | Price: ₹1572.71 | Qty: 5 | Total: ₹7863.55
[2026-07-10 23:31:24] TRADE MATCHED: Ticker: HDFCBANK | Buy Order: 6710 | Sell Order: 6837 | Price: ₹1572.40 | Qty: 2 | Total: ₹3144.80
[2026-07-10 23:31:30] TRADE MATCHED: Ticker: SUNPHARMA | Buy Order: 5101 | Sell Order: 6842 | Price: ₹1047.78 | Qty: 3 | Total: ₹3143.34
[2026-07-10 23:31:30] TRADE MATCHED: Ticker: SUNPHARMA | Buy Order: 3502 | Sell Order: 6842 | Price: ₹1047.47 | Qty: 9 | Total: ₹9427.23
[2026-07-10 23:31:35] TRADE MATCHED: Ticker: TCS | Buy Order: 6847 | Sell Order: 6846 | Price: ₹3145.94 | Qty: 9 | Total: ₹28313.46
[2026-07-10 23:31:35] TRADE MATCHED: Ticker: TCS | Buy Order: 6783 | Sell Order: 6846 | Price: ₹3170.36 | Qty: 1 | Total: ₹3170.36
[2026-07-10 23:31:50] TRADE MATCHED: Ticker: TATAMOTORS | Buy Order: 6812 | Sell Order: 6861 | Price: ₹639.55 | Qty: 6 | Total: ₹3837.30
[2026-07-10 23:31:51] TRADE MATCHED: Ticker: TATAMOTORS | Buy Order: 5876 | Sell Order: 6861 | Price: ₹636.09 | Qty: 6 | Total: ₹3816.54
[2026-07-10 23:31:51] TRADE MATCHED: Ticker: TATAMOTORS | Buy Order: 6822 | Sell Order: 6861 | Price: ₹636.07 | Qty: 2 | Total: ₹1272.14
[2026-07-10 23:31:51] TRADE MATCHED: Ticker: TCS | Buy Order: 6862 | Sell Order: 6858 | Price: ₹3166.21 | Qty: 13 | Total: ₹41160.73
[2026-07-10 23:31:54] TRADE MATCHED: Ticker: SUNPHARMA | Buy Order: 6863 | Sell Order: 6828 | Price: ₹1049.02 | Qty: 4 | Total: ₹4196.08
[2026-07-10 23:31:57] TRADE MATCHED: Ticker: RELIANCE | Buy Order: 6865 | Sell Order: 6772 | Price: ₹2291.95 | Qty: 5 | Total: ₹11459.75
[2026-07-10 23:31:57] TRADE MATCHED: Ticker: RELIANCE | Buy Order: 6865 | Sell Order: 6738 | Price: ₹2293.00 | Qty: 2 | Total: ₹4586.00
[2026-07-10 23:32:00] TRADE MATCHED: Ticker: SUNPHARMA | Buy Order: 6867 | Sell Order: 6868 | Price: ₹1055.75 | Qty: 4 | Total: ₹4223.00
[2026-07-10 23:32:02] TRADE MATCHED: Ticker: SUNPHARMA | Buy Order: 6870 | Sell Order: 6868 | Price: ₹1054.18 | Qty: 1 | Total: ₹1054.18
[2026-07-10 23:32:02] TRADE MATCHED: Ticker: SUNPHARMA | Buy Order: 6870 | Sell Order: 6803 | Price: ₹1056.16 | Qty: 5 | Total: ₹5280.80
[2026-07-10 23:32:03] TRADE MATCHED: Ticker: HDFCBANK | Buy Order: 6710 | Sell Order: 6871 | Price: ₹1572.40 | Qty: 1 | Total: ₹1572.40
[2026-07-10 23:32:06] TRADE MATCHED: Ticker: HDFCBANK | Buy Order: 6873 | Sell Order: 6869 | Price: ₹1575.93 | Qty: 5 | Total: ₹7879.65
[2026-07-10 23:32:06] TRADE MATCHED: Ticker: HDFCBANK | Buy Order: 6873 | Sell Order: 6829 | Price: ₹1576.83 | Qty: 3 | Total: ₹4730.49
[2026-07-10 23:32:06] TRADE MATCHED: Ticker: HDFCBANK | Buy Order: 6873 | Sell Order: 6816 | Price: ₹1580.93 | Qty: 3 | Total: ₹4742.79
[2026-07-10 23:32:07] TRADE MATCHED: Ticker: HDFCBANK | Buy Order: 6873 | Sell Order: 6855 | Price: ₹1586.11 | Qty: 3 | Total: ₹4758.33
[2026-07-10 23:32:07] TRADE MATCHED: Ticker: TATAMOTORS | Buy Order: 6822 | Sell Order: 6874 | Price: ₹636.07 | Qty: 6 | Total: ₹3816.42
[2026-07-10 23:32:11] TRADE MATCHED: Ticker: TCS | Buy Order: 5698 | Sell Order: 6877 | Price: ₹3163.83 | Qty: 10 | Total: ₹31638.30
[2026-07-10 23:32:12] TRADE MATCHED: Ticker: TCS | Buy Order: 6526 | Sell Order: 6877 | Price: ₹3162.87 | Qty: 3 | Total: ₹9488.61
[2026-07-10 23:32:12] TRADE MATCHED: Ticker: TATAMOTORS | Buy Order: 6822 | Sell Order: 6879 | Price: ₹636.07 | Qty: 3 | Total: ₹1908.21
[2026-07-10 23:32:12] TRADE MATCHED: Ticker: TATAMOTORS | Buy Order: 6194 | Sell Order: 6879 | Price: ₹635.27 | Qty: 5 | Total: ₹3176.35
[2026-07-10 23:32:12] TRADE MATCHED: Ticker: TATAMOTORS | Buy Order: 6487 | Sell Order: 6879 | Price: ₹635.04 | Qty: 5 | Total: ₹3175.20
[2026-07-10 23:32:15] TRADE MATCHED: Ticker: SUNPHARMA | Buy Order: 6881 | Sell Order: 6803 | Price: ₹1056.16 | Qty: 9 | Total: ₹9505.44
[2026-07-10 23:32:15] TRADE MATCHED: Ticker: SUNPHARMA | Buy Order: 6881 | Sell Order: 6805 | Price: ₹1056.27 | Qty: 1 | Total: ₹1056.27
[2026-07-10 23:32:15] TRADE MATCHED: Ticker: SUNPHARMA | Buy Order: 6881 | Sell Order: 6776 | Price: ₹1058.73 | Qty: 5 | Total: ₹5293.65
[2026-07-10 23:32:15] TRADE MATCHED: Ticker: TATAMOTORS | Buy Order: 6487 | Sell Order: 6882 | Price: ₹635.04 | Qty: 10 | Total: ₹6350.40
[2026-07-10 23:32:16] TRADE MATCHED: Ticker: TATAMOTORS | Buy Order: 6621 | Sell Order: 6882 | Price: ₹635.01 | Qty: 3 | Total: ₹1905.03
[2026-07-10 23:32:18] TRADE MATCHED: Ticker: HDFCBANK | Buy Order: 6710 | Sell Order: 6885 | Price: ₹1572.40 | Qty: 4 | Total: ₹6289.60
[2026-07-10 23:32:21] TRADE MATCHED: Ticker: TCS | Buy Order: 6526 | Sell Order: 6887 | Price: ₹3162.87 | Qty: 8 | Total: ₹25302.96
[2026-07-10 23:32:22] TRADE MATCHED: Ticker: TCS | Buy Order: 6093 | Sell Order: 6887 | Price: ₹3162.39 | Qty: 2 | Total: ₹6324.78
[2026-07-10 23:32:27] TRADE MATCHED: Ticker: HDFCBANK | Buy Order: 6710 | Sell Order: 6892 | Price: ₹1572.40 | Qty: 4 | Total: ₹6289.60
[2026-07-10 23:32:31] TRADE MATCHED: Ticker: RELIANCE | Buy Order: 6893 | Sell Order: 6820 | Price: ₹2295.48 | Qty: 1 | Total: ₹2295.48
[2026-07-10 23:32:31] TRADE MATCHED: Ticker: RELIANCE | Buy Order: 6893 | Sell Order: 4440 | Price: ₹2298.21 | Qty: 5 | Total: ₹11491.05
[2026-07-10 23:32:31] TRADE MATCHED: Ticker: RELIANCE | Buy Order: 6893 | Sell Order: 4932 | Price: ₹2298.65 | Qty: 8 | Total: ₹18389.20
[2026-07-10 23:32:34] TRADE MATCHED: Ticker: TCS | Buy Order: 6891 | Sell Order: 6896 | Price: ₹3165.66 | Qty: 2 | Total: ₹6331.32
[2026-07-10 23:32:34] TRADE MATCHED: Ticker: TCS | Buy Order: 6451 | Sell Order: 6896 | Price: ₹3160.65 | Qty: 6 | Total: ₹18963.90
[2026-07-10 23:32:34] TRADE MATCHED: Ticker: HDFCBANK | Buy Order: 6897 | Sell Order: 6855 | Price: ₹1586.11 | Qty: 6 | Total: ₹9516.66
[2026-07-10 23:32:38] TRADE MATCHED: Ticker: HDFCBANK | Buy Order: 6894 | Sell Order: 6901 | Price: ₹1583.08 | Qty: 6 | Total: ₹9498.48
[2026-07-10 23:32:43] TRADE MATCHED: Ticker: SUNPHARMA | Buy Order: 6890 | Sell Order: 6903 | Price: ₹1057.21 | Qty: 1 | Total: ₹1057.21
[2026-07-10 23:32:46] TRADE MATCHED: Ticker: TCS | Buy Order: 6451 | Sell Order: 6906 | Price: ₹3160.65 | Qty: 3 | Total: ₹9481.95
[2026-07-10 23:32:46] TRADE MATCHED: Ticker: TCS | Buy Order: 6064 | Sell Order: 6906 | Price: ₹3158.75 | Qty: 7 | Total: ₹22111.25
[2026-07-10 23:32:50] TRADE MATCHED: Ticker: TATAMOTORS | Buy Order: 6621 | Sell Order: 6910 | Price: ₹635.01 | Qty: 3 | Total: ₹1905.03
[2026-07-10 23:32:50] TRADE MATCHED: Ticker: TATAMOTORS | Buy Order: 6889 | Sell Order: 6910 | Price: ₹634.94 | Qty: 9 | Total: ₹5714.46
[2026-07-10 23:32:52] TRADE MATCHED: Ticker: HDFCBANK | Buy Order: 6911 | Sell Order: 6901 | Price: ₹1581.15 | Qty: 3 | Total: ₹4743.45
[2026-07-10 23:32:52] TRADE MATCHED: Ticker: HDFCBANK | Buy Order: 6895 | Sell Order: 6912 | Price: ₹1575.99 | Qty: 3 | Total: ₹4727.97
[2026-07-10 23:32:57] TRADE MATCHED: Ticker: HDFCBANK | Buy Order: 6895 | Sell Order: 6915 | Price: ₹1575.99 | Qty: 1 | Total: ₹1575.99
[2026-07-10 23:32:57] TRADE MATCHED: Ticker: HDFCBANK | Buy Order: 6710 | Sell Order: 6915 | Price: ₹1572.40 | Qty: 1 | Total: ₹1572.40
[2026-07-10 23:32:57] TRADE MATCHED: Ticker: HDFCBANK | Buy Order: 4772 | Sell Order: 6915 | Price: ₹1572.39 | Qty: 7 | Total: ₹11006.73
[2026-07-10 23:32:57] TRADE MATCHED: Ticker: HDFCBANK | Buy Order: 4291 | Sell Order: 6915 | Price: ₹1572.34 | Qty: 3 | Total: ₹4717.02
[2026-07-10 23:33:00] TRADE MATCHED: Ticker: SUNPHARMA | Buy Order: 6917 | Sell Order: 6908 | Price: ₹1061.48 | Qty: 4 | Total: ₹4245.92
[2026-07-10 23:33:08] TRADE MATCHED: Ticker: HDFCBANK | Buy Order: 6919 | Sell Order: 6925 | Price: ₹1572.36 | Qty: 5 | Total: ₹7861.80
[2026-07-10 23:33:09] TRADE MATCHED: Ticker: HDFCBANK | Buy Order: 4291 | Sell Order: 6925 | Price: ₹1572.34 | Qty: 2 | Total: ₹3144.68
[2026-07-10 23:33:10] TRADE MATCHED: Ticker: TCS | Buy Order: 6913 | Sell Order: 6926 | Price: ₹3165.81 | Qty: 7 | Total: ₹22160.67
[2026-07-10 23:33:13] TRADE MATCHED: Ticker: SUNPHARMA | Buy Order: 6890 | Sell Order: 6929 | Price: ₹1057.21 | Qty: 4 | Total: ₹4228.84
[2026-07-10 23:33:15] TRADE MATCHED: Ticker: HDFCBANK | Buy Order: 4291 | Sell Order: 6930 | Price: ₹1572.34 | Qty: 10 | Total: ₹15723.40
[2026-07-10 23:33:18] TRADE MATCHED: Ticker: TATAMOTORS | Buy Order: 6914 | Sell Order: 6933 | Price: ₹636.07 | Qty: 6 | Total: ₹3816.42
[2026-07-10 23:33:18] TRADE MATCHED: Ticker: TATAMOTORS | Buy Order: 6889 | Sell Order: 6933 | Price: ₹634.94 | Qty: 3 | Total: ₹1904.82
[2026-07-10 23:33:27] TRADE MATCHED: Ticker: TCS | Buy Order: 6913 | Sell Order: 6940 | Price: ₹3165.81 | Qty: 2 | Total: ₹6331.62
[2026-07-10 23:33:27] TRADE MATCHED: Ticker: TCS | Buy Order: 6937 | Sell Order: 6940 | Price: ₹3159.00 | Qty: 3 | Total: ₹9477.00
[2026-07-10 23:33:27] TRADE MATCHED: Ticker: TCS | Buy Order: 6064 | Sell Order: 6939 | Price: ₹3158.75 | Qty: 5 | Total: ₹15793.75
[2026-07-10 23:33:27] TRADE MATCHED: Ticker: TCS | Buy Order: 6051 | Sell Order: 6939 | Price: ₹3156.46 | Qty: 3 | Total: ₹9469.38
[2026-07-10 23:33:28] TRADE MATCHED: Ticker: TCS | Buy Order: 6826 | Sell Order: 6939 | Price: ₹3155.47 | Qty: 7 | Total: ₹22088.29
[2026-07-10 23:33:28] TRADE MATCHED: Ticker: SUNPHARMA | Buy Order: 6941 | Sell Order: 6929 | Price: ₹1055.47 | Qty: 4 | Total: ₹4221.88
[2026-07-10 23:33:28] TRADE MATCHED: Ticker: SUNPHARMA | Buy Order: 6941 | Sell Order: 6908 | Price: ₹1061.48 | Qty: 2 | Total: ₹2122.96
[2026-07-10 23:33:31] TRADE MATCHED: Ticker: RELIANCE | Buy Order: 6943 | Sell Order: 6898 | Price: ₹2298.45 | Qty: 3 | Total: ₹6895.35
[2026-07-10 23:33:34] TRADE MATCHED: Ticker: SUNPHARMA | Buy Order: 6945 | Sell Order: 6908 | Price: ₹1061.48 | Qty: 3 | Total: ₹3184.44
[2026-07-10 23:33:34] TRADE MATCHED: Ticker: SUNPHARMA | Buy Order: 6945 | Sell Order: 6817 | Price: ₹1063.68 | Qty: 3 | Total: ₹3191.04
[2026-07-10 23:33:35] TRADE MATCHED: Ticker: RELIANCE | Buy Order: 6947 | Sell Order: 6898 | Price: ₹2298.45 | Qty: 7 | Total: ₹16089.15
[2026-07-10 23:33:35] TRADE MATCHED: Ticker: RELIANCE | Buy Order: 6947 | Sell Order: 4932 | Price: ₹2298.65 | Qty: 2 | Total: ₹4597.30
[2026-07-10 23:33:36] TRADE MATCHED: Ticker: SUNPHARMA | Buy Order: 6948 | Sell Order: 6817 | Price: ₹1063.68 | Qty: 1 | Total: ₹1063.68
[2026-07-10 23:33:37] TRADE MATCHED: Ticker: SUNPHARMA | Buy Order: 6948 | Sell Order: 6949 | Price: ₹1064.22 | Qty: 3 | Total: ₹3192.66
[2026-07-10 23:33:40] TRADE MATCHED: Ticker: TCS | Buy Order: 6553 | Sell Order: 6951 | Price: ₹3155.32 | Qty: 1 | Total: ₹3155.32
[2026-07-10 23:33:43] TRADE MATCHED: Ticker: SUNPHARMA | Buy Order: 6948 | Sell Order: 6953 | Price: ₹1064.22 | Qty: 8 | Total: ₹8513.76
[2026-07-10 23:33:44] TRADE MATCHED: Ticker: TATAMOTORS | Buy Order: 6889 | Sell Order: 6954 | Price: ₹634.94 | Qty: 3 | Total: ₹1904.82
[2026-07-10 23:33:44] TRADE MATCHED: Ticker: TATAMOTORS | Buy Order: 6201 | Sell Order: 6954 | Price: ₹634.68 | Qty: 9 | Total: ₹5712.12
[2026-07-10 23:33:45] TRADE MATCHED: Ticker: TCS | Buy Order: 6956 | Sell Order: 6952 | Price: ₹3158.57 | Qty: 7 | Total: ₹22109.99
[2026-07-10 23:33:45] TRADE MATCHED: Ticker: TCS | Buy Order: 6956 | Sell Order: 6858 | Price: ₹3166.21 | Qty: 1 | Total: ₹3166.21
[2026-07-10 23:33:45] TRADE MATCHED: Ticker: TCS | Buy Order: 6956 | Sell Order: 6851 | Price: ₹3180.26 | Qty: 2 | Total: ₹6360.52
[2026-07-10 23:33:45] TRADE MATCHED: Ticker: TCS | Buy Order: 6956 | Sell Order: 6785 | Price: ₹3181.07 | Qty: 1 | Total: ₹3181.07
[2026-07-10 23:33:50] TRADE MATCHED: Ticker: HDFCBANK | Buy Order: 6960 | Sell Order: 6855 | Price: ₹1586.11 | Qty: 2 | Total: ₹3172.22
[2026-07-10 23:33:51] TRADE MATCHED: Ticker: HDFCBANK | Buy Order: 6960 | Sell Order: 6959 | Price: ₹1587.29 | Qty: 4 | Total: ₹6349.16
[2026-07-10 23:33:54] TRADE MATCHED: Ticker: TCS | Buy Order: 6963 | Sell Order: 6785 | Price: ₹3181.07 | Qty: 7 | Total: ₹22267.49
[2026-07-10 23:33:54] TRADE MATCHED: Ticker: TCS | Buy Order: 6963 | Sell Order: 6849 | Price: ₹3189.99 | Qty: 1 | Total: ₹3189.99
[2026-07-10 23:33:56] TRADE MATCHED: Ticker: TATAMOTORS | Buy Order: 6966 | Sell Order: 6965 | Price: ₹638.37 | Qty: 2 | Total: ₹1276.74
[2026-07-10 23:33:56] TRADE MATCHED: Ticker: TATAMOTORS | Buy Order: 6966 | Sell Order: 6920 | Price: ₹639.44 | Qty: 5 | Total: ₹3197.20
[2026-07-10 23:33:56] TRADE MATCHED: Ticker: TATAMOTORS | Buy Order: 6966 | Sell Order: 6857 | Price: ₹641.54 | Qty: 4 | Total: ₹2566.16
[2026-07-10 23:34:01] TRADE MATCHED: Ticker: HDFCBANK | Buy Order: 6969 | Sell Order: 6781 | Price: ₹1588.70 | Qty: 7 | Total: ₹11120.90
[2026-07-10 23:34:07] TRADE MATCHED: Ticker: SUNPHARMA | Buy Order: 6973 | Sell Order: 6656 | Price: ₹1064.98 | Qty: 4 | Total: ₹4259.92
[2026-07-10 23:34:07] TRADE MATCHED: Ticker: SUNPHARMA | Buy Order: 6973 | Sell Order: 6788 | Price: ₹1065.41 | Qty: 8 | Total: ₹8523.28
[2026-07-10 23:34:07] TRADE MATCHED: Ticker: SUNPHARMA | Buy Order: 6973 | Sell Order: 5553 | Price: ₹1066.05 | Qty: 1 | Total: ₹1066.05
[2026-07-10 23:34:12] TRADE MATCHED: Ticker: TCS | Buy Order: 6977 | Sell Order: 6976 | Price: ₹3166.79 | Qty: 2 | Total: ₹6333.58
[2026-07-10 23:34:12] TRADE MATCHED: Ticker: TCS | Buy Order: 6977 | Sell Order: 6849 | Price: ₹3189.99 | Qty: 6 | Total: ₹19139.94
[2026-07-10 23:34:16] TRADE MATCHED: Ticker: RELIANCE | Buy Order: 6813 | Sell Order: 6980 | Price: ₹2290.19 | Qty: 3 | Total: ₹6870.57
[2026-07-10 23:34:16] TRADE MATCHED: Ticker: RELIANCE | Buy Order: 6618 | Sell Order: 6980 | Price: ₹2277.61 | Qty: 6 | Total: ₹13665.66
[2026-07-10 23:34:17] TRADE MATCHED: Ticker: TATAMOTORS | Buy Order: 6981 | Sell Order: 6857 | Price: ₹641.54 | Qty: 3 | Total: ₹1924.62
[2026-07-10 23:34:17] TRADE MATCHED: Ticker: TATAMOTORS | Buy Order: 6981 | Sell Order: 6905 | Price: ₹641.55 | Qty: 2 | Total: ₹1283.10
[2026-07-10 23:34:18] TRADE MATCHED: Ticker: SUNPHARMA | Buy Order: 6982 | Sell Order: 5908 | Price: ₹1066.17 | Qty: 4 | Total: ₹4264.68
[2026-07-10 23:34:18] TRADE MATCHED: Ticker: SUNPHARMA | Buy Order: 6982 | Sell Order: 5702 | Price: ₹1066.23 | Qty: 2 | Total: ₹2132.46
[2026-07-10 23:34:20] TRADE MATCHED: Ticker: HDFCBANK | Buy Order: 6969 | Sell Order: 6984 | Price: ₹1593.17 | Qty: 1 | Total: ₹1593.17
[2026-07-10 23:34:23] TRADE MATCHED: Ticker: HDFCBANK | Buy Order: 6960 | Sell Order: 6987 | Price: ₹1588.02 | Qty: 1 | Total: ₹1588.02
[2026-07-10 23:34:23] TRADE MATCHED: Ticker: HDFCBANK | Buy Order: 3420 | Sell Order: 6987 | Price: ₹1572.26 | Qty: 11 | Total: ₹17294.86
[2026-07-10 23:34:23] TRADE MATCHED: Ticker: HDFCBANK | Buy Order: 6684 | Sell Order: 6987 | Price: ₹1572.01 | Qty: 1 | Total: ₹1572.01
[2026-07-10 23:34:31] TRADE MATCHED: Ticker: HDFCBANK | Buy Order: 6684 | Sell Order: 6993 | Price: ₹1572.01 | Qty: 1 | Total: ₹1572.01
[2026-07-10 23:34:31] TRADE MATCHED: Ticker: RELIANCE | Buy Order: 6990 | Sell Order: 6994 | Price: ₹2279.75 | Qty: 13 | Total: ₹29636.75
[2026-07-10 23:34:31] TRADE MATCHED: Ticker: RELIANCE | Buy Order: 6618 | Sell Order: 6994 | Price: ₹2277.61 | Qty: 1 | Total: ₹2277.61
[2026-07-10 23:34:33] TRADE MATCHED: Ticker: SUNPHARMA | Buy Order: 6948 | Sell Order: 6995 | Price: ₹1064.22 | Qty: 1 | Total: ₹1064.22
[2026-07-10 23:34:33] TRADE MATCHED: Ticker: SUNPHARMA | Buy Order: 6946 | Sell Order: 6995 | Price: ₹1055.01 | Qty: 5 | Total: ₹5275.05
[2026-07-10 23:34:33] TRADE MATCHED: Ticker: SUNPHARMA | Buy Order: 6864 | Sell Order: 6995 | Price: ₹1054.17 | Qty: 3 | Total: ₹3162.51
[2026-07-10 23:34:35] TRADE MATCHED: Ticker: TCS | Buy Order: 6553 | Sell Order: 6997 | Price: ₹3155.32 | Qty: 11 | Total: ₹34708.52
[2026-07-10 23:34:35] TRADE MATCHED: Ticker: SUNPHARMA | Buy Order: 6864 | Sell Order: 6998 | Price: ₹1054.17 | Qty: 4 | Total: ₹4216.68
[2026-07-10 23:34:35] TRADE MATCHED: Ticker: SUNPHARMA | Buy Order: 6931 | Sell Order: 6998 | Price: ₹1053.63 | Qty: 1 | Total: ₹1053.63
[2026-07-10 23:34:35] TRADE MATCHED: Ticker: SUNPHARMA | Buy Order: 3502 | Sell Order: 6998 | Price: ₹1047.47 | Qty: 2 | Total: ₹2094.94
[2026-07-10 23:34:36] TRADE MATCHED: Ticker: SUNPHARMA | Buy Order: 3059 | Sell Order: 6998 | Price: ₹1047.44 | Qty: 3 | Total: ₹3142.32
[2026-07-10 23:34:38] TRADE MATCHED: Ticker: HDFCBANK | Buy Order: 6684 | Sell Order: 7000 | Price: ₹1572.01 | Qty: 9 | Total: ₹14148.09
[2026-07-10 23:34:39] TRADE MATCHED: Ticker: HDFCBANK | Buy Order: 6343 | Sell Order: 7000 | Price: ₹1571.97 | Qty: 1 | Total: ₹1571.97
[2026-07-10 23:34:44] TRADE MATCHED: Ticker: TATAMOTORS | Buy Order: 7005 | Sell Order: 6905 | Price: ₹641.55 | Qty: 1 | Total: ₹641.55
[2026-07-10 23:34:44] TRADE MATCHED: Ticker: TATAMOTORS | Buy Order: 7005 | Sell Order: 6935 | Price: ₹644.04 | Qty: 10 | Total: ₹6440.40
[2026-07-10 23:34:47] TRADE MATCHED: Ticker: RELIANCE | Buy Order: 6618 | Sell Order: 7006 | Price: ₹2277.61 | Qty: 5 | Total: ₹11388.05
[2026-07-10 23:34:47] TRADE MATCHED: Ticker: RELIANCE | Buy Order: 6999 | Sell Order: 7006 | Price: ₹2274.74 | Qty: 4 | Total: ₹9098.96
[2026-07-10 23:34:52] TRADE MATCHED: Ticker: RELIANCE | Buy Order: 6999 | Sell Order: 7011 | Price: ₹2274.74 | Qty: 4 | Total: ₹9098.96
[2026-07-10 23:34:52] TRADE MATCHED: Ticker: RELIANCE | Buy Order: 6819 | Sell Order: 7011 | Price: ₹2274.07 | Qty: 9 | Total: ₹20466.63
[2026-07-10 23:35:01] TRADE MATCHED: Ticker: SUNPHARMA | Buy Order: 3059 | Sell Order: 7017 | Price: ₹1047.44 | Qty: 10 | Total: ₹10474.40
[2026-07-10 23:35:04] TRADE MATCHED: Ticker: TATAMOTORS | Buy Order: 7019 | Sell Order: 6935 | Price: ₹644.04 | Qty: 2 | Total: ₹1288.08
[2026-07-10 23:35:04] TRADE MATCHED: Ticker: TATAMOTORS | Buy Order: 7019 | Sell Order: 6938 | Price: ₹645.81 | Qty: 3 | Total: ₹1937.43
[2026-07-10 23:35:05] TRADE MATCHED: Ticker: TATAMOTORS | Buy Order: 7021 | Sell Order: 6938 | Price: ₹645.81 | Qty: 4 | Total: ₹2583.24
[2026-07-10 23:35:05] TRADE MATCHED: Ticker: TATAMOTORS | Buy Order: 7021 | Sell Order: 6928 | Price: ₹645.85 | Qty: 2 | Total: ₹1291.70
[2026-07-10 23:35:11] TRADE MATCHED: Ticker: HDFCBANK | Buy Order: 7025 | Sell Order: 7008 | Price: ₹1588.52 | Qty: 5 | Total: ₹7942.60
[2026-07-10 23:35:11] TRADE MATCHED: Ticker: HDFCBANK | Buy Order: 7025 | Sell Order: 6984 | Price: ₹1589.29 | Qty: 1 | Total: ₹1589.29
[2026-07-10 23:35:11] TRADE MATCHED: Ticker: HDFCBANK | Buy Order: 7025 | Sell Order: 6988 | Price: ₹1589.30 | Qty: 5 | Total: ₹7946.50
[2026-07-10 23:35:11] TRADE MATCHED: Ticker: HDFCBANK | Buy Order: 7025 | Sell Order: 7024 | Price: ₹1590.85 | Qty: 3 | Total: ₹4772.55
[2026-07-10 23:35:15] TRADE MATCHED: Ticker: RELIANCE | Buy Order: 7028 | Sell Order: 7001 | Price: ₹2292.77 | Qty: 4 | Total: ₹9171.08
[2026-07-10 23:35:16] TRADE MATCHED: Ticker: RELIANCE | Buy Order: 7028 | Sell Order: 7004 | Price: ₹2292.77 | Qty: 4 | Total: ₹9171.08
[2026-07-10 23:35:18] TRADE MATCHED: Ticker: TATAMOTORS | Buy Order: 7030 | Sell Order: 6928 | Price: ₹645.85 | Qty: 1 | Total: ₹645.85
[2026-07-10 23:35:18] TRADE MATCHED: Ticker: TATAMOTORS | Buy Order: 7030 | Sell Order: 3014 | Price: ₹647.31 | Qty: 1 | Total: ₹647.31
[2026-07-10 23:35:19] TRADE MATCHED: Ticker: TATAMOTORS | Buy Order: 7030 | Sell Order: 6382 | Price: ₹647.36 | Qty: 1 | Total: ₹647.36
[2026-07-10 23:35:22] TRADE MATCHED: Ticker: SUNPHARMA | Buy Order: 7020 | Sell Order: 7033 | Price: ₹1056.49 | Qty: 8 | Total: ₹8451.92
[2026-07-10 23:35:23] TRADE MATCHED: Ticker: RELIANCE | Buy Order: 7034 | Sell Order: 7004 | Price: ₹2292.77 | Qty: 1 | Total: ₹2292.77
[2026-07-10 23:35:23] TRADE MATCHED: Ticker: RELIANCE | Buy Order: 7034 | Sell Order: 7016 | Price: ₹2294.18 | Qty: 1 | Total: ₹2294.18
[2026-07-10 23:35:23] TRADE MATCHED: Ticker: RELIANCE | Buy Order: 7034 | Sell Order: 6996 | Price: ₹2296.04 | Qty: 8 | Total: ₹18368.32
[2026-07-10 23:35:23] TRADE MATCHED: Ticker: RELIANCE | Buy Order: 7034 | Sell Order: 7014 | Price: ₹2296.78 | Qty: 3 | Total: ₹6890.34
[2026-07-10 23:35:23] TRADE MATCHED: Ticker: RELIANCE | Buy Order: 7034 | Sell Order: 4932 | Price: ₹2298.65 | Qty: 1 | Total: ₹2298.65
[2026-07-10 23:35:27] TRADE MATCHED: Ticker: TCS | Buy Order: 6553 | Sell Order: 7038 | Price: ₹3155.32 | Qty: 1 | Total: ₹3155.32
[2026-07-10 23:35:27] TRADE MATCHED: Ticker: TCS | Buy Order: 6353 | Sell Order: 7038 | Price: ₹3153.02 | Qty: 1 | Total: ₹3153.02
[2026-07-10 23:35:30] TRADE MATCHED: Ticker: SUNPHARMA | Buy Order: 7027 | Sell Order: 7040 | Price: ₹1051.37 | Qty: 1 | Total: ₹1051.37
[2026-07-10 23:35:34] TRADE MATCHED: Ticker: TATAMOTORS | Buy Order: 7043 | Sell Order: 6382 | Price: ₹647.36 | Qty: 3 | Total: ₹1942.08
[2026-07-10 23:35:35] TRADE MATCHED: Ticker: TATAMOTORS | Buy Order: 7044 | Sell Order: 6382 | Price: ₹647.36 | Qty: 8 | Total: ₹5178.88
[2026-07-10 23:35:35] TRADE MATCHED: Ticker: TATAMOTORS | Buy Order: 7044 | Sell Order: 6408 | Price: ₹647.42 | Qty: 2 | Total: ₹1294.84
[2026-07-10 23:35:35] TRADE MATCHED: Ticker: TATAMOTORS | Buy Order: 7044 | Sell Order: 6225 | Price: ₹647.49 | Qty: 3 | Total: ₹1942.47
[2026-07-10 23:35:36] TRADE MATCHED: Ticker: RELIANCE | Buy Order: 7012 | Sell Order: 7045 | Price: ₹2277.07 | Qty: 2 | Total: ₹4554.14
[2026-07-10 23:35:37] TRADE MATCHED: Ticker: TATAMOTORS | Buy Order: 7046 | Sell Order: 6225 | Price: ₹647.49 | Qty: 5 | Total: ₹3237.45
[2026-07-10 23:35:37] TRADE MATCHED: Ticker: TATAMOTORS | Buy Order: 7046 | Sell Order: 3082 | Price: ₹647.51 | Qty: 1 | Total: ₹647.51
[2026-07-10 23:35:38] TRADE MATCHED: Ticker: RELIANCE | Buy Order: 7047 | Sell Order: 7037 | Price: ₹2292.84 | Qty: 1 | Total: ₹2292.84
[2026-07-10 23:35:38] TRADE MATCHED: Ticker: RELIANCE | Buy Order: 7047 | Sell Order: 7041 | Price: ₹2298.11 | Qty: 5 | Total: ₹11490.55
[2026-07-10 23:35:38] TRADE MATCHED: Ticker: RELIANCE | Buy Order: 7047 | Sell Order: 4932 | Price: ₹2298.65 | Qty: 2 | Total: ₹4597.30
[2026-07-10 23:35:42] TRADE MATCHED: Ticker: SUNPHARMA | Buy Order: 7049 | Sell Order: 7010 | Price: ₹1057.72 | Qty: 12 | Total: ₹12692.64
[2026-07-10 23:35:42] TRADE MATCHED: Ticker: TATAMOTORS | Buy Order: 7032 | Sell Order: 7050 | Price: ₹643.62 | Qty: 3 | Total: ₹1930.86
[2026-07-10 23:35:44] TRADE MATCHED: Ticker: RELIANCE | Buy Order: 7052 | Sell Order: 4932 | Price: ₹2298.65 | Qty: 1 | Total: ₹2298.65
[2026-07-10 23:35:44] TRADE MATCHED: Ticker: RELIANCE | Buy Order: 7052 | Sell Order: 5800 | Price: ₹2298.66 | Qty: 10 | Total: ₹22986.60
[2026-07-10 23:35:44] TRADE MATCHED: Ticker: RELIANCE | Buy Order: 7052 | Sell Order: 6158 | Price: ₹2299.04 | Qty: 4 | Total: ₹9196.16
[2026-07-10 23:35:45] TRADE MATCHED: Ticker: RELIANCE | Buy Order: 7012 | Sell Order: 7053 | Price: ₹2277.07 | Qty: 6 | Total: ₹13662.42
[2026-07-10 23:35:45] TRADE MATCHED: Ticker: RELIANCE | Buy Order: 6819 | Sell Order: 7053 | Price: ₹2274.07 | Qty: 2 | Total: ₹4548.14
[2026-07-10 23:35:45] TRADE MATCHED: Ticker: RELIANCE | Buy Order: 6577 | Sell Order: 7053 | Price: ₹2271.20 | Qty: 2 | Total: ₹4542.40
[2026-07-10 23:35:49] TRADE MATCHED: Ticker: TCS | Buy Order: 6353 | Sell Order: 7056 | Price: ₹3153.02 | Qty: 6 | Total: ₹18918.12
[2026-07-10 23:35:51] TRADE MATCHED: Ticker: HDFCBANK | Buy Order: 6343 | Sell Order: 7057 | Price: ₹1571.97 | Qty: 2 | Total: ₹3143.94
[2026-07-10 23:35:51] TRADE MATCHED: Ticker: HDFCBANK | Buy Order: 5042 | Sell Order: 7057 | Price: ₹1571.62 | Qty: 13 | Total: ₹20431.06
[2026-07-10 23:35:54] TRADE MATCHED: Ticker: TATAMOTORS | Buy Order: 7032 | Sell Order: 7059 | Price: ₹643.62 | Qty: 8 | Total: ₹5148.96
[2026-07-10 23:35:56] TRADE MATCHED: Ticker: HDFCBANK | Buy Order: 3844 | Sell Order: 7060 | Price: ₹1571.21 | Qty: 12 | Total: ₹18854.52
[2026-07-10 23:36:00] TRADE MATCHED: Ticker: TCS | Buy Order: 6353 | Sell Order: 7065 | Price: ₹3153.02 | Qty: 7 | Total: ₹22071.14
[2026-07-10 23:36:07] TRADE MATCHED: Ticker: HDFCBANK | Buy Order: 3844 | Sell Order: 7071 | Price: ₹1571.21 | Qty: 1 | Total: ₹1571.21
[2026-07-10 23:36:07] TRADE MATCHED: Ticker: HDFCBANK | Buy Order: 6746 | Sell Order: 7071 | Price: ₹1571.10 | Qty: 7 | Total: ₹10997.70
[2026-07-10 23:36:10] TRADE MATCHED: Ticker: SUNPHARMA | Buy Order: 7073 | Sell Order: 7064 | Price: ₹1052.30 | Qty: 7 | Total: ₹7366.10
[2026-07-10 23:36:10] TRADE MATCHED: Ticker: TATAMOTORS | Buy Order: 7054 | Sell Order: 7074 | Price: ₹640.95 | Qty: 7 | Total: ₹4486.65
[2026-07-10 23:36:12] TRADE MATCHED: Ticker: TCS | Buy Order: 7075 | Sell Order: 7023 | Price: ₹3175.58 | Qty: 13 | Total: ₹41282.54
[2026-07-10 23:36:15] TRADE MATCHED: Ticker: SUNPHARMA | Buy Order: 7078 | Sell Order: 7064 | Price: ₹1052.30 | Qty: 8 | Total: ₹8418.40
[2026-07-10 23:36:15] TRADE MATCHED: Ticker: SUNPHARMA | Buy Order: 7078 | Sell Order: 7010 | Price: ₹1057.72 | Qty: 1 | Total: ₹1057.72
[2026-07-10 23:36:16] TRADE MATCHED: Ticker: HDFCBANK | Buy Order: 7079 | Sell Order: 7024 | Price: ₹1590.85 | Qty: 11 | Total: ₹17499.35
[2026-07-10 23:36:16] TRADE MATCHED: Ticker: HDFCBANK | Buy Order: 7079 | Sell Order: 6800 | Price: ₹1593.22 | Qty: 3 | Total: ₹4779.66
[2026-07-10 23:36:17] TRADE MATCHED: Ticker: TATAMOTORS | Buy Order: 7054 | Sell Order: 7080 | Price: ₹640.95 | Qty: 6 | Total: ₹3845.70
[2026-07-10 23:36:17] TRADE MATCHED: Ticker: TATAMOTORS | Buy Order: 6989 | Sell Order: 7080 | Price: ₹639.26 | Qty: 2 | Total: ₹1278.52
[2026-07-10 23:36:18] TRADE MATCHED: Ticker: HDFCBANK | Buy Order: 7081 | Sell Order: 6800 | Price: ₹1593.22 | Qty: 5 | Total: ₹7966.10
[2026-07-10 23:36:20] TRADE MATCHED: Ticker: RELIANCE | Buy Order: 6577 | Sell Order: 7082 | Price: ₹2271.20 | Qty: 2 | Total: ₹4542.40
[2026-07-10 23:36:20] TRADE MATCHED: Ticker: RELIANCE | Buy Order: 6663 | Sell Order: 7082 | Price: ₹2268.20 | Qty: 7 | Total: ₹15877.40
[2026-07-10 23:36:22] TRADE MATCHED: Ticker: SUNPHARMA | Buy Order: 7027 | Sell Order: 7084 | Price: ₹1051.37 | Qty: 2 | Total: ₹2102.74
[2026-07-10 23:36:24] TRADE MATCHED: Ticker: TATAMOTORS | Buy Order: 7086 | Sell Order: 7080 | Price: ₹636.88 | Qty: 3 | Total: ₹1910.64
[2026-07-10 23:36:27] TRADE MATCHED: Ticker: TATAMOTORS | Buy Order: 7088 | Sell Order: 7080 | Price: ₹636.88 | Qty: 1 | Total: ₹636.88
[2026-07-10 23:36:28] TRADE MATCHED: Ticker: TCS | Buy Order: 6353 | Sell Order: 7089 | Price: ₹3153.02 | Qty: 1 | Total: ₹3153.02
[2026-07-10 23:36:28] TRADE MATCHED: Ticker: TCS | Buy Order: 7085 | Sell Order: 7089 | Price: ₹3152.26 | Qty: 9 | Total: ₹28370.34
[2026-07-10 23:36:28] TRADE MATCHED: Ticker: TCS | Buy Order: 6031 | Sell Order: 7089 | Price: ₹3151.69 | Qty: 2 | Total: ₹6303.38
[2026-07-10 23:36:31] TRADE MATCHED: Ticker: TATAMOTORS | Buy Order: 7091 | Sell Order: 7080 | Price: ₹636.88 | Qty: 3 | Total: ₹1910.64
[2026-07-10 23:36:31] TRADE MATCHED: Ticker: TATAMOTORS | Buy Order: 7091 | Sell Order: 7059 | Price: ₹641.97 | Qty: 3 | Total: ₹1925.91
[2026-07-10 23:36:31] TRADE MATCHED: Ticker: TATAMOTORS | Buy Order: 7091 | Sell Order: 7072 | Price: ₹646.06 | Qty: 3 | Total: ₹1938.18
[2026-07-10 23:36:31] TRADE MATCHED: Ticker: TATAMOTORS | Buy Order: 7091 | Sell Order: 3082 | Price: ₹647.51 | Qty: 2 | Total: ₹1295.02
[2026-07-10 23:36:31] TRADE MATCHED: Ticker: TCS | Buy Order: 6031 | Sell Order: 7092 | Price: ₹3151.69 | Qty: 1 | Total: ₹3151.69
[2026-07-10 23:36:33] TRADE MATCHED: Ticker: SUNPHARMA | Buy Order: 7027 | Sell Order: 7093 | Price: ₹1051.37 | Qty: 10 | Total: ₹10513.70
[2026-07-10 23:36:38] TRADE MATCHED: Ticker: TCS | Buy Order: 7094 | Sell Order: 7098 | Price: ₹3166.53 | Qty: 4 | Total: ₹12666.12
[2026-07-10 23:36:38] TRADE MATCHED: Ticker: TCS | Buy Order: 6732 | Sell Order: 7098 | Price: ₹3150.82 | Qty: 6 | Total: ₹18904.92
[2026-07-10 23:36:40] TRADE MATCHED: Ticker: TATAMOTORS | Buy Order: 7099 | Sell Order: 3082 | Price: ₹647.51 | Qty: 10 | Total: ₹6475.10
[2026-07-10 23:36:40] TRADE MATCHED: Ticker: TATAMOTORS | Buy Order: 7099 | Sell Order: 5572 | Price: ₹647.59 | Qty: 3 | Total: ₹1942.77
[2026-07-10 23:36:41] TRADE MATCHED: Ticker: RELIANCE | Buy Order: 7101 | Sell Order: 7061 | Price: ₹2274.36 | Qty: 5 | Total: ₹11371.80
[2026-07-10 23:36:45] TRADE MATCHED: Ticker: TATAMOTORS | Buy Order: 7103 | Sell Order: 5572 | Price: ₹647.59 | Qty: 5 | Total: ₹3237.95
[2026-07-10 23:36:45] TRADE MATCHED: Ticker: RELIANCE | Buy Order: 7104 | Sell Order: 7061 | Price: ₹2274.36 | Qty: 5 | Total: ₹11371.80
[2026-07-10 23:36:49] TRADE MATCHED: Ticker: HDFCBANK | Buy Order: 7105 | Sell Order: 6800 | Price: ₹1593.22 | Qty: 2 | Total: ₹3186.44
[2026-07-10 23:36:49] TRADE MATCHED: Ticker: HDFCBANK | Buy Order: 7105 | Sell Order: 6814 | Price: ₹1593.56 | Qty: 8 | Total: ₹12748.48
[2026-07-10 23:36:49] TRADE MATCHED: Ticker: HDFCBANK | Buy Order: 7105 | Sell Order: 6752 | Price: ₹1593.94 | Qty: 2 | Total: ₹3187.88
[2026-07-10 23:36:51] TRADE MATCHED: Ticker: RELIANCE | Buy Order: 7104 | Sell Order: 7108 | Price: ₹2293.78 | Qty: 5 | Total: ₹11468.90
[2026-07-10 23:36:53] TRADE MATCHED: Ticker: TCS | Buy Order: 7110 | Sell Order: 7023 | Price: ₹3175.58 | Qty: 2 | Total: ₹6351.16
[2026-07-10 23:36:54] TRADE MATCHED: Ticker: TCS | Buy Order: 7110 | Sell Order: 7107 | Price: ₹3188.50 | Qty: 5 | Total: ₹15942.50
[2026-07-10 23:36:58] TRADE MATCHED: Ticker: HDFCBANK | Buy Order: 7114 | Sell Order: 7113 | Price: ₹1587.97 | Qty: 2 | Total: ₹3175.94
[2026-07-10 23:36:58] TRADE MATCHED: Ticker: HDFCBANK | Buy Order: 7114 | Sell Order: 6752 | Price: ₹1593.94 | Qty: 10 | Total: ₹15939.40
[2026-07-10 23:36:58] TRADE MATCHED: Ticker: HDFCBANK | Buy Order: 7114 | Sell Order: 6741 | Price: ₹1594.22 | Qty: 2 | Total: ₹3188.44
[2026-07-10 23:37:02] TRADE MATCHED: Ticker: RELIANCE | Buy Order: 7104 | Sell Order: 7116 | Price: ₹2293.78 | Qty: 4 | Total: ₹9175.12
[2026-07-10 23:37:02] TRADE MATCHED: Ticker: RELIANCE | Buy Order: 6663 | Sell Order: 7116 | Price: ₹2268.20 | Qty: 2 | Total: ₹4536.40
[2026-07-10 23:37:02] TRADE MATCHED: Ticker: RELIANCE | Buy Order: 7055 | Sell Order: 7116 | Price: ₹2266.26 | Qty: 8 | Total: ₹18130.08
[2026-07-10 23:37:05] TRADE MATCHED: Ticker: RELIANCE | Buy Order: 7118 | Sell Order: 7117 | Price: ₹2282.29 | Qty: 5 | Total: ₹11411.45
[2026-07-10 23:37:07] TRADE MATCHED: Ticker: RELIANCE | Buy Order: 7055 | Sell Order: 7119 | Price: ₹2266.26 | Qty: 2 | Total: ₹4532.52
[2026-07-10 23:37:08] TRADE MATCHED: Ticker: HDFCBANK | Buy Order: 7120 | Sell Order: 6741 | Price: ₹1594.22 | Qty: 4 | Total: ₹6376.88
[2026-07-10 23:37:08] TRADE MATCHED: Ticker: HDFCBANK | Buy Order: 7120 | Sell Order: 7009 | Price: ₹1594.60 | Qty: 4 | Total: ₹6378.40
[2026-07-10 23:37:12] TRADE MATCHED: Ticker: HDFCBANK | Buy Order: 7122 | Sell Order: 7009 | Price: ₹1594.60 | Qty: 1 | Total: ₹1594.60
[2026-07-10 23:37:12] TRADE MATCHED: Ticker: HDFCBANK | Buy Order: 7122 | Sell Order: 6625 | Price: ₹1594.68 | Qty: 4 | Total: ₹6378.72
[2026-07-10 23:37:12] TRADE MATCHED: Ticker: HDFCBANK | Buy Order: 7122 | Sell Order: 6971 | Price: ₹1595.17 | Qty: 1 | Total: ₹1595.17
[2026-07-10 23:37:13] TRADE MATCHED: Ticker: TCS | Buy Order: 7124 | Sell Order: 7107 | Price: ₹3188.50 | Qty: 2 | Total: ₹6377.00
[2026-07-10 23:37:13] TRADE MATCHED: Ticker: TCS | Buy Order: 7124 | Sell Order: 7022 | Price: ₹3191.10 | Qty: 1 | Total: ₹3191.10
[2026-07-10 23:37:14] TRADE MATCHED: Ticker: TCS | Buy Order: 7124 | Sell Order: 7097 | Price: ₹3192.13 | Qty: 5 | Total: ₹15960.65
[2026-07-10 23:37:14] TRADE MATCHED: Ticker: TCS | Buy Order: 7124 | Sell Order: 6876 | Price: ₹3195.18 | Qty: 1 | Total: ₹3195.18
[2026-07-10 23:37:20] TRADE MATCHED: Ticker: RELIANCE | Buy Order: 6685 | Sell Order: 7128 | Price: ₹2261.67 | Qty: 2 | Total: ₹4523.34
[2026-07-10 23:37:20] TRADE MATCHED: Ticker: RELIANCE | Buy Order: 7106 | Sell Order: 7128 | Price: ₹2260.46 | Qty: 7 | Total: ₹15823.22
[2026-07-10 23:37:21] TRADE MATCHED: Ticker: RELIANCE | Buy Order: 6872 | Sell Order: 7130 | Price: ₹2260.41 | Qty: 6 | Total: ₹13562.46
[2026-07-10 23:37:23] TRADE MATCHED: Ticker: HDFCBANK | Buy Order: 7132 | Sell Order: 7123 | Price: ₹1584.82 | Qty: 1 | Total: ₹1584.82
[2026-07-10 23:37:23] TRADE MATCHED: Ticker: HDFCBANK | Buy Order: 7132 | Sell Order: 6971 | Price: ₹1595.17 | Qty: 8 | Total: ₹12761.36
[2026-07-10 23:37:28] TRADE MATCHED: Ticker: TCS | Buy Order: 7134 | Sell Order: 6876 | Price: ₹3195.18 | Qty: 4 | Total: ₹12780.72
[2026-07-10 23:37:28] TRADE MATCHED: Ticker: TCS | Buy Order: 7136 | Sell Order: 6957 | Price: ₹3197.06 | Qty: 7 | Total: ₹22379.42
[2026-07-10 23:37:31] TRADE MATCHED: Ticker: TCS | Buy Order: 7138 | Sell Order: 6957 | Price: ₹3197.06 | Qty: 5 | Total: ₹15985.30
[2026-07-10 23:37:31] TRADE MATCHED: Ticker: TCS | Buy Order: 7138 | Sell Order: 6729 | Price: ₹3202.50 | Qty: 8 | Total: ₹25620.00
[2026-07-10 23:37:34] TRADE MATCHED: Ticker: SUNPHARMA | Buy Order: 3059 | Sell Order: 7140 | Price: ₹1047.44 | Qty: 2 | Total: ₹2094.88
[2026-07-10 23:37:34] TRADE MATCHED: Ticker: SUNPHARMA | Buy Order: 6636 | Sell Order: 7140 | Price: ₹1047.40 | Qty: 5 | Total: ₹5237.00
[2026-07-10 23:37:40] TRADE MATCHED: Ticker: TCS | Buy Order: 7144 | Sell Order: 6729 | Price: ₹3202.50 | Qty: 2 | Total: ₹6405.00
[2026-07-10 23:37:40] TRADE MATCHED: Ticker: TCS | Buy Order: 7144 | Sell Order: 6712 | Price: ₹3202.59 | Qty: 3 | Total: ₹9607.77
[2026-07-10 23:37:41] TRADE MATCHED: Ticker: SUNPHARMA | Buy Order: 7146 | Sell Order: 7095 | Price: ₹1056.27 | Qty: 7 | Total: ₹7393.89
[2026-07-10 23:37:42] TRADE MATCHED: Ticker: TCS | Buy Order: 6732 | Sell Order: 7147 | Price: ₹3150.82 | Qty: 7 | Total: ₹22055.74
[2026-07-10 23:37:42] TRADE MATCHED: Ticker: TCS | Buy Order: 6974 | Sell Order: 7147 | Price: ₹3149.89 | Qty: 3 | Total: ₹9449.67
[2026-07-10 23:37:42] TRADE MATCHED: Ticker: TCS | Buy Order: 3251 | Sell Order: 7147 | Price: ₹3148.49 | Qty: 4 | Total: ₹12593.96
[2026-07-10 23:37:46] TRADE MATCHED: Ticker: RELIANCE | Buy Order: 6872 | Sell Order: 7150 | Price: ₹2260.41 | Qty: 8 | Total: ₹18083.28
[2026-07-10 23:37:48] TRADE MATCHED: Ticker: SUNPHARMA | Buy Order: 7151 | Sell Order: 7095 | Price: ₹1056.27 | Qty: 3 | Total: ₹3168.81
[2026-07-10 23:37:53] TRADE MATCHED: Ticker: HDFCBANK | Buy Order: 7109 | Sell Order: 7156 | Price: ₹1581.02 | Qty: 5 | Total: ₹7905.10
[2026-07-10 23:37:56] TRADE MATCHED: Ticker: HDFCBANK | Buy Order: 7158 | Sell Order: 6971 | Price: ₹1595.17 | Qty: 4 | Total: ₹6380.68
[2026-07-10 23:37:56] TRADE MATCHED: Ticker: HDFCBANK | Buy Order: 7158 | Sell Order: 6734 | Price: ₹1596.01 | Qty: 3 | Total: ₹4788.03
[2026-07-10 23:37:56] TRADE MATCHED: Ticker: HDFCBANK | Buy Order: 7158 | Sell Order: 6572 | Price: ₹1596.79 | Qty: 2 | Total: ₹3193.58
[2026-07-10 23:37:57] TRADE MATCHED: Ticker: TCS | Buy Order: 3251 | Sell Order: 7159 | Price: ₹3148.49 | Qty: 7 | Total: ₹22039.43
[2026-07-10 23:38:02] TRADE MATCHED: Ticker: SUNPHARMA | Buy Order: 6636 | Sell Order: 7162 | Price: ₹1047.40 | Qty: 6 | Total: ₹6284.40
[2026-07-10 23:38:02] TRADE MATCHED: Ticker: SUNPHARMA | Buy Order: 3206 | Sell Order: 7162 | Price: ₹1047.36 | Qty: 8 | Total: ₹8378.88
[2026-07-10 23:38:04] TRADE MATCHED: Ticker: SUNPHARMA | Buy Order: 3206 | Sell Order: 7165 | Price: ₹1047.36 | Qty: 3 | Total: ₹3142.08
[2026-07-10 23:38:04] TRADE MATCHED: Ticker: SUNPHARMA | Buy Order: 5381 | Sell Order: 7165 | Price: ₹1047.30 | Qty: 2 | Total: ₹2094.60
[2026-07-10 23:38:06] TRADE MATCHED: Ticker: SUNPHARMA | Buy Order: 5381 | Sell Order: 7167 | Price: ₹1047.30 | Qty: 3 | Total: ₹3141.90
[2026-07-10 23:38:10] TRADE MATCHED: Ticker: TATAMOTORS | Buy Order: 7171 | Sell Order: 7125 | Price: ₹639.68 | Qty: 6 | Total: ₹3838.08
[2026-07-10 23:38:10] TRADE MATCHED: Ticker: TATAMOTORS | Buy Order: 7171 | Sell Order: 7164 | Price: ₹642.58 | Qty: 3 | Total: ₹1927.74
[2026-07-10 23:38:10] TRADE MATCHED: Ticker: TATAMOTORS | Buy Order: 7171 | Sell Order: 7160 | Price: ₹645.73 | Qty: 3 | Total: ₹1937.19
[2026-07-10 23:38:20] TRADE MATCHED: Ticker: SUNPHARMA | Buy Order: 5381 | Sell Order: 7179 | Price: ₹1047.30 | Qty: 8 | Total: ₹8378.40
[2026-07-10 23:38:20] TRADE MATCHED: Ticker: SUNPHARMA | Buy Order: 4137 | Sell Order: 7179 | Price: ₹1047.27 | Qty: 6 | Total: ₹6283.62
[2026-07-10 23:38:22] TRADE MATCHED: Ticker: SUNPHARMA | Buy Order: 4137 | Sell Order: 7181 | Price: ₹1047.27 | Qty: 3 | Total: ₹3141.81
[2026-07-10 23:38:22] TRADE MATCHED: Ticker: SUNPHARMA | Buy Order: 4221 | Sell Order: 7181 | Price: ₹1047.27 | Qty: 8 | Total: ₹8378.16
[2026-07-10 23:38:22] TRADE MATCHED: Ticker: SUNPHARMA | Buy Order: 3011 | Sell Order: 7181 | Price: ₹1047.21 | Qty: 3 | Total: ₹3141.63
[2026-07-10 23:38:23] TRADE MATCHED: Ticker: HDFCBANK | Buy Order: 7182 | Sell Order: 6572 | Price: ₹1596.79 | Qty: 6 | Total: ₹9580.74
[2026-07-10 23:38:23] TRADE MATCHED: Ticker: HDFCBANK | Buy Order: 7182 | Sell Order: 6606 | Price: ₹1596.94 | Qty: 3 | Total: ₹4790.82
[2026-07-10 23:38:30] TRADE MATCHED: Ticker: SUNPHARMA | Buy Order: 5170 | Sell Order: 7186 | Price: ₹1046.82 | Qty: 5 | Total: ₹5234.10
[2026-07-10 23:38:32] TRADE MATCHED: Ticker: TCS | Buy Order: 3758 | Sell Order: 7189 | Price: ₹3148.19 | Qty: 8 | Total: ₹25185.52
[2026-07-10 23:38:39] TRADE MATCHED: Ticker: HDFCBANK | Buy Order: 7188 | Sell Order: 7194 | Price: ₹1589.10 | Qty: 6 | Total: ₹9534.60
[2026-07-10 23:38:40] TRADE MATCHED: Ticker: SUNPHARMA | Buy Order: 5170 | Sell Order: 7196 | Price: ₹1046.82 | Qty: 3 | Total: ₹3140.46
[2026-07-10 23:38:40] TRADE MATCHED: Ticker: SUNPHARMA | Buy Order: 3912 | Sell Order: 7196 | Price: ₹1046.63 | Qty: 11 | Total: ₹11512.93
[2026-07-10 23:38:45] TRADE MATCHED: Ticker: SUNPHARMA | Buy Order: 3912 | Sell Order: 7199 | Price: ₹1046.63 | Qty: 2 | Total: ₹2093.26
[2026-07-10 23:38:45] TRADE MATCHED: Ticker: SUNPHARMA | Buy Order: 6067 | Sell Order: 7199 | Price: ₹1046.58 | Qty: 3 | Total: ₹3139.74
[2026-07-10 23:38:48] TRADE MATCHED: Ticker: HDFCBANK | Buy Order: 7201 | Sell Order: 6606 | Price: ₹1596.94 | Qty: 4 | Total: ₹6387.76
[2026-07-10 23:38:49] TRADE MATCHED: Ticker: HDFCBANK | Buy Order: 7201 | Sell Order: 6575 | Price: ₹1597.03 | Qty: 3 | Total: ₹4791.09
[2026-07-10 23:38:49] TRADE MATCHED: Ticker: HDFCBANK | Buy Order: 7201 | Sell Order: 6266 | Price: ₹1597.09 | Qty: 1 | Total: ₹1597.09
[2026-07-10 23:38:55] TRADE MATCHED: Ticker: HDFCBANK | Buy Order: 7188 | Sell Order: 7206 | Price: ₹1589.10 | Qty: 1 | Total: ₹1589.10
[2026-07-10 23:38:55] TRADE MATCHED: Ticker: HDFCBANK | Buy Order: 7077 | Sell Order: 7206 | Price: ₹1573.93 | Qty: 5 | Total: ₹7869.65
[2026-07-10 23:38:57] TRADE MATCHED: Ticker: TCS | Buy Order: 7207 | Sell Order: 7175 | Price: ₹3167.89 | Qty: 10 | Total: ₹31678.90
[2026-07-10 23:38:57] TRADE MATCHED: Ticker: SUNPHARMA | Buy Order: 7208 | Sell Order: 7168 | Price: ₹1047.92 | Qty: 7 | Total: ₹7335.44
[2026-07-10 23:38:57] TRADE MATCHED: Ticker: SUNPHARMA | Buy Order: 7208 | Sell Order: 7193 | Price: ₹1048.03 | Qty: 4 | Total: ₹4192.12
[2026-07-10 23:38:58] TRADE MATCHED: Ticker: TCS | Buy Order: 7209 | Sell Order: 7175 | Price: ₹3167.89 | Qty: 2 | Total: ₹6335.78
[2026-07-10 23:39:02] TRADE MATCHED: Ticker: TATAMOTORS | Buy Order: 7198 | Sell Order: 7211 | Price: ₹642.09 | Qty: 4 | Total: ₹2568.36
[2026-07-10 23:39:07] TRADE MATCHED: Ticker: RELIANCE | Buy Order: 6872 | Sell Order: 7216 | Price: ₹2260.41 | Qty: 1 | Total: ₹2260.41
[2026-07-10 23:39:07] TRADE MATCHED: Ticker: RELIANCE | Buy Order: 6884 | Sell Order: 7216 | Price: ₹2259.26 | Qty: 3 | Total: ₹6777.78
[2026-07-10 23:39:07] TRADE MATCHED: Ticker: RELIANCE | Buy Order: 4419 | Sell Order: 7216 | Price: ₹2257.65 | Qty: 3 | Total: ₹6772.95
[2026-07-10 23:39:07] TRADE MATCHED: Ticker: RELIANCE | Buy Order: 4875 | Sell Order: 7216 | Price: ₹2257.46 | Qty: 7 | Total: ₹15802.22
[2026-07-10 23:39:10] TRADE MATCHED: Ticker: RELIANCE | Buy Order: 7218 | Sell Order: 7217 | Price: ₹2281.99 | Qty: 7 | Total: ₹15973.93
[2026-07-10 23:39:15] TRADE MATCHED: Ticker: SUNPHARMA | Buy Order: 3865 | Sell Order: 7222 | Price: ₹1046.19 | Qty: 4 | Total: ₹4184.76
[2026-07-10 23:39:15] TRADE MATCHED: Ticker: SUNPHARMA | Buy Order: 2426 | Sell Order: 7222 | Price: ₹1046.05 | Qty: 8 | Total: ₹8368.40
[2026-07-10 23:39:19] TRADE MATCHED: Ticker: RELIANCE | Buy Order: 7223 | Sell Order: 7219 | Price: ₹2263.30 | Qty: 3 | Total: ₹6789.90
[2026-07-10 23:39:19] TRADE MATCHED: Ticker: TCS | Buy Order: 7224 | Sell Order: 7175 | Price: ₹3167.89 | Qty: 2 | Total: ₹6335.78
[2026-07-10 23:39:23] TRADE MATCHED: Ticker: SUNPHARMA | Buy Order: 2426 | Sell Order: 7226 | Price: ₹1046.05 | Qty: 4 | Total: ₹4184.20
[2026-07-10 23:39:23] TRADE MATCHED: Ticker: SUNPHARMA | Buy Order: 6379 | Sell Order: 7226 | Price: ₹1045.96 | Qty: 4 | Total: ₹4183.84
[2026-07-10 23:39:23] TRADE MATCHED: Ticker: SUNPHARMA | Buy Order: 6379 | Sell Order: 7227 | Price: ₹1045.96 | Qty: 5 | Total: ₹5229.80
[2026-07-10 23:39:23] TRADE MATCHED: Ticker: HDFCBANK | Buy Order: 7077 | Sell Order: 7228 | Price: ₹1573.93 | Qty: 5 | Total: ₹7869.65
[2026-07-10 23:39:23] TRADE MATCHED: Ticker: HDFCBANK | Buy Order: 6746 | Sell Order: 7228 | Price: ₹1571.10 | Qty: 4 | Total: ₹6284.40
[2026-07-10 23:39:23] TRADE MATCHED: Ticker: HDFCBANK | Buy Order: 4126 | Sell Order: 7228 | Price: ₹1571.04 | Qty: 3 | Total: ₹4713.12
[2026-07-10 23:39:23] TRADE MATCHED: Ticker: HDFCBANK | Buy Order: 6137 | Sell Order: 7228 | Price: ₹1570.66 | Qty: 2 | Total: ₹3141.32
[2026-07-10 23:39:30] TRADE MATCHED: Ticker: SUNPHARMA | Buy Order: 7232 | Sell Order: 7193 | Price: ₹1048.03 | Qty: 3 | Total: ₹3144.09
[2026-07-10 23:39:32] TRADE MATCHED: Ticker: TATAMOTORS | Buy Order: 7234 | Sell Order: 7202 | Price: ₹642.23 | Qty: 5 | Total: ₹3211.15
[2026-07-10 23:39:32] TRADE MATCHED: Ticker: TATAMOTORS | Buy Order: 7234 | Sell Order: 7177 | Price: ₹644.78 | Qty: 4 | Total: ₹2579.12
[2026-07-10 23:39:35] TRADE MATCHED: Ticker: TATAMOTORS | Buy Order: 7235 | Sell Order: 7238 | Price: ₹642.57 | Qty: 2 | Total: ₹1285.14
[2026-07-10 23:39:36] TRADE MATCHED: Ticker: TATAMOTORS | Buy Order: 7198 | Sell Order: 7238 | Price: ₹642.09 | Qty: 9 | Total: ₹5778.81
[2026-07-10 23:39:39] TRADE MATCHED: Ticker: RELIANCE | Buy Order: 7242 | Sell Order: 7219 | Price: ₹2263.30 | Qty: 3 | Total: ₹6789.90
[2026-07-10 23:39:45] TRADE MATCHED: Ticker: HDFCBANK | Buy Order: 6137 | Sell Order: 7247 | Price: ₹1570.66 | Qty: 5 | Total: ₹7853.30
[2026-07-10 23:39:49] TRADE MATCHED: Ticker: HDFCBANK | Buy Order: 6137 | Sell Order: 7250 | Price: ₹1570.66 | Qty: 2 | Total: ₹3141.32
[2026-07-10 23:39:49] TRADE MATCHED: Ticker: HDFCBANK | Buy Order: 5254 | Sell Order: 7250 | Price: ₹1570.58 | Qty: 11 | Total: ₹17276.38
[2026-07-10 23:39:49] TRADE MATCHED: Ticker: HDFCBANK | Buy Order: 3881 | Sell Order: 7250 | Price: ₹1570.57 | Qty: 1 | Total: ₹1570.57
[2026-07-10 23:39:50] TRADE MATCHED: Ticker: RELIANCE | Buy Order: 7251 | Sell Order: 7239 | Price: ₹2265.51 | Qty: 5 | Total: ₹11327.55
[2026-07-10 23:39:55] TRADE MATCHED: Ticker: TATAMOTORS | Buy Order: 7221 | Sell Order: 7256 | Price: ₹638.34 | Qty: 1 | Total: ₹638.34
[2026-07-10 23:39:55] TRADE MATCHED: Ticker: TATAMOTORS | Buy Order: 7126 | Sell Order: 7256 | Price: ₹637.35 | Qty: 6 | Total: ₹3824.10
[2026-07-10 23:39:55] TRADE MATCHED: Ticker: TATAMOTORS | Buy Order: 6201 | Sell Order: 7256 | Price: ₹634.68 | Qty: 4 | Total: ₹2538.72
[2026-07-10 23:39:55] TRADE MATCHED: Ticker: TATAMOTORS | Buy Order: 6798 | Sell Order: 7256 | Price: ₹634.34 | Qty: 1 | Total: ₹634.34
[2026-07-10 23:39:56] TRADE MATCHED: Ticker: RELIANCE | Buy Order: 7252 | Sell Order: 7257 | Price: ₹2261.75 | Qty: 6 | Total: ₹13570.50
[2026-07-10 23:39:56] TRADE MATCHED: Ticker: RELIANCE | Buy Order: 7255 | Sell Order: 7257 | Price: ₹2258.67 | Qty: 1 | Total: ₹2258.67
[2026-07-10 23:40:00] TRADE MATCHED: Ticker: HDFCBANK | Buy Order: 7261 | Sell Order: 7254 | Price: ₹1575.51 | Qty: 4 | Total: ₹6302.04
[2026-07-10 23:40:00] TRADE MATCHED: Ticker: HDFCBANK | Buy Order: 7261 | Sell Order: 7237 | Price: ₹1578.96 | Qty: 11 | Total: ₹17368.56
[2026-07-10 23:40:07] TRADE MATCHED: Ticker: SUNPHARMA | Buy Order: 7236 | Sell Order: 7266 | Price: ₹1047.79 | Qty: 8 | Total: ₹8382.32
[2026-07-10 23:40:08] TRADE MATCHED: Ticker: TATAMOTORS | Buy Order: 6798 | Sell Order: 7267 | Price: ₹634.34 | Qty: 6 | Total: ₹3806.04
[2026-07-10 23:40:08] TRADE MATCHED: Ticker: TATAMOTORS | Buy Order: 6344 | Sell Order: 7267 | Price: ₹634.20 | Qty: 6 | Total: ₹3805.20
[2026-07-10 23:40:08] TRADE MATCHED: Ticker: SUNPHARMA | Buy Order: 7236 | Sell Order: 7268 | Price: ₹1047.79 | Qty: 6 | Total: ₹6286.74
[2026-07-10 23:40:09] TRADE MATCHED: Ticker: SUNPHARMA | Buy Order: 6379 | Sell Order: 7268 | Price: ₹1045.96 | Qty: 4 | Total: ₹4183.84
[2026-07-10 23:40:09] TRADE MATCHED: Ticker: SUNPHARMA | Buy Order: 6036 | Sell Order: 7268 | Price: ₹1045.93 | Qty: 2 | Total: ₹2091.86
[2026-07-10 23:40:11] TRADE MATCHED: Ticker: HDFCBANK | Buy Order: 3881 | Sell Order: 7269 | Price: ₹1570.57 | Qty: 7 | Total: ₹10993.99
[2026-07-10 23:40:11] TRADE MATCHED: Ticker: HDFCBANK | Buy Order: 6073 | Sell Order: 7269 | Price: ₹1570.51 | Qty: 1 | Total: ₹1570.51
[2026-07-10 23:40:13] TRADE MATCHED: Ticker: TCS | Buy Order: 5002 | Sell Order: 7270 | Price: ₹3147.79 | Qty: 5 | Total: ₹15738.95
[2026-07-10 23:40:18] TRADE MATCHED: Ticker: SUNPHARMA | Buy Order: 6036 | Sell Order: 7273 | Price: ₹1045.93 | Qty: 12 | Total: ₹12551.16
[2026-07-10 23:40:18] TRADE MATCHED: Ticker: SUNPHARMA | Buy Order: 2480 | Sell Order: 7273 | Price: ₹1045.74 | Qty: 2 | Total: ₹2091.48
[2026-07-10 23:40:18] TRADE MATCHED: Ticker: RELIANCE | Buy Order: 7255 | Sell Order: 7274 | Price: ₹2258.67 | Qty: 13 | Total: ₹29362.71
[2026-07-10 23:40:21] TRADE MATCHED: Ticker: RELIANCE | Buy Order: 4875 | Sell Order: 7275 | Price: ₹2257.46 | Qty: 8 | Total: ₹18059.68
[2026-07-10 23:40:21] TRADE MATCHED: Ticker: RELIANCE | Buy Order: 5643 | Sell Order: 7275 | Price: ₹2257.44 | Qty: 2 | Total: ₹4514.88
[2026-07-10 23:40:23] TRADE MATCHED: Ticker: RELIANCE | Buy Order: 7277 | Sell Order: 7239 | Price: ₹2265.51 | Qty: 4 | Total: ₹9062.04
[2026-07-10 23:40:26] TRADE MATCHED: Ticker: TCS | Buy Order: 5002 | Sell Order: 7278 | Price: ₹3147.79 | Qty: 4 | Total: ₹12591.16
[2026-07-10 23:40:26] TRADE MATCHED: Ticker: TCS | Buy Order: 7127 | Sell Order: 7278 | Price: ₹3147.70 | Qty: 1 | Total: ₹3147.70
[2026-07-10 23:40:26] TRADE MATCHED: Ticker: TCS | Buy Order: 4445 | Sell Order: 7278 | Price: ₹3147.34 | Qty: 4 | Total: ₹12589.36
[2026-07-10 23:40:28] TRADE MATCHED: Ticker: RELIANCE | Buy Order: 5643 | Sell Order: 7281 | Price: ₹2257.44 | Qty: 1 | Total: ₹2257.44
[2026-07-10 23:40:33] TRADE MATCHED: Ticker: TATAMOTORS | Buy Order: 7284 | Sell Order: 7285 | Price: ₹640.30 | Qty: 5 | Total: ₹3201.50
[2026-07-10 23:40:33] TRADE MATCHED: Ticker: TATAMOTORS | Buy Order: 7284 | Sell Order: 7262 | Price: ₹639.91 | Qty: 4 | Total: ₹2559.64
[2026-07-10 23:40:38] TRADE MATCHED: Ticker: SUNPHARMA | Buy Order: 2480 | Sell Order: 7290 | Price: ₹1045.74 | Qty: 4 | Total: ₹4182.96
[2026-07-10 23:40:38] TRADE MATCHED: Ticker: SUNPHARMA | Buy Order: 7178 | Sell Order: 7290 | Price: ₹1045.60 | Qty: 11 | Total: ₹11501.60
[2026-07-10 23:40:39] TRADE MATCHED: Ticker: SUNPHARMA | Buy Order: 7178 | Sell Order: 7291 | Price: ₹1045.60 | Qty: 2 | Total: ₹2091.20
[2026-07-10 23:40:39] TRADE MATCHED: Ticker: SUNPHARMA | Buy Order: 3947 | Sell Order: 7291 | Price: ₹1045.50 | Qty: 2 | Total: ₹2091.00
[2026-07-10 23:40:39] TRADE MATCHED: Ticker: SUNPHARMA | Buy Order: 7249 | Sell Order: 7291 | Price: ₹1045.40 | Qty: 2 | Total: ₹2090.80
[2026-07-10 23:40:39] TRADE MATCHED: Ticker: SUNPHARMA | Buy Order: 3488 | Sell Order: 7291 | Price: ₹1045.37 | Qty: 5 | Total: ₹5226.85
[2026-07-10 23:40:47] TRADE MATCHED: Ticker: SUNPHARMA | Buy Order: 5305 | Sell Order: 7299 | Price: ₹1045.35 | Qty: 5 | Total: ₹5226.75
[2026-07-10 23:40:48] TRADE MATCHED: Ticker: SUNPHARMA | Buy Order: 3832 | Sell Order: 7299 | Price: ₹1045.34 | Qty: 7 | Total: ₹7317.38
[2026-07-10 23:40:48] TRADE MATCHED: Ticker: SUNPHARMA | Buy Order: 3832 | Sell Order: 7300 | Price: ₹1045.34 | Qty: 5 | Total: ₹5226.70
[2026-07-10 23:40:49] TRADE MATCHED: Ticker: TATAMOTORS | Buy Order: 7301 | Sell Order: 7297 | Price: ₹636.66 | Qty: 1 | Total: ₹636.66
[2026-07-10 23:40:51] TRADE MATCHED: Ticker: RELIANCE | Buy Order: 5643 | Sell Order: 7303 | Price: ₹2257.44 | Qty: 8 | Total: ₹18059.52
[2026-07-10 23:40:51] TRADE MATCHED: Ticker: RELIANCE | Buy Order: 5832 | Sell Order: 7303 | Price: ₹2256.55 | Qty: 4 | Total: ₹9026.20
[2026-07-10 23:40:52] TRADE MATCHED: Ticker: RELIANCE | Buy Order: 5191 | Sell Order: 7303 | Price: ₹2255.58 | Qty: 1 | Total: ₹2255.58
[2026-07-10 23:40:58] TRADE MATCHED: Ticker: RELIANCE | Buy Order: 5191 | Sell Order: 7309 | Price: ₹2255.58 | Qty: 4 | Total: ₹9022.32
[2026-07-10 23:41:07] TRADE MATCHED: Ticker: TCS | Buy Order: 7316 | Sell Order: 7259 | Price: ₹3150.68 | Qty: 2 | Total: ₹6301.36
[2026-07-10 23:41:07] TRADE MATCHED: Ticker: HDFCBANK | Buy Order: 7287 | Sell Order: 7317 | Price: ₹1570.93 | Qty: 12 | Total: ₹18851.16
[2026-07-10 23:41:07] TRADE MATCHED: Ticker: HDFCBANK | Buy Order: 6073 | Sell Order: 7317 | Price: ₹1570.51 | Qty: 1 | Total: ₹1570.51
[2026-07-10 23:41:13] TRADE MATCHED: Ticker: TATAMOTORS | Buy Order: 6344 | Sell Order: 7323 | Price: ₹634.20 | Qty: 2 | Total: ₹1268.40
[2026-07-10 23:41:13] TRADE MATCHED: Ticker: TATAMOTORS | Buy Order: 6852 | Sell Order: 7323 | Price: ₹634.11 | Qty: 1 | Total: ₹634.11
[2026-07-10 23:41:15] TRADE MATCHED: Ticker: SUNPHARMA | Buy Order: 7324 | Sell Order: 7295 | Price: ₹1046.62 | Qty: 1 | Total: ₹1046.62
[2026-07-10 23:41:18] TRADE MATCHED: Ticker: HDFCBANK | Buy Order: 6073 | Sell Order: 7326 | Price: ₹1570.51 | Qty: 5 | Total: ₹7852.55
[2026-07-10 23:41:22] TRADE MATCHED: Ticker: TCS | Buy Order: 4445 | Sell Order: 7330 | Price: ₹3147.34 | Qty: 1 | Total: ₹3147.34
[2026-07-10 23:41:22] TRADE MATCHED: Ticker: TCS | Buy Order: 3681 | Sell Order: 7330 | Price: ₹3147.32 | Qty: 6 | Total: ₹18883.92
[2026-07-10 23:41:24] TRADE MATCHED: Ticker: RELIANCE | Buy Order: 7314 | Sell Order: 7332 | Price: ₹2269.88 | Qty: 4 | Total: ₹9079.52
[2026-07-10 23:41:28] TRADE MATCHED: Ticker: TATAMOTORS | Buy Order: 6852 | Sell Order: 7336 | Price: ₹634.11 | Qty: 3 | Total: ₹1902.33
[2026-07-10 23:41:33] TRADE MATCHED: Ticker: RELIANCE | Buy Order: 7339 | Sell Order: 7334 | Price: ₹2273.63 | Qty: 3 | Total: ₹6820.89
[2026-07-10 23:41:38] TRADE MATCHED: Ticker: TATAMOTORS | Buy Order: 7344 | Sell Order: 7319 | Price: ₹635.79 | Qty: 8 | Total: ₹5086.32
[2026-07-10 23:41:45] TRADE MATCHED: Ticker: RELIANCE | Buy Order: 7314 | Sell Order: 7350 | Price: ₹2269.88 | Qty: 8 | Total: ₹18159.04
[2026-07-10 23:41:45] TRADE MATCHED: Ticker: TCS | Buy Order: 3681 | Sell Order: 7351 | Price: ₹3147.32 | Qty: 4 | Total: ₹12589.28
[2026-07-10 23:41:45] TRADE MATCHED: Ticker: TCS | Buy Order: 3938 | Sell Order: 7351 | Price: ₹3147.14 | Qty: 3 | Total: ₹9441.42
[2026-07-10 23:41:45] TRADE MATCHED: Ticker: TCS | Buy Order: 6400 | Sell Order: 7351 | Price: ₹3147.05 | Qty: 4 | Total: ₹12588.20
[2026-07-10 23:41:47] TRADE MATCHED: Ticker: SUNPHARMA | Buy Order: 7353 | Sell Order: 7295 | Price: ₹1046.62 | Qty: 3 | Total: ₹3139.86
[2026-07-10 23:41:47] TRADE MATCHED: Ticker: SUNPHARMA | Buy Order: 7353 | Sell Order: 7193 | Price: ₹1048.03 | Qty: 4 | Total: ₹4192.12
[2026-07-10 23:41:47] TRADE MATCHED: Ticker: SUNPHARMA | Buy Order: 7353 | Sell Order: 7349 | Price: ₹1048.37 | Qty: 8 | Total: ₹8386.96
[2026-07-10 23:41:50] TRADE MATCHED: Ticker: TCS | Buy Order: 7355 | Sell Order: 7338 | Price: ₹3153.31 | Qty: 8 | Total: ₹25226.48
[2026-07-10 23:41:50] TRADE MATCHED: Ticker: TCS | Buy Order: 7355 | Sell Order: 7264 | Price: ₹3168.66 | Qty: 5 | Total: ₹15843.30
[2026-07-10 23:41:51] TRADE MATCHED: Ticker: RELIANCE | Buy Order: 7340 | Sell Order: 7356 | Price: ₹2265.51 | Qty: 2 | Total: ₹4531.02
[2026-07-10 23:41:51] TRADE MATCHED: Ticker: RELIANCE | Buy Order: 7329 | Sell Order: 7356 | Price: ₹2264.72 | Qty: 5 | Total: ₹11323.60
[2026-07-10 23:41:52] TRADE MATCHED: Ticker: RELIANCE | Buy Order: 7357 | Sell Order: 7334 | Price: ₹2273.63 | Qty: 4 | Total: ₹9094.52
[2026-07-10 23:41:52] TRADE MATCHED: Ticker: RELIANCE | Buy Order: 7357 | Sell Order: 7305 | Price: ₹2274.97 | Qty: 7 | Total: ₹15924.79
[2026-07-10 23:41:56] TRADE MATCHED: Ticker: TATAMOTORS | Buy Order: 7361 | Sell Order: 7319 | Price: ₹635.79 | Qty: 4 | Total: ₹2543.16
[2026-07-10 23:42:01] TRADE MATCHED: Ticker: RELIANCE | Buy Order: 7365 | Sell Order: 7305 | Price: ₹2274.97 | Qty: 3 | Total: ₹6824.91
